timestamp,value,prediction_training,prediction,label
2013-10-09 16:25:00,9926554.0,1.0,1.0,0
2013-10-09 16:30:00,50745578.0,1.0,1.0,0
2013-10-09 16:35:00,61519397.0,1.0,1.0,0
2013-10-09 16:40:00,55996401.0,1.0,1.0,0
2013-10-09 16:45:00,40876988.0,1.0,1.0,0
2013-10-09 16:50:00,27578939.0,1.0,1.0,0
2013-10-09 16:55:00,21556437.0,1.0,1.0,0
2013-10-09 17:00:00,17440444.6,1.0,1.0,0
2013-10-09 17:05:00,15573374.0,1.0,1.0,0
2013-10-09 17:10:00,16861197.6,1.0,1.0,0
2013-10-09 17:15:00,15478144.6,1.0,1.0,0
2013-10-09 17:20:00,13678676.6,1.0,1.0,0
2013-10-09 17:25:00,11499313.8,1.0,1.0,0
2013-10-09 17:30:00,12124202.8,1.0,1.0,0
2013-10-09 17:35:00,9052782.8,1.0,1.0,0
2013-10-09 17:40:00,8203117.2,1.0,1.0,0
2013-10-09 17:45:00,8309003.0,1.0,1.0,0
2013-10-09 17:50:00,7288143.8,1.0,1.0,0
2013-10-09 17:55:00,8049176.2,1.0,1.0,0
2013-10-09 18:00:00,7444835.6,1.0,1.0,0
2013-10-09 18:05:00,6954155.4,1.0,1.0,0
2013-10-09 18:10:00,7231045.0,1.0,1.0,0
2013-10-09 18:15:00,8040165.8,1.0,1.0,0
2013-10-09 18:20:00,8041010.6,1.0,1.0,0
2013-10-09 18:25:00,8631127.0,1.0,1.0,0
2013-10-09 18:30:00,10871151.8,1.0,1.0,0
2013-10-09 18:35:00,12124409.6,1.0,1.0,0
2013-10-09 18:40:00,13318374.8,1.0,1.0,0
2013-10-09 18:45:00,13666994.4,1.0,1.0,0
2013-10-09 18:50:00,14298954.0,1.0,1.0,0
2013-10-09 18:55:00,12679300.0,1.0,1.0,0
2013-10-09 19:00:00,13892004.8,1.0,1.0,0
2013-10-09 19:05:00,14145179.8,1.0,1.0,0
2013-10-09 19:10:00,13505345.2,1.0,1.0,0
2013-10-09 19:15:00,12603028.8,1.0,1.0,0
2013-10-09 19:20:00,12435453.8,1.0,1.0,0
2013-10-09 19:25:00,12193640.4,1.0,1.0,0
2013-10-09 19:30:00,11542288.0,1.0,1.0,0
2013-10-09 19:35:00,11432968.6,1.0,1.0,0
2013-10-09 19:40:00,12384512.2,1.0,1.0,0
2013-10-09 19:45:00,11534099.6,1.0,1.0,0
2013-10-09 19:50:00,14190782.8,1.0,1.0,0
2013-10-09 19:55:00,10355034.8,1.0,1.0,0
2013-10-09 20:00:00,11658785.8,1.0,1.0,0
2013-10-09 20:05:00,11139206.8,1.0,1.0,0
2013-10-09 20:10:00,8083117.8,1.0,1.0,0
2013-10-09 20:15:00,8599227.6,1.0,1.0,0
2013-10-09 20:20:00,9273135.2,1.0,1.0,0
2013-10-09 20:25:00,10097324.2,1.0,1.0,0
2013-10-09 20:30:00,7103913.6,1.0,1.0,0
2013-10-09 20:35:00,6885343.0,1.0,1.0,0
2013-10-09 20:40:00,9448017.6,1.0,1.0,0
2013-10-09 20:45:00,9151835.2,1.0,1.0,0
2013-10-09 20:50:00,7744279.8,1.0,1.0,0
2013-10-09 20:55:00,8781789.8,1.0,1.0,0
2013-10-09 21:00:00,8182947.4,1.0,1.0,0
2013-10-09 21:05:00,8303328.2,1.0,1.0,0
2013-10-09 21:10:00,7031833.4,1.0,1.0,0
2013-10-09 21:15:00,8185888.6,1.0,1.0,0
2013-10-09 21:20:00,8057902.0,1.0,1.0,0
2013-10-09 21:25:00,7633338.0,1.0,1.0,0
2013-10-09 21:30:00,6917495.8,1.0,1.0,0
2013-10-09 21:35:00,6870317.0,1.0,1.0,0
2013-10-09 21:40:00,7294645.6,1.0,1.0,0
2013-10-09 21:45:00,5611490.2,1.0,1.0,0
2013-10-09 21:50:00,6072482.4,1.0,1.0,0
2013-10-09 21:55:00,5285099.8,1.0,1.0,0
2013-10-09 22:00:00,6168137.2,1.0,1.0,0
2013-10-09 22:05:00,5984117.8,1.0,1.0,0
2013-10-09 22:10:00,5378818.4,1.0,1.0,0
2013-10-09 22:15:00,4649463.4,1.0,1.0,0
2013-10-09 22:20:00,4785452.6,1.0,1.0,0
2013-10-09 22:25:00,3547037.6,1.0,1.0,0
2013-10-09 22:30:00,4001507.2,1.0,1.0,0
2013-10-09 22:35:00,3605455.2,1.0,1.0,0
2013-10-09 22:40:00,3690194.0,1.0,1.0,0
2013-10-09 22:45:00,3352156.8,1.0,1.0,0
2013-10-09 22:50:00,3301986.2,1.0,1.0,0
2013-10-09 22:55:00,3269069.2,1.0,1.0,0
2013-10-09 23:00:00,3290852.4,1.0,1.0,0
2013-10-09 23:05:00,1511772.6,1.0,1.0,0
2013-10-09 23:10:00,1361081.2,1.0,1.0,0
2013-10-09 23:15:00,1313713.0,1.0,1.0,0
2013-10-09 23:20:00,2147718.8,1.0,1.0,0
2013-10-09 23:25:00,1998864.2,1.0,1.0,0
2013-10-09 23:30:00,1534170.4,1.0,1.0,0
2013-10-09 23:35:00,978077.0,1.0,1.0,0
2013-10-09 23:40:00,974482.6,1.0,1.0,0
2013-10-09 23:45:00,1120244.0,1.0,1.0,0
2013-10-09 23:50:00,1041381.4,1.0,1.0,0
2013-10-09 23:55:00,1315852.8,1.0,1.0,0
2013-10-10 00:00:00,1663223.0,1.0,1.0,0
2013-10-10 00:05:00,881168.6,1.0,1.0,0
2013-10-10 00:10:00,864271.8,1.0,1.0,0
2013-10-10 00:15:00,831722.8,1.0,1.0,0
2013-10-10 00:20:00,1025884.6,1.0,1.0,0
2013-10-10 00:25:00,1056338.6,1.0,1.0,0
2013-10-10 00:30:00,1342641.2,1.0,1.0,0
2013-10-10 00:35:00,901321.4,1.0,1.0,0
2013-10-10 00:40:00,994254.0,1.0,1.0,0
2013-10-10 00:45:00,995340.2,1.0,1.0,0
2013-10-10 00:50:00,1042389.8,1.0,1.0,0
2013-10-10 00:55:00,1468524.8,1.0,1.0,0
2013-10-10 01:00:00,1874774.4,1.0,1.0,0
2013-10-10 01:05:00,1068452.6,1.0,1.0,0
2013-10-10 01:10:00,997374.4,1.0,1.0,0
2013-10-10 01:15:00,1185431.8,1.0,1.0,0
2013-10-10 01:20:00,1253500.4,1.0,1.0,0
2013-10-10 01:25:00,1019610.0,1.0,1.0,0
2013-10-10 01:30:00,1467012.8,1.0,1.0,0
2013-10-10 01:35:00,889605.0,1.0,1.0,0
2013-10-10 01:40:00,825968.8,1.0,1.0,0
2013-10-10 01:45:00,944624.6,1.0,1.0,0
2013-10-10 01:50:00,1014397.6,1.0,1.0,0
2013-10-10 01:55:00,985993.2,1.0,1.0,0
2013-10-10 02:00:00,1556147.0,1.0,1.0,0
2013-10-10 02:05:00,918924.2,1.0,1.0,0
2013-10-10 02:10:00,946216.0,1.0,1.0,0
2013-10-10 02:15:00,1203311.6,1.0,1.0,0
2013-10-10 02:20:00,818717.8,1.0,1.0,0
2013-10-10 02:25:00,1271861.4,1.0,1.0,0
2013-10-10 02:30:00,1249426.0,1.0,1.0,0
2013-10-10 02:35:00,959763.2,1.0,1.0,0
2013-10-10 02:40:00,894922.6,1.0,1.0,0
2013-10-10 02:45:00,1035031.6,1.0,1.0,0
2013-10-10 02:50:00,1291079.8,1.0,1.0,0
2013-10-10 02:55:00,1066712.6,1.0,1.0,0
2013-10-10 03:00:00,2790829.8,1.0,1.0,0
2013-10-10 03:05:00,2466770.6,1.0,1.0,0
2013-10-10 03:10:00,3168191.8,1.0,1.0,0
2013-10-10 03:15:00,1362582.2,1.0,1.0,0
2013-10-10 03:20:00,1203811.0,1.0,1.0,0
2013-10-10 03:25:00,892913.2,1.0,1.0,0
2013-10-10 03:30:00,1422962.0,1.0,1.0,0
2013-10-10 03:35:00,1272848.0,1.0,1.0,0
2013-10-10 03:40:00,1383750.2,1.0,1.0,0
2013-10-10 03:45:00,973746.4,1.0,1.0,0
2013-10-10 03:50:00,1240975.6,1.0,1.0,0
2013-10-10 03:55:00,1022294.6,1.0,1.0,0
2013-10-10 04:00:00,1794335.0,1.0,1.0,0
2013-10-10 04:05:00,1261058.8,1.0,1.0,0
2013-10-10 04:10:00,1260534.4,1.0,1.0,0
2013-10-10 04:15:00,1064257.4,1.0,1.0,0
2013-10-10 04:20:00,1027933.8,1.0,1.0,0
2013-10-10 04:25:00,959238.6,1.0,1.0,0
2013-10-10 04:30:00,955490.2,1.0,1.0,0
2013-10-10 04:35:00,1219726.6,1.0,1.0,0
2013-10-10 04:40:00,944099.2,1.0,1.0,0
2013-10-10 04:45:00,789781.0,1.0,1.0,0
2013-10-10 04:50:00,1506217.2,1.0,1.0,0
2013-10-10 04:55:00,1009633.4,1.0,1.0,0
2013-10-10 05:00:00,1910032.4,1.0,1.0,0
2013-10-10 05:05:00,1004299.4,1.0,1.0,0
2013-10-10 05:10:00,800122.2,1.0,1.0,0
2013-10-10 05:15:00,1414346.8,1.0,1.0,0
2013-10-10 05:20:00,1114365.6,1.0,1.0,0
2013-10-10 05:25:00,1222933.0,1.0,1.0,0
2013-10-10 05:30:00,1177306.6,1.0,1.0,0
2013-10-10 05:35:00,936231.0,1.0,1.0,0
2013-10-10 05:40:00,1086114.8,1.0,1.0,0
2013-10-10 05:45:00,865114.8,1.0,1.0,0
2013-10-10 05:50:00,1058657.6,1.0,1.0,0
2013-10-10 05:55:00,1002185.8,1.0,1.0,0
2013-10-10 06:00:00,1487688.6,1.0,1.0,0
2013-10-10 06:05:00,1031687.8,1.0,1.0,0
2013-10-10 06:10:00,821456.4,1.0,1.0,0
2013-10-10 06:15:00,898685.4,1.0,1.0,0
2013-10-10 06:20:00,920632.8,1.0,1.0,0
2013-10-10 06:25:00,1260650.8,1.0,1.0,0
2013-10-10 06:30:00,1028933.8,1.0,1.0,0
2013-10-10 06:35:00,792172.0,1.0,1.0,0
2013-10-10 06:40:00,936512.8,1.0,1.0,0
2013-10-10 06:45:00,1188596.2,1.0,1.0,0
2013-10-10 06:50:00,1166070.0,1.0,1.0,0
2013-10-10 06:55:00,924183.8,1.0,1.0,0
2013-10-10 07:00:00,1702998.0,1.0,1.0,0
2013-10-10 07:05:00,2861705.2,1.0,1.0,0
2013-10-10 07:10:00,1146903.4,1.0,1.0,0
2013-10-10 07:15:00,1051866.2,1.0,1.0,0
2013-10-10 07:20:00,1196833.4,1.0,1.0,0
2013-10-10 07:25:00,1439759.4,1.0,1.0,0
2013-10-10 07:30:00,1084365.8,1.0,1.0,0
2013-10-10 07:35:00,1227197.8,1.0,1.0,0
2013-10-10 07:40:00,951286.8,1.0,1.0,0
2013-10-10 07:45:00,909773.0,1.0,1.0,0
2013-10-10 07:50:00,1673980.6,1.0,1.0,0
2013-10-10 07:55:00,1239774.4,1.0,1.0,0
2013-10-10 08:00:00,1623926.4,1.0,1.0,0
2013-10-10 08:05:00,1899871.8,1.0,1.0,0
2013-10-10 08:10:00,1061869.4,1.0,1.0,0
2013-10-10 08:15:00,1169978.4,1.0,1.0,0
2013-10-10 08:20:00,1309258.8,1.0,1.0,0
2013-10-10 08:25:00,1400611.4,1.0,1.0,0
2013-10-10 08:30:00,1478794.0,1.0,1.0,0
2013-10-10 08:35:00,1154915.6,1.0,1.0,0
2013-10-10 08:40:00,1119468.6,1.0,1.0,0
2013-10-10 08:45:00,1315528.4,1.0,1.0,0
2013-10-10 08:50:00,1316311.2,1.0,1.0,0
2013-10-10 08:55:00,1252876.6,1.0,1.0,0
2013-10-10 09:00:00,1611319.6,1.0,1.0,0
2013-10-10 09:05:00,1874347.2,1.0,1.0,0
2013-10-10 09:10:00,7734377.8,1.0,1.0,0
2013-10-10 09:15:00,21326575.6,1.0,1.0,0
2013-10-10 09:20:00,34239448.6,1.0,1.0,0
2013-10-10 09:25:00,39717876.0,1.0,1.0,0
2013-10-10 09:30:00,41614284.6,1.0,1.0,0
2013-10-10 09:35:00,46141497.6,1.0,1.0,0
2013-10-10 09:40:00,36632762.0,1.0,1.0,0
2013-10-10 09:45:00,22884266.2,1.0,1.0,0
2013-10-10 09:50:00,18195488.2,1.0,1.0,0
2013-10-10 09:55:00,14726156.8,1.0,1.0,0
2013-10-10 10:00:00,13021075.2,1.0,1.0,0
2013-10-10 10:05:00,12199362.0,1.0,1.0,0
2013-10-10 10:10:00,10825948.6,1.0,1.0,0
2013-10-10 10:15:00,9548127.6,1.0,1.0,0
2013-10-10 10:20:00,8109072.2,1.0,1.0,0
2013-10-10 10:25:00,8925800.4,1.0,1.0,0
2013-10-10 10:30:00,7765588.0,1.0,1.0,0
2013-10-10 10:35:00,6306836.6,1.0,1.0,1
2013-10-10 10:40:00,6912175.4,1.0,1.0,1
2013-10-10 10:45:00,8497172.4,1.0,1.0,1
2013-10-10 10:50:00,9570483.4,1.0,1.0,1
2013-10-10 10:55:00,10766459.6,1.0,1.0,1
2013-10-10 11:00:00,11728221.2,1.0,1.0,1
2013-10-10 11:05:00,12230082.2,1.0,1.0,1
2013-10-10 11:10:00,12685043.6,1.0,1.0,1
2013-10-10 11:15:00,13446408.0,1.0,1.0,1
2013-10-10 11:20:00,13995080.6,1.0,1.0,1
2013-10-10 11:25:00,14218029.8,1.0,1.0,1
2013-10-10 11:30:00,13467919.2,1.0,1.0,1
2013-10-10 11:35:00,13460836.0,1.0,1.0,1
2013-10-10 11:40:00,13809836.0,1.0,1.0,1
2013-10-10 11:45:00,14009019.0,1.0,1.0,1
2013-10-10 11:50:00,13084023.6,1.0,1.0,1
2013-10-10 11:55:00,12709564.2,1.0,1.0,1
2013-10-10 12:00:00,12814870.4,1.0,1.0,1
2013-10-10 12:05:00,11877359.0,1.0,1.0,1
2013-10-10 12:10:00,11696078.2,1.0,1.0,1
2013-10-10 12:15:00,11996982.8,1.0,1.0,1
2013-10-10 12:20:00,11997259.8,1.0,1.0,1
2013-10-10 12:25:00,11376455.0,1.0,1.0,1
2013-10-10 12:30:00,11210009.4,1.0,1.0,1
2013-10-10 12:35:00,9479133.6,1.0,1.0,1
2013-10-10 12:40:00,8772188.6,1.0,1.0,1
2013-10-10 12:45:00,7232056.8,1.0,1.0,1
2013-10-10 12:50:00,5023842.2,1.0,1.0,1
2013-10-10 12:55:00,4625737.4,1.0,1.0,1
2013-10-10 13:00:00,4001864.8,1.0,1.0,1
2013-10-10 13:05:00,3590778.4,1.0,1.0,1
2013-10-10 13:10:00,3459420.2,1.0,1.0,1
2013-10-10 13:15:00,4111032.6,1.0,1.0,1
2013-10-10 13:20:00,4421097.4,1.0,1.0,1
2013-10-10 13:25:00,4455026.0,1.0,1.0,1
2013-10-10 13:30:00,7491621.6,1.0,1.0,1
2013-10-10 13:35:00,6655292.6,1.0,1.0,1
2013-10-10 13:40:00,5443550.2,1.0,1.0,1
2013-10-10 13:45:00,6155358.2,1.0,1.0,1
2013-10-10 13:50:00,6492683.4,1.0,1.0,1
2013-10-10 13:55:00,6950044.0,1.0,1.0,1
2013-10-10 14:00:00,6841478.0,1.0,1.0,1
2013-10-10 14:05:00,6484278.0,1.0,1.0,1
2013-10-10 14:10:00,6224288.0,1.0,1.0,1
2013-10-10 14:15:00,6695084.8,1.0,1.0,1
2013-10-10 14:20:00,6520807.0,1.0,1.0,1
2013-10-10 14:25:00,4169085.8,1.0,1.0,1
2013-10-10 14:30:00,3935875.6,1.0,1.0,1
2013-10-10 14:35:00,3871600.0,1.0,1.0,1
2013-10-10 14:40:00,4002291.2,1.0,1.0,1
2013-10-10 14:45:00,3947186.2,1.0,1.0,1
2013-10-10 14:50:00,4353851.6,1.0,1.0,1
2013-10-10 14:55:00,4353784.6,1.0,1.0,1
2013-10-10 15:00:00,5099945.0,1.0,1.0,1
2013-10-10 15:05:00,5771032.8,1.0,1.0,1
2013-10-10 15:10:00,6843186.0,1.0,1.0,1
2013-10-10 15:15:00,5279036.4,1.0,1.0,1
2013-10-10 15:20:00,6496034.2,1.0,1.0,1
2013-10-10 15:25:00,4476881.4,1.0,1.0,1
2013-10-10 15:30:00,7500000.4,1.0,1.0,1
2013-10-10 15:35:00,4549360.8,1.0,1.0,1
2013-10-10 15:40:00,4837703.4,1.0,1.0,1
2013-10-10 15:45:00,5145406.0,1.0,1.0,1
2013-10-10 15:50:00,5235980.4,1.0,1.0,0
2013-10-10 15:55:00,4608298.0,1.0,1.0,0
2013-10-10 16:00:00,4648481.0,1.0,1.0,0
2013-10-10 16:05:00,5222922.0,1.0,1.0,0
2013-10-10 16:10:00,5018915.4,1.0,1.0,0
2013-10-10 16:15:00,6171433.4,1.0,1.0,0
2013-10-10 16:20:00,5202479.8,1.0,1.0,0
2013-10-10 16:25:00,3324062.0,1.0,1.0,0
2013-10-10 16:30:00,5081782.8,1.0,1.0,0
2013-10-10 16:35:00,4249074.6,1.0,1.0,0
2013-10-10 16:40:00,4199818.6,1.0,1.0,0
2013-10-10 16:45:00,5219494.2,1.0,1.0,0
2013-10-10 16:50:00,4694730.2,1.0,1.0,0
2013-10-10 16:55:00,6152926.2,1.0,1.0,0
2013-10-10 17:00:00,5550911.8,1.0,1.0,0
2013-10-10 17:05:00,4896396.0,1.0,1.0,0
2013-10-10 17:10:00,5670213.8,1.0,1.0,0
2013-10-10 17:15:00,4850725.4,1.0,1.0,0
2013-10-10 17:20:00,4571890.4,1.0,1.0,0
2013-10-10 17:25:00,4536476.8,1.0,1.0,0
2013-10-10 17:30:00,4437847.2,1.0,1.0,0
2013-10-10 17:35:00,5375253.2,1.0,1.0,0
2013-10-10 17:40:00,4312917.2,1.0,1.0,0
2013-10-10 17:45:00,3983407.8,1.0,1.0,0
2013-10-10 17:50:00,4300847.6,1.0,1.0,0
2013-10-10 17:55:00,4406236.0,1.0,1.0,0
2013-10-10 18:00:00,4374796.8,1.0,1.0,0
2013-10-10 18:05:00,3936344.4,1.0,1.0,1
2013-10-10 18:10:00,3846504.4,1.0,1.0,1
2013-10-10 18:15:00,3692155.2,1.0,1.0,1
2013-10-10 18:20:00,3217057.0,1.0,1.0,1
2013-10-10 18:25:00,3820828.8,1.0,1.0,1
2013-10-10 18:30:00,4718348.6,1.0,1.0,1
2013-10-10 18:35:00,3415757.8,1.0,1.0,1
2013-10-10 18:40:00,4203280.8,1.0,1.0,1
2013-10-10 18:45:00,3655304.0,1.0,1.0,1
2013-10-10 18:50:00,3335873.0,1.0,1.0,1
2013-10-10 18:55:00,3137363.0,1.0,1.0,1
2013-10-10 19:00:00,3636906.4,1.0,1.0,1
2013-10-10 19:05:00,3469994.6,1.0,1.0,1
2013-10-10 19:10:00,3291118.6,1.0,1.0,1
2013-10-10 19:15:00,3582063.0,1.0,1.0,1
2013-10-10 19:20:00,3177593.0,1.0,1.0,1
2013-10-10 19:25:00,3183260.8,1.0,1.0,1
2013-10-10 19:30:00,2701991.8,1.0,1.0,1
2013-10-10 19:35:00,2756069.0,1.0,1.0,1
2013-10-10 19:40:00,3424595.0,1.0,1.0,1
2013-10-10 19:45:00,2716830.0,1.0,1.0,1
2013-10-10 19:50:00,2595576.6,1.0,1.0,1
2013-10-10 19:55:00,3246679.0,1.0,1.0,1
2013-10-10 20:00:00,2800273.6,1.0,1.0,1
2013-10-10 20:05:00,2484272.0,1.0,1.0,1
2013-10-10 20:10:00,2227412.4,1.0,1.0,1
2013-10-10 20:15:00,2684762.6,1.0,1.0,1
2013-10-10 20:20:00,3560943.0,1.0,1.0,1
2013-10-10 20:25:00,3986034.8,1.0,1.0,1
2013-10-10 20:30:00,4382304.2,1.0,1.0,1
2013-10-10 20:35:00,6511585.2,1.0,1.0,1
2013-10-10 20:40:00,13757010.4,1.0,1.0,1
2013-10-10 20:45:00,9203809.4,1.0,1.0,1
2013-10-10 20:50:00,5384941.6,1.0,1.0,1
2013-10-10 20:55:00,3715801.6,1.0,1.0,1
2013-10-10 21:00:00,3076906.8,1.0,1.0,1
2013-10-10 21:05:00,2981824.0,1.0,1.0,1
2013-10-10 21:10:00,2508304.8,1.0,1.0,1
2013-10-10 21:15:00,2873027.0,1.0,1.0,1
2013-10-10 21:20:00,2736929.8,1.0,1.0,1
2013-10-10 21:25:00,2852624.6,1.0,1.0,1
2013-10-10 21:30:00,2597563.6,1.0,1.0,1
2013-10-10 21:35:00,2299805.4,1.0,1.0,1
2013-10-10 21:40:00,2124006.6,1.0,1.0,1
2013-10-10 21:45:00,1843232.8,1.0,1.0,1
2013-10-10 21:50:00,2516452.4,1.0,1.0,1
2013-10-10 21:55:00,2635773.2,1.0,1.0,1
2013-10-10 22:00:00,2934168.6,1.0,1.0,1
2013-10-10 22:05:00,3165361.2,1.0,1.0,1
2013-10-10 22:10:00,2596034.8,1.0,1.0,1
2013-10-10 22:15:00,2365396.2,1.0,1.0,1
2013-10-10 22:20:00,2410592.4,1.0,1.0,1
2013-10-10 22:25:00,2411177.2,1.0,1.0,1
2013-10-10 22:30:00,2817637.0,1.0,1.0,1
2013-10-10 22:35:00,2420126.0,0.0,18787200.0,1
2013-10-10 22:40:00,2087740.6,0.0,18087700.0,1
2013-10-10 22:45:00,1964231.0,0.0,16889600.0,1
2013-10-10 22:50:00,2010772.4,0.0,14891300.0,1
2013-10-10 22:55:00,1781298.8,0.0,13507900.0,1
2013-10-10 23:00:00,2799522.0,0.0,12327900.0,1
2013-10-10 23:05:00,2338843.0,0.0,11922300.0,1
2013-10-10 23:10:00,1943066.8,0.0,11458600.0,1
2013-10-10 23:15:00,2518236.8,0.0,10894700.0,1
2013-10-10 23:20:00,3359710.8,0.0,10231600.0,0
2013-10-10 23:25:00,2119819.4,0.0,10864800.0,0
2013-10-10 23:30:00,2216677.4,0.0,10977600.0,0
2013-10-10 23:35:00,1922451.0,0.0,11842000.0,0
2013-10-10 23:40:00,2131340.4,0.0,12049400.0,0
2013-10-10 23:45:00,2174178.6,0.0,12433300.0,0
2013-10-10 23:50:00,2053342.8,0.0,12903700.0,0
2013-10-10 23:55:00,2500698.4,0.0,12864700.0,0
2013-10-11 00:00:00,2345290.8,0.0,12937100.0,0
2013-10-11 00:05:00,2157204.4,0.0,13024000.0,0
2013-10-11 00:10:00,2458691.2,0.0,12421800.0,0
2013-10-11 00:15:00,2451451.4,0.0,12878800.0,0
2013-10-11 00:20:00,2074059.4,0.0,13431600.0,0
2013-10-11 00:25:00,2823709.6,0.0,14377400.0,0
2013-10-11 00:30:00,3076168.6,0.0,15069300.0,0
2013-10-11 00:35:00,2733595.0,0.0,16196800.0,0
2013-10-11 00:40:00,2627582.6,0.0,16826400.0,0
2013-10-11 00:45:00,2571875.4,0.0,17007600.0,0
2013-10-11 00:50:00,2763043.4,0.0,18250600.0,0
2013-10-11 00:55:00,3373233.6,0.0,19507600.0,0
2013-10-11 01:00:00,2596747.2,0.0,20816800.0,0
2013-10-11 01:05:00,2573697.0,0.0,22376500.0,0
2013-10-11 01:10:00,2585580.8,0.0,22658400.0,0
2013-10-11 01:15:00,2926060.2,0.0,23315100.0,0
2013-10-11 01:20:00,2721994.2,0.0,24601100.0,0
2013-10-11 01:25:00,2826090.8,0.0,26091600.0,0
2013-10-11 01:30:00,3175531.0,0.0,27531100.0,0
2013-10-11 01:35:00,2783067.4,0.0,29226700.0,0
2013-10-11 01:40:00,2646577.8,0.0,30250700.0,0
2013-10-11 01:45:00,2249622.8,0.0,29888600.0,0
2013-10-11 01:50:00,2380653.2,0.0,29879100.0,0
2013-10-11 01:55:00,3353167.8,0.0,29993900.0,0
2013-10-11 02:00:00,2691037.4,0.0,30031300.0,0
2013-10-11 02:05:00,2815953.6,0.0,29896400.0,0
2013-10-11 02:10:00,2388228.8,0.0,28514700.0,0
2013-10-11 02:15:00,2607510.2,0.0,28219900.0,0
2013-10-11 02:20:00,2258206.2,0.0,27655100.0,0
2013-10-11 02:25:00,2119898.0,0.0,26601600.0,0
2013-10-11 02:30:00,2234826.6,0.0,25703200.0,0
2013-10-11 02:35:00,2029213.0,0.0,25574500.0,0
2013-10-11 02:40:00,2022639.2,0.0,24725000.0,0
2013-10-11 02:45:00,2477133.0,0.0,24456900.0,0
2013-10-11 02:50:00,2322718.8,0.0,23449800.0,0
2013-10-11 02:55:00,2451926.6,0.0,22936000.0,0
2013-10-11 03:00:00,3751994.8,0.0,22318300.0,0
2013-10-11 03:05:00,3835848.4,0.0,22168100.0,0
2013-10-11 03:10:00,4605135.8,0.0,21466100.0,0
2013-10-11 03:15:00,2598200.0,0.0,21550200.0,0
2013-10-11 03:20:00,2721577.4,0.0,21626300.0,0
2013-10-11 03:25:00,2402112.2,0.0,21055300.0,0
2013-10-11 03:30:00,2573645.6,0.0,20940300.0,0
2013-10-11 03:35:00,1869702.6,0.0,20532600.0,0
2013-10-11 03:40:00,2195341.8,0.0,19998200.0,0
2013-10-11 03:45:00,2179106.2,0.0,19367700.0,0
2013-10-11 03:50:00,2224773.8,0.0,19072200.0,0
2013-10-11 03:55:00,2051167.2,0.0,19391400.0,0
2013-10-11 04:00:00,2076078.6,0.0,18990900.0,0
2013-10-11 04:05:00,2338487.0,0.0,19896100.0,0
2013-10-11 04:10:00,2322368.6,0.0,18930300.0,0
2013-10-11 04:15:00,2213996.4,0.0,18754800.0,0
2013-10-11 04:20:00,1960851.4,0.0,15269400.0,0
2013-10-11 04:25:00,2122598.6,0.0,12726900.0,0
2013-10-11 04:30:00,2050746.2,0.0,11014900.0,0
2013-10-11 04:35:00,1663046.4,0.0,10822600.0,0
2013-10-11 04:40:00,1939977.0,0.0,11155200.0,0
2013-10-11 04:45:00,1737724.6,0.0,11314800.0,0
2013-10-11 04:50:00,2021960.8,0.0,10545700.0,0
2013-10-11 04:55:00,2004803.6,0.0,10393100.0,0
2013-10-11 05:00:00,2166114.6,0.0,9440540.0,0
2013-10-11 05:05:00,1853609.6,0.0,9593150.0,0
2013-10-11 05:10:00,1976750.8,0.0,9695150.0,0
2013-10-11 05:15:00,2105559.2,0.0,10288300.0,0
2013-10-11 05:20:00,1761453.0,0.0,10169800.0,0
2013-10-11 05:25:00,2153253.4,0.0,9857690.0,0
2013-10-11 05:30:00,1780847.8,0.0,9436520.0,0
2013-10-11 05:35:00,2041699.2,0.0,10007300.0,0
2013-10-11 05:40:00,1819123.4,0.0,10786000.0,0
2013-10-11 05:45:00,1892495.8,0.0,11232100.0,0
2013-10-11 05:50:00,2131994.0,0.0,11496000.0,0
2013-10-11 05:55:00,2037706.0,0.0,13450000.0,0
2013-10-11 06:00:00,2019189.0,0.0,13087200.0,0
2013-10-11 06:05:00,1799215.4,0.0,14210000.0,0
2013-10-11 06:10:00,1805860.4,0.0,13581700.0,0
2013-10-11 06:15:00,1768089.2,0.0,12884400.0,0
2013-10-11 06:20:00,2498414.8,0.0,13761000.0,0
2013-10-11 06:25:00,2238022.2,0.0,13078200.0,0
2013-10-11 06:30:00,2159250.6,0.0,13315700.0,0
2013-10-11 06:35:00,2639714.6,0.0,13129100.0,0
2013-10-11 06:40:00,2171903.2,0.0,12886400.0,0
2013-10-11 06:45:00,2519590.8,0.0,13899000.0,0
2013-10-11 06:50:00,2841035.4,0.0,13915800.0,0
2013-10-11 06:55:00,2955063.4,0.0,15255600.0,0
2013-10-11 07:00:00,2999436.2,0.0,15879200.0,0
2013-10-11 07:05:00,3614117.4,0.0,16536300.0,0
2013-10-11 07:10:00,3138828.0,0.0,16423700.0,0
2013-10-11 07:15:00,2943885.2,0.0,15641200.0,0
2013-10-11 07:20:00,3058868.2,0.0,15403600.0,0
2013-10-11 07:25:00,3485896.2,0.0,15606000.0,0
2013-10-11 07:30:00,3034602.4,0.0,15397700.0,0
2013-10-11 07:35:00,3229994.2,0.0,14816600.0,0
2013-10-11 07:40:00,3210041.0,0.0,14159500.0,0
2013-10-11 07:45:00,3268730.4,0.0,14594100.0,0
2013-10-11 07:50:00,4081030.8,0.0,14391600.0,0
2013-10-11 07:55:00,4146895.2,0.0,14506700.0,0
2013-10-11 08:00:00,3599528.0,0.0,13958700.0,0
2013-10-11 08:05:00,3779623.6,0.0,15129500.0,0
2013-10-11 08:10:00,3734695.8,0.0,17295200.0,0
2013-10-11 08:15:00,3843868.2,0.0,13797500.0,0
2013-10-11 08:20:00,3627613.4,0.0,12529900.0,0
2013-10-11 08:25:00,3246938.2,0.0,12326100.0,0
2013-10-11 08:30:00,3139698.4,0.0,11415400.0,0
2013-10-11 08:35:00,3022623.2,0.0,10810900.0,0
2013-10-11 08:40:00,3175430.4,0.0,10028400.0,0
2013-10-11 08:45:00,2937446.6,0.0,10287300.0,0
2013-10-11 08:50:00,2705773.0,0.0,10128200.0,0
2013-10-11 08:55:00,2281336.2,0.0,11917100.0,0
2013-10-11 09:00:00,2721626.8,0.0,12011700.0,0
2013-10-11 09:05:00,2526060.2,0.0,11858800.0,0
2013-10-11 09:10:00,1943263.0,0.0,12313900.0,0
2013-10-11 09:15:00,2115264.8,0.0,10072300.0,0
2013-10-11 09:20:00,1716114.6,0.0,9067570.0,0
2013-10-11 09:25:00,1689399.4,0.0,9014260.0,0
2013-10-11 09:30:00,1614255.4,0.0,9527260.0,0
2013-10-11 09:35:00,1586300.6,0.0,9866220.0,0
2013-10-11 09:40:00,1945050.0,0.0,8500990.0,0
2013-10-11 09:45:00,1419494.6,0.0,8981610.0,0
2013-10-11 09:50:00,2052665.4,0.0,9454480.0,0
2013-10-11 09:55:00,1503766.4,0.0,9508310.0,0
2013-10-11 10:00:00,1425593.8,0.0,9717260.0,0
2013-10-11 10:05:00,1564241.2,0.0,9964780.0,0
2013-10-11 10:10:00,1445060.2,0.0,10929800.0,0
2013-10-11 10:15:00,1402325.6,0.0,26680900.0,0
2013-10-11 10:20:00,1630047.2,0.0,47377600.0,0
2013-10-11 10:25:00,1315837.2,0.0,52503500.0,0
2013-10-11 10:30:00,1399811.8,0.0,50095200.0,0
2013-10-11 10:35:00,1653111.4,0.0,45585600.0,0
2013-10-11 10:40:00,1317575.4,0.0,41402800.0,0
2013-10-11 10:45:00,1333332.8,0.0,34336500.0,0
2013-10-11 10:50:00,1646857.6,0.0,26595700.0,0
2013-10-11 10:55:00,1436422.6,0.0,21351000.0,0
2013-10-11 11:00:00,1447339.2,0.0,17721600.0,0
2013-10-11 11:05:00,1613220.4,0.0,15709300.0,0
2013-10-11 11:10:00,1662310.2,0.0,14810500.0,0
2013-10-11 11:15:00,1545840.2,0.0,14316500.0,0
2013-10-11 11:20:00,2411798.8,0.0,14040600.0,0
2013-10-11 11:25:00,2392206.4,0.0,14030300.0,0
2013-10-11 11:30:00,2101047.4,0.0,14720900.0,0
2013-10-11 11:35:00,1488686.2,0.0,15419900.0,0
2013-10-11 11:40:00,2004115.6,0.0,16316300.0,0
2013-10-11 11:45:00,1691222.6,0.0,18042400.0,0
2013-10-11 11:50:00,2059449.4,0.0,19764900.0,0
2013-10-11 11:55:00,2161052.6,0.0,21062800.0,0
2013-10-11 12:00:00,2587023.0,0.0,22904900.0,0
2013-10-11 12:05:00,3038556.8,0.0,24488700.0,0
2013-10-11 12:10:00,3019801.6,0.0,25489300.0,0
2013-10-11 12:15:00,3016383.4,0.0,26426800.0,0
2013-10-11 12:20:00,3488911.0,0.0,27377600.0,0
2013-10-11 12:25:00,3639406.4,0.0,27939000.0,0
2013-10-11 12:30:00,4288769.2,0.0,27922300.0,0
2013-10-11 12:35:00,4508238.6,0.0,27597300.0,0
2013-10-11 12:40:00,3876246.2,0.0,27159400.0,0
2013-10-11 12:45:00,3620962.8,0.0,26669400.0,0
2013-10-11 12:50:00,4616707.2,0.0,26089500.0,0
2013-10-11 12:55:00,4108598.8,0.0,25558800.0,0
2013-10-11 13:00:00,4354785.6,0.0,25544300.0,0
2013-10-11 13:05:00,4086370.4,0.0,26056700.0,0
2013-10-11 13:10:00,4152349.6,0.0,26868100.0,0
2013-10-11 13:15:00,4059468.6,0.0,27852100.0,0
2013-10-11 13:20:00,4503811.6,0.0,29115100.0,0
2013-10-11 13:25:00,4255971.6,0.0,30036300.0,0
2013-10-11 13:30:00,4555081.6,0.0,30340600.0,0
2013-10-11 13:35:00,3962572.6,0.0,30383500.0,0
2013-10-11 13:40:00,4546405.8,0.0,29615800.0,0
2013-10-11 13:45:00,4112242.4,0.0,28653700.0,0
2013-10-11 13:50:00,3963009.4,0.0,27533900.0,0
2013-10-11 13:55:00,4264964.2,0.0,26286900.0,0
2013-10-11 14:00:00,4711787.0,0.0,25146700.0,0
2013-10-11 14:05:00,4008551.6,0.0,24113400.0,0
2013-10-11 14:10:00,3886748.4,0.0,23683000.0,0
2013-10-11 14:15:00,4360407.8,0.0,23292700.0,0
2013-10-11 14:20:00,3777113.6,0.0,22866500.0,0
2013-10-11 14:25:00,4448038.4,0.0,22544200.0,0
2013-10-11 14:30:00,4350720.0,0.0,22680000.0,0
2013-10-11 14:35:00,4000456.4,0.0,23255800.0,0
2013-10-11 14:40:00,3757759.0,0.0,23086100.0,0
2013-10-11 14:45:00,3714593.2,0.0,22920100.0,0
2013-10-11 14:50:00,3802077.8,0.0,22888500.0,0
2013-10-11 14:55:00,4170299.8,0.0,22639000.0,0
2013-10-11 15:00:00,5127343.2,0.0,22385600.0,0
2013-10-11 15:05:00,5878506.0,0.0,22052500.0,0
2013-10-11 15:10:00,7135374.6,0.0,22075300.0,0
2013-10-11 15:15:00,5958465.2,0.0,22609000.0,0
2013-10-11 15:20:00,5198396.6,0.0,23524000.0,0
2013-10-11 15:25:00,4433295.4,0.0,24050400.0,0
2013-10-11 15:30:00,4855605.8,0.0,23765000.0,0
2013-10-11 15:35:00,4924891.2,0.0,23073000.0,0
2013-10-11 15:40:00,4788996.0,0.0,21250100.0,0
2013-10-11 15:45:00,4697164.6,0.0,19774900.0,0
2013-10-11 15:50:00,4682754.0,0.0,19372100.0,0
2013-10-11 15:55:00,4119163.4,0.0,19418700.0,0
2013-10-11 16:00:00,5152299.2,0.0,19500800.0,0
2013-10-11 16:05:00,5840876.0,0.0,19606800.0,0
2013-10-11 16:10:00,4851767.2,0.0,19662200.0,0
2013-10-11 16:15:00,5146560.4,0.0,19816100.0,0
2013-10-11 16:20:00,4523770.8,0.0,19125500.0,0
2013-10-11 16:25:00,5435023.6,0.0,18757400.0,0
2013-10-11 16:30:00,4971937.8,0.0,17714900.0,0
2013-10-11 16:35:00,5635966.8,0.0,17547000.0,0
2013-10-11 16:40:00,5122805.8,0.0,16295700.0,0
2013-10-11 16:45:00,5066339.0,0.0,15557400.0,0
2013-10-11 16:50:00,5091821.0,0.0,14961000.0,0
2013-10-11 16:55:00,5286978.0,0.0,14363300.0,0
2013-10-11 17:00:00,4617354.2,0.0,14063400.0,0
2013-10-11 17:05:00,5074936.2,0.0,13570600.0,0
2013-10-11 17:10:00,4946120.0,0.0,13348000.0,0
2013-10-11 17:15:00,6072816.0,0.0,13308300.0,0
2013-10-11 17:20:00,5499821.0,0.0,13563500.0,0
2013-10-11 17:25:00,5616319.6,0.0,13301800.0,0
2013-10-11 17:30:00,6105407.6,0.0,13318400.0,0
2013-10-11 17:35:00,5154501.0,0.0,13394400.0,0
2013-10-11 17:40:00,4878282.2,0.0,13298400.0,0
2013-10-11 17:45:00,5460952.2,0.0,13077600.0,0
2013-10-11 17:50:00,5431154.6,0.0,13061500.0,0
2013-10-11 17:55:00,6670608.0,0.0,13226700.0,0
2013-10-11 18:00:00,6095858.6,0.0,13467400.0,0
2013-10-11 18:05:00,6956541.4,0.0,13183600.0,0
2013-10-11 18:10:00,6199730.6,0.0,13117000.0,0
2013-10-11 18:15:00,5714497.8,0.0,12408700.0,0
2013-10-11 18:20:00,6457977.6,0.0,11482800.0,0
2013-10-11 18:25:00,5753349.2,0.0,10975600.0,0
2013-10-11 18:30:00,6047827.2,0.0,10284100.0,0
2013-10-11 18:35:00,6658760.6,0.0,9326000.0,0
2013-10-11 18:40:00,5845224.0,0.0,9415470.0,0
2013-10-11 18:45:00,6342895.4,0.0,8565560.0,0
2013-10-11 18:50:00,6092819.0,0.0,8591610.0,0
2013-10-11 18:55:00,6495620.4,0.0,8554590.0,0
2013-10-11 19:00:00,6848253.4,0.0,8391460.0,0
2013-10-11 19:05:00,7022389.4,0.0,8658360.0,0
2013-10-11 19:10:00,6095139.6,0.0,8599020.0,0
2013-10-11 19:15:00,5196470.0,0.0,8666290.0,0
2013-10-11 19:20:00,6245523.6,0.0,7967220.0,0
2013-10-11 19:25:00,6063450.0,0.0,8248530.0,0
2013-10-11 19:30:00,5752171.4,0.0,8495630.0,0
2013-10-11 19:35:00,6961971.2,0.0,8327170.0,0
2013-10-11 19:40:00,5756761.6,0.0,8847530.0,0
2013-10-11 19:45:00,6439968.0,0.0,8558290.0,0
2013-10-11 19:50:00,6029420.4,0.0,8609590.0,0
2013-10-11 19:55:00,5526105.2,0.0,8546290.0,0
2013-10-11 20:00:00,5683547.4,0.0,8353690.0,0
2013-10-11 20:05:00,5640075.6,0.0,8787520.0,0
2013-10-11 20:10:00,5640589.8,0.0,8682470.0,0
2013-10-11 20:15:00,5567824.0,0.0,9228830.0,0
2013-10-11 20:20:00,5077413.0,0.0,9098490.0,0
2013-10-11 20:25:00,5764415.0,0.0,9195930.0,0
2013-10-11 20:30:00,6909404.8,0.0,9642400.0,0
2013-10-11 20:35:00,7339086.6,0.0,10089700.0,0
2013-10-11 20:40:00,10412561.6,0.0,10445100.0,0
2013-10-11 20:45:00,7364122.0,0.0,12070100.0,0
2013-10-11 20:50:00,5189782.4,0.0,10868600.0,0
2013-10-11 20:55:00,3723893.6,0.0,9516290.0,0
2013-10-11 21:00:00,6623585.8,0.0,8332300.0,0
2013-10-11 21:05:00,4414673.2,0.0,9363340.0,0
2013-10-11 21:10:00,9307313.4,0.0,8960440.0,0
2013-10-11 21:15:00,3958717.2,0.0,11135500.0,0
2013-10-11 21:20:00,4500197.4,0.0,9757730.0,0
2013-10-11 21:25:00,4809785.2,0.0,9645340.0,0
2013-10-11 21:30:00,4220875.4,0.0,9803280.0,0
2013-10-11 21:35:00,4678269.8,0.0,9451680.0,0
2013-10-11 21:40:00,4023287.8,0.0,10174700.0,0
2013-10-11 21:45:00,4025726.2,0.0,10232500.0,0
2013-10-11 21:50:00,4899668.2,0.0,11015100.0,0
2013-10-11 21:55:00,4500448.2,0.0,11674200.0,0
2013-10-11 22:00:00,5425124.2,0.0,11571000.0,0
2013-10-11 22:05:00,4736342.6,0.0,12349000.0,0
2013-10-11 22:10:00,3897116.4,0.0,12470900.0,0
2013-10-11 22:15:00,4175719.2,0.0,13698700.0,0
2013-10-11 22:20:00,3768877.4,0.0,14452900.0,0
2013-10-11 22:25:00,3633691.4,0.0,14463100.0,0
2013-10-11 22:30:00,3136307.2,0.0,14347800.0,0
2013-10-11 22:35:00,3600642.0,0.0,12528400.0,0
2013-10-11 22:40:00,3480859.4,0.0,11252200.0,0
2013-10-11 22:45:00,3182200.6,0.0,11427600.0,0
2013-10-11 22:50:00,3398359.6,0.0,10995400.0,0
2013-10-11 22:55:00,3428305.6,0.0,9922110.0,0
2013-10-11 23:00:00,3942081.2,0.0,8006500.0,0
2013-10-11 23:05:00,3610477.8,0.0,7122980.0,0
2013-10-11 23:10:00,2606589.8,0.0,7091300.0,0
2013-10-11 23:15:00,2532067.6,0.0,6884050.0,0
2013-10-11 23:20:00,3795175.8,0.0,8062090.0,0
2013-10-11 23:25:00,4031016.2,0.0,9411530.0,0
2013-10-11 23:30:00,3087124.6,0.0,10639300.0,0
2013-10-11 23:35:00,2645886.2,0.0,12405500.0,0
2013-10-11 23:40:00,2921061.8,0.0,12960000.0,0
2013-10-11 23:45:00,2868193.8,0.0,13461700.0,0
2013-10-11 23:50:00,3678312.0,0.0,12721000.0,0
2013-10-11 23:55:00,3993569.2,0.0,13060700.0,0
2013-10-12 00:00:00,3155317.8,0.0,12574100.0,0
2013-10-12 00:05:00,2577275.4,0.0,12501200.0,0
2013-10-12 00:10:00,2030924.2,0.0,12765600.0,0
2013-10-12 00:15:00,2691552.8,0.0,12330200.0,0
2013-10-12 00:20:00,2108746.2,0.0,11827000.0,0
2013-10-12 00:25:00,2602548.4,0.0,11686400.0,0
2013-10-12 00:30:00,2468735.6,0.0,11164100.0,0
2013-10-12 00:35:00,2507354.4,0.0,11501200.0,0
2013-10-12 00:40:00,2261713.8,0.0,11323800.0,0
2013-10-12 00:45:00,2457518.2,0.0,11846300.0,0
2013-10-12 00:50:00,2418719.6,0.0,11910200.0,0
2013-10-12 00:55:00,3111028.0,0.0,12907100.0,0
2013-10-12 01:00:00,3591372.8,0.0,13392900.0,0
2013-10-12 01:05:00,3041616.4,0.0,14359800.0,0
2013-10-12 01:10:00,2416064.8,0.0,14521900.0,0
2013-10-12 01:15:00,2395888.0,0.0,15101700.0,0
2013-10-12 01:20:00,2708144.6,0.0,16507800.0,0
2013-10-12 01:25:00,2907673.0,0.0,18404100.0,0
2013-10-12 01:30:00,2969344.6,0.0,19748200.0,0
2013-10-12 01:35:00,2668099.4,0.0,20879500.0,0
2013-10-12 01:40:00,3015050.0,0.0,20962200.0,0
2013-10-12 01:45:00,2737246.2,0.0,21285900.0,0
2013-10-12 01:50:00,3323086.0,0.0,21566800.0,0
2013-10-12 01:55:00,3542606.4,0.0,21636600.0,0
2013-10-12 02:00:00,3537503.4,0.0,21959300.0,0
2013-10-12 02:05:00,3174286.2,0.0,22282900.0,0
2013-10-12 02:10:00,3053158.4,0.0,22156800.0,0
2013-10-12 02:15:00,2712443.2,0.0,22102500.0,0
2013-10-12 02:20:00,3243322.6,0.0,22643700.0,0
2013-10-12 02:25:00,2970901.6,0.0,23302100.0,0
2013-10-12 02:30:00,3602252.0,0.0,23647800.0,0
2013-10-12 02:35:00,3767764.6,0.0,24827300.0,0
2013-10-12 02:40:00,3217024.8,0.0,25236100.0,0
2013-10-12 02:45:00,3623309.2,0.0,25585800.0,0
2013-10-12 02:50:00,3463932.6,0.0,25554400.0,0
2013-10-12 02:55:00,3473942.8,0.0,25676500.0,0
2013-10-12 03:00:00,4327528.2,0.0,26316300.0,0
2013-10-12 03:05:00,4953168.0,0.0,26781800.0,0
2013-10-12 03:10:00,6010022.0,0.0,26255200.0,0
2013-10-12 03:15:00,3792235.2,0.0,26020000.0,0
2013-10-12 03:20:00,5067495.2,0.0,25566800.0,0
2013-10-12 03:25:00,4178473.4,0.0,25540700.0,0
2013-10-12 03:30:00,3722183.4,0.0,24913200.0,0
2013-10-12 03:35:00,6000974.2,0.0,25054200.0,0
2013-10-12 03:40:00,3656226.2,0.0,24750400.0,0
2013-10-12 03:45:00,3946900.8,0.0,24343000.0,0
2013-10-12 03:50:00,3872716.2,0.0,23368600.0,0
2013-10-12 03:55:00,3954127.4,0.0,22817000.0,0
2013-10-12 04:00:00,3870564.8,0.0,22147500.0,0
2013-10-12 04:05:00,3812299.2,0.0,21920200.0,0
2013-10-12 04:10:00,3793134.4,0.0,20963200.0,0
2013-10-12 04:15:00,3610520.8,0.0,20713000.0,0
2013-10-12 04:20:00,4167550.6,0.0,20503300.0,0
2013-10-12 04:25:00,3844542.6,0.0,20439400.0,0
2013-10-12 04:30:00,4094993.0,0.0,20940300.0,0
2013-10-12 04:35:00,4207063.8,0.0,20532600.0,0
2013-10-12 04:40:00,4017962.2,0.0,19998200.0,0
2013-10-12 04:45:00,4211817.8,0.0,19367700.0,0
2013-10-12 04:50:00,4397386.8,0.0,19072200.0,0
2013-10-12 04:55:00,3821873.6,0.0,19391400.0,0
2013-10-12 05:00:00,3433559.8,0.0,18990900.0,0
2013-10-12 05:05:00,3552335.0,0.0,19896100.0,0
2013-10-12 05:10:00,2997523.4,0.0,18930300.0,0
2013-10-12 05:15:00,4158629.4,0.0,18754800.0,0
2013-10-12 05:20:00,3505453.6,0.0,15269400.0,0
2013-10-12 05:25:00,3596603.0,0.0,12726900.0,0
2013-10-12 05:30:00,3458603.8,0.0,11014900.0,0
2013-10-12 05:35:00,4103340.4,0.0,10822600.0,0
2013-10-12 05:40:00,3722259.6,0.0,15786600.0,0
2013-10-12 05:45:00,3310317.8,0.0,12458500.0,0
2013-10-12 05:50:00,3180112.2,0.0,10641600.0,0
2013-10-12 05:55:00,2763020.2,0.0,9732450.0,0
2013-10-12 06:00:00,3481835.8,0.0,8222410.0,0
2013-10-12 06:05:00,3115962.0,0.0,11853300.0,0
2013-10-12 06:10:00,3758110.6,0.0,9678510.0,0
2013-10-12 06:15:00,3146130.6,0.0,14566600.0,0
2013-10-12 06:20:00,3678237.8,0.0,10471000.0,0
2013-10-12 06:25:00,3332586.2,0.0,13394700.0,0
2013-10-12 06:30:00,3376556.8,0.0,8948370.0,0
2013-10-12 06:35:00,2932539.4,0.0,11871200.0,0
2013-10-12 06:40:00,3868952.0,0.0,8706660.0,0
2013-10-12 06:45:00,4180022.4,0.0,13108900.0,0
2013-10-12 06:50:00,2911885.2,0.0,9347810.0,0
2013-10-12 06:55:00,3045753.4,0.0,9051470.0,0
2013-10-12 07:00:00,3893686.2,0.0,12243800.0,0
2013-10-12 07:05:00,3498895.4,0.0,9986820.0,0
2013-10-12 07:10:00,2484609.8,0.0,13230200.0,0
2013-10-12 07:15:00,3153370.4,0.0,9430240.0,0
2013-10-12 07:20:00,2963782.0,0.0,12615100.0,0
2013-10-12 07:25:00,3208165.8,0.0,9918820.0,0
2013-10-12 07:30:00,3842270.6,0.0,9468180.0,0
2013-10-12 07:35:00,2712457.0,0.0,13797800.0,0
2013-10-12 07:40:00,2525058.4,0.0,10787600.0,0
2013-10-12 07:45:00,2654476.6,0.0,11940400.0,0
2013-10-12 07:50:00,2774432.8,0.0,11815200.0,0
2013-10-12 07:55:00,3125988.4,0.0,13585700.0,0
2013-10-12 08:00:00,2628484.4,0.0,14059400.0,0
2013-10-12 08:05:00,2750668.8,0.0,16335100.0,0
2013-10-12 08:10:00,2121267.8,0.0,17265600.0,0
2013-10-12 08:15:00,2423121.0,0.0,16882000.0,0
2013-10-12 08:20:00,2492465.2,0.0,19059800.0,0
2013-10-12 08:25:00,2205542.4,0.0,19037500.0,0
2013-10-12 08:30:00,2244046.4,0.0,20701800.0,0
2013-10-12 08:35:00,2289428.2,0.0,19508000.0,0
2013-10-12 08:40:00,2335671.2,0.0,21156000.0,0
2013-10-12 08:45:00,1986150.4,0.0,21385900.0,0
2013-10-12 08:50:00,1974910.2,0.0,21561900.0,0
2013-10-12 08:55:00,1931628.8,0.0,22858300.0,0
2013-10-12 09:00:00,2256923.0,0.0,22342100.0,0
2013-10-12 09:05:00,1563206.2,0.0,24018100.0,0
2013-10-12 09:10:00,1680554.4,0.0,24807700.0,0
2013-10-12 09:15:00,1435048.2,0.0,23685600.0,0
2013-10-12 09:20:00,1445570.2,0.0,22047300.0,0
2013-10-12 09:25:00,1230529.0,0.0,22323700.0,0
2013-10-12 09:30:00,1292470.8,0.0,21896400.0,0
2013-10-12 09:35:00,1377636.6,0.0,20925600.0,0
2013-10-12 09:40:00,1814704.4,0.0,20241700.0,0
2013-10-12 09:45:00,1646375.8,0.0,19700900.0,0
2013-10-12 09:50:00,1589812.0,0.0,19975000.0,0
2013-10-12 09:55:00,2908752.2,0.0,20993600.0,0
2013-10-12 10:00:00,2209294.8,0.0,20443600.0,0
2013-10-12 10:05:00,2293599.8,0.0,20354600.0,0
2013-10-12 10:10:00,2518515.2,0.0,19382800.0,0
2013-10-12 10:15:00,2368925.2,0.0,19923800.0,0
2013-10-12 10:20:00,2418048.6,0.0,17805800.0,0
2013-10-12 10:25:00,2574732.0,0.0,18190200.0,0
2013-10-12 10:30:00,2560719.6,0.0,17651800.0,0
2013-10-12 10:35:00,2998595.0,0.0,17912900.0,0
2013-10-12 10:40:00,2464394.8,0.0,15646900.0,0
2013-10-12 10:45:00,2695531.6,0.0,15018500.0,0
2013-10-12 10:50:00,2881381.6,0.0,15584700.0,0
2013-10-12 10:55:00,2912230.4,0.0,14952100.0,0
2013-10-12 11:00:00,3149090.6,0.0,14868100.0,0
2013-10-12 11:05:00,3296592.0,0.0,14767700.0,0
2013-10-12 11:10:00,3696286.2,0.0,14900200.0,0
2013-10-12 11:15:00,2925279.8,0.0,25185600.0,0
2013-10-12 11:20:00,3628548.8,0.0,43578000.0,0
2013-10-12 11:25:00,3048131.8,0.0,50474500.0,0
2013-10-12 11:30:00,2474744.6,0.0,48642400.0,0
2013-10-12 11:35:00,2733783.8,0.0,44447600.0,0
2013-10-12 11:40:00,2876619.2,0.0,40540700.0,0
2013-10-12 11:45:00,2426435.2,0.0,33700900.0,0
2013-10-12 11:50:00,2877881.2,0.0,26034400.0,0
2013-10-12 11:55:00,2236777.4,0.0,20856000.0,0
2013-10-12 12:00:00,2424895.6,0.0,17286200.0,0
2013-10-12 12:05:00,2036357.0,0.0,15319300.0,0
2013-10-12 12:10:00,3273247.8,0.0,14549800.0,0
2013-10-12 12:15:00,2225564.4,0.0,14075100.0,0
2013-10-12 12:20:00,2773553.4,0.0,13890600.0,0
2013-10-12 12:25:00,3272074.8,0.0,13912600.0,0
2013-10-12 12:30:00,2563503.8,0.0,14616400.0,0
2013-10-12 12:35:00,3315340.6,0.0,15419900.0,0
2013-10-12 12:40:00,2490231.6,0.0,16316300.0,0
2013-10-12 12:45:00,2685661.4,0.0,18042400.0,0
2013-10-12 12:50:00,2783047.8,0.0,19764900.0,0
2013-10-12 12:55:00,2494818.8,0.0,21062800.0,0
2013-10-12 13:00:00,2915377.0,0.0,22904900.0,0
2013-10-12 13:05:00,2100844.8,0.0,24488700.0,0
2013-10-12 13:10:00,2932784.4,0.0,25489300.0,0
2013-10-12 13:15:00,3113921.8,0.0,26426800.0,0
2013-10-12 13:20:00,2679085.2,0.0,27377600.0,0
2013-10-12 13:25:00,2981291.6,0.0,27939000.0,0
2013-10-12 13:30:00,3528916.2,0.0,27922300.0,0
2013-10-12 13:35:00,3714299.6,0.0,27597300.0,0
2013-10-12 13:40:00,2506308.4,0.0,27159400.0,0
2013-10-12 13:45:00,2977082.8,0.0,26669400.0,0
2013-10-12 13:50:00,2654474.0,0.0,26089500.0,0
2013-10-12 13:55:00,2747757.6,0.0,25558800.0,0
2013-10-12 14:00:00,3425450.2,0.0,25544300.0,0
2013-10-12 14:05:00,2860588.4,0.0,26056700.0,0
2013-10-12 14:10:00,2602600.6,0.0,26868100.0,0
2013-10-12 14:15:00,3064562.4,0.0,27852100.0,0
2013-10-12 14:20:00,2678636.4,0.0,29115100.0,0
2013-10-12 14:25:00,2811047.4,0.0,30036300.0,0
2013-10-12 14:30:00,2986170.0,0.0,30340600.0,0
2013-10-12 14:35:00,3030498.2,0.0,30383500.0,0
2013-10-12 14:40:00,1992914.2,0.0,29615800.0,0
2013-10-12 14:45:00,2307638.6,0.0,28653700.0,0
2013-10-12 14:50:00,2916463.0,0.0,27533900.0,0
2013-10-12 14:55:00,3218693.2,0.0,26286900.0,0
2013-10-12 15:00:00,4232165.4,0.0,25146700.0,0
2013-10-12 15:05:00,4293438.2,0.0,24113400.0,0
2013-10-12 15:10:00,5731243.0,0.0,23683000.0,0
2013-10-12 15:15:00,3331719.8,0.0,23292700.0,0
2013-10-12 15:20:00,3883587.8,0.0,22866500.0,0
2013-10-12 15:25:00,3271342.2,0.0,22544200.0,0
2013-10-12 15:30:00,2942843.2,0.0,22680000.0,0
2013-10-12 15:35:00,3694746.0,0.0,23255800.0,0
2013-10-12 15:40:00,3642126.4,0.0,23086100.0,0
2013-10-12 15:45:00,3734729.0,0.0,22920100.0,0
2013-10-12 15:50:00,3394430.6,0.0,22888500.0,0
2013-10-12 15:55:00,3529268.4,0.0,22639000.0,0
2013-10-12 16:00:00,3715568.8,0.0,22385600.0,0
2013-10-12 16:05:00,3746838.6,0.0,22052500.0,0
2013-10-12 16:10:00,4208361.2,0.0,22075300.0,0
2013-10-12 16:15:00,4003901.8,0.0,22609000.0,0
2013-10-12 16:20:00,3824163.8,0.0,23524000.0,0
2013-10-12 16:25:00,3375125.8,0.0,24050400.0,0
2013-10-12 16:30:00,3540937.0,0.0,23765000.0,0
2013-10-12 16:35:00,3146923.2,0.0,23073000.0,0
2013-10-12 16:40:00,4168467.0,0.0,21250100.0,0
2013-10-12 16:45:00,3349810.2,0.0,19774900.0,0
2013-10-12 16:50:00,3187740.8,0.0,19372100.0,0
2013-10-12 16:55:00,3217855.6,0.0,19418700.0,0
2013-10-12 17:00:00,3205658.2,0.0,19500800.0,0
2013-10-12 17:05:00,2214341.8,0.0,19606800.0,0
2013-10-12 17:10:00,2062268.8,0.0,19662200.0,0
2013-10-12 17:15:00,2550043.2,0.0,19816100.0,0
2013-10-12 17:20:00,2092985.2,0.0,19125500.0,0
2013-10-12 17:25:00,3150399.8,0.0,18757400.0,0
2013-10-12 17:30:00,2122509.2,0.0,17714900.0,0
2013-10-12 17:35:00,2788856.2,0.0,17547000.0,0
2013-10-12 17:40:00,2321360.2,0.0,16295700.0,0
2013-10-12 17:45:00,2890855.4,0.0,15557400.0,0
2013-10-12 17:50:00,4035097.6,0.0,14961000.0,0
2013-10-12 17:55:00,3497103.6,0.0,14395300.0,0
2013-10-12 18:00:00,3170049.2,0.0,13908200.0,0
2013-10-12 18:05:00,3004455.6,0.0,13574000.0,0
2013-10-12 18:10:00,3466245.8,0.0,13432500.0,0
2013-10-12 18:15:00,3331877.8,0.0,13404200.0,0
2013-10-12 18:20:00,2944188.8,0.0,13685100.0,0
2013-10-12 18:25:00,3491523.4,0.0,13309000.0,0
2013-10-12 18:30:00,4161306.2,0.0,12811700.0,0
2013-10-12 18:35:00,2824246.4,0.0,13242700.0,0
2013-10-12 18:40:00,3238769.0,0.0,13422900.0,0
2013-10-12 18:45:00,3347327.8,0.0,13549100.0,0
2013-10-12 18:50:00,3104582.8,0.0,13949800.0,0
2013-10-12 18:55:00,3044250.2,0.0,14156700.0,0
2013-10-12 19:00:00,3441568.0,0.0,14572200.0,0
2013-10-12 19:05:00,3898819.6,0.0,14250900.0,0
2013-10-12 19:10:00,3327445.8,0.0,13728700.0,0
2013-10-12 19:15:00,3769617.8,0.0,13648900.0,0
2013-10-12 19:20:00,4145610.0,0.0,12771100.0,0
2013-10-12 19:25:00,4461434.6,0.0,12057500.0,0
2013-10-12 19:30:00,3386405.4,0.0,11770300.0,0
2013-10-12 19:35:00,7170114.6,0.0,36195200.0,0
2013-10-12 19:40:00,3835937.6,0.0,41466400.0,0
2013-10-12 19:45:00,3849577.0,0.0,38540800.0,0
2013-10-12 19:50:00,4728437.0,0.0,31935200.0,0
2013-10-12 19:55:00,3653101.4,0.0,24522400.0,0
2013-10-12 20:00:00,3423475.4,0.0,18833800.0,0
2013-10-12 20:05:00,3319426.2,0.0,15056100.0,0
2013-10-12 20:10:00,3426644.4,0.0,13538700.0,0
2013-10-12 20:15:00,3285794.4,0.0,13454600.0,0
2013-10-12 20:20:00,3850047.6,0.0,13104900.0,0
2013-10-12 20:25:00,3685854.4,0.0,12654800.0,0
2013-10-12 20:30:00,3379478.6,0.0,12211700.0,0
2013-10-12 20:35:00,3566683.4,0.0,11944900.0,0
2013-10-12 20:40:00,3590507.8,0.0,12604700.0,0
2013-10-12 20:45:00,3402758.4,0.0,13692200.0,0
2013-10-12 20:50:00,3548430.0,0.0,14423400.0,0
2013-10-12 20:55:00,3619610.4,0.0,15992900.0,0
2013-10-12 21:00:00,3748961.4,0.0,17725200.0,0
2013-10-12 21:05:00,3559610.4,0.0,19150800.0,0
2013-10-12 21:10:00,5178590.8,0.0,20156100.0,0
2013-10-12 21:15:00,6822890.4,0.0,21952900.0,0
2013-10-12 21:20:00,3652706.2,0.0,23949800.0,0
2013-10-12 21:25:00,3923214.0,0.0,25371100.0,0
2013-10-12 21:30:00,3458745.6,0.0,26767200.0,0
2013-10-12 21:35:00,4955067.8,0.0,27751300.0,0
2013-10-12 21:40:00,4262822.6,0.0,28982200.0,0
2013-10-12 21:45:00,3248786.2,0.0,29164000.0,0
2013-10-12 21:50:00,2712873.6,0.0,29116000.0,0
2013-10-12 21:55:00,4488676.8,0.0,28796600.0,0
2013-10-12 22:00:00,3780386.6,0.0,28139800.0,0
2013-10-12 22:05:00,3801917.8,0.0,27946100.0,0
2013-10-12 22:10:00,3410020.4,0.0,27386600.0,0
2013-10-12 22:15:00,4013800.2,0.0,28224300.0,0
2013-10-12 22:20:00,3837695.0,0.0,28974100.0,0
2013-10-12 22:25:00,3715738.8,0.0,30049300.0,0
2013-10-12 22:30:00,3156862.4,0.0,31094100.0,0
2013-10-12 22:35:00,3447375.0,0.0,31347700.0,0
2013-10-12 22:40:00,3909523.0,0.0,31517900.0,0
2013-10-12 22:45:00,4083487.2,0.0,31388400.0,0
2013-10-12 22:50:00,3410969.8,0.0,30755100.0,0
2013-10-12 22:55:00,3630547.6,0.0,30098800.0,0
2013-10-12 23:00:00,3579646.0,0.0,28139000.0,0
2013-10-12 23:05:00,3518559.0,0.0,27119900.0,0
2013-10-12 23:10:00,3615376.2,0.0,25724800.0,0
2013-10-12 23:15:00,3579870.0,0.0,24328600.0,0
2013-10-12 23:20:00,3914775.4,0.0,22662700.0,0
2013-10-12 23:25:00,3026430.0,0.0,22419600.0,0
2013-10-12 23:30:00,3681278.0,0.0,22215100.0,0
2013-10-12 23:35:00,3655270.0,0.0,20855500.0,0
2013-10-12 23:40:00,3117778.6,0.0,20056500.0,0
2013-10-12 23:45:00,3464887.8,0.0,20225000.0,0
2013-10-12 23:50:00,3490145.6,0.0,20542500.0,0
2013-10-12 23:55:00,3530907.4,0.0,20852300.0,0
2013-10-13 00:00:00,3536547.4,0.0,20484300.0,0
2013-10-13 00:05:00,3438769.8,0.0,19751900.0,0
2013-10-13 00:10:00,2592687.8,0.0,19127700.0,0
2013-10-13 00:15:00,1960360.2,0.0,18878900.0,0
2013-10-13 00:20:00,2025196.8,0.0,19247700.0,0
2013-10-13 00:25:00,1716619.8,0.0,20236300.0,0
2013-10-13 00:30:00,1789308.0,0.0,21446200.0,0
2013-10-13 00:35:00,1892481.0,0.0,21592800.0,0
2013-10-13 00:40:00,1726840.4,0.0,19855800.0,0
2013-10-13 00:45:00,1878791.8,0.0,17408500.0,0
2013-10-13 00:50:00,1792245.2,0.0,15996200.0,0
2013-10-13 00:55:00,1458174.2,0.0,15792100.0,0
2013-10-13 01:00:00,1740755.8,0.0,15698100.0,0
2013-10-13 01:05:00,1807006.8,0.0,16270400.0,0
2013-10-13 01:10:00,2307076.8,0.0,16803700.0,0
2013-10-13 01:15:00,3108940.6,0.0,16695200.0,0
2013-10-13 01:20:00,3450633.2,0.0,16579600.0,0
2013-10-13 01:25:00,3664786.4,0.0,16882500.0,0
2013-10-13 01:30:00,4118068.8,0.0,16757200.0,0
2013-10-13 01:35:00,4053222.6,0.0,17178300.0,0
2013-10-13 01:40:00,4201796.4,0.0,17250900.0,0
2013-10-13 01:45:00,4304214.2,0.0,17714700.0,0
2013-10-13 01:50:00,4524176.6,0.0,17979800.0,0
2013-10-13 01:55:00,4352175.4,0.0,18012600.0,0
2013-10-13 02:00:00,4193209.2,0.0,18241700.0,0
2013-10-13 02:05:00,4482098.2,0.0,18339600.0,0
2013-10-13 02:10:00,4644432.8,0.0,18003100.0,0
2013-10-13 02:15:00,4435991.6,0.0,18117200.0,0
2013-10-13 02:20:00,4417648.0,0.0,18253700.0,0
2013-10-13 02:25:00,4486779.6,0.0,19084900.0,0
2013-10-13 02:30:00,4538636.0,0.0,19470000.0,0
2013-10-13 02:35:00,4461462.4,0.0,19953500.0,0
2013-10-13 02:40:00,4468985.0,0.0,20337400.0,0
2013-10-13 02:45:00,4612245.8,0.0,20916500.0,0
2013-10-13 02:50:00,4484731.4,0.0,21389500.0,0
2013-10-13 02:55:00,4642155.2,0.0,21819300.0,0
2013-10-13 03:00:00,4893176.2,0.0,22851600.0,0
2013-10-13 03:05:00,5549813.8,0.0,23301300.0,0
2013-10-13 03:10:00,6179932.6,0.0,23501300.0,0
2013-10-13 03:15:00,5105403.4,0.0,23894200.0,0
2013-10-13 03:20:00,4451766.6,0.0,24209700.0,0
2013-10-13 03:25:00,4481147.0,0.0,24507400.0,0
2013-10-13 03:30:00,4694028.6,0.0,24580500.0,0
2013-10-13 03:35:00,4430812.4,0.0,25106000.0,0
2013-10-13 03:40:00,4501812.4,0.0,25468700.0,0
2013-10-13 03:45:00,4637840.2,0.0,25404800.0,0
2013-10-13 03:50:00,4893904.4,0.0,25642100.0,0
2013-10-13 03:55:00,4580558.0,0.0,25334000.0,0
2013-10-13 04:00:00,4631284.0,0.0,25644500.0,0
2013-10-13 04:05:00,4510029.8,0.0,25553200.0,0
2013-10-13 04:10:00,4531931.8,0.0,24962600.0,0
2013-10-13 04:15:00,4951073.2,0.0,24729100.0,0
2013-10-13 04:20:00,4744324.6,0.0,24580100.0,0
2013-10-13 04:25:00,4864875.0,0.0,24215200.0,0
2013-10-13 04:30:00,4681125.8,0.0,23742700.0,0
2013-10-13 04:35:00,4368098.8,0.0,23958900.0,0
2013-10-13 04:40:00,4687881.2,0.0,23748000.0,0
2013-10-13 04:45:00,5001344.0,0.0,23456300.0,0
2013-10-13 04:50:00,4618461.8,0.0,23052000.0,0
2013-10-13 04:55:00,4584497.4,0.0,23041400.0,0
2013-10-13 05:00:00,4755072.8,0.0,22700800.0,0
2013-10-13 05:05:00,4852368.4,0.0,22731200.0,0
2013-10-13 05:10:00,4795987.8,0.0,22047500.0,0
2013-10-13 05:15:00,4832927.0,0.0,22053100.0,0
2013-10-13 05:20:00,4690033.4,0.0,21626300.0,0
2013-10-13 05:25:00,4729095.2,0.0,21055300.0,0
2013-10-13 05:30:00,4726369.6,0.0,20940300.0,0
2013-10-13 05:35:00,4429855.8,0.0,20532600.0,0
2013-10-13 05:40:00,4617503.6,0.0,19998200.0,0
2013-10-13 05:45:00,4952628.8,0.0,19367700.0,0
2013-10-13 05:50:00,4256910.4,0.0,19072200.0,0
2013-10-13 05:55:00,4674205.4,0.0,19391400.0,0
2013-10-13 06:00:00,4440490.8,0.0,18990900.0,0
2013-10-13 06:05:00,4634800.4,0.0,19896100.0,0
2013-10-13 06:10:00,4207472.8,0.0,18930300.0,0
2013-10-13 06:15:00,4063905.4,0.0,18754800.0,0
2013-10-13 06:20:00,4231708.6,0.0,15269400.0,0
2013-10-13 06:25:00,4443433.0,0.0,12726900.0,0
2013-10-13 06:30:00,4569577.8,0.0,16199100.0,0
2013-10-13 06:35:00,4232463.6,0.0,11965100.0,0
2013-10-13 06:40:00,4530729.6,0.0,15527000.0,0
2013-10-13 06:45:00,5188727.4,0.0,11343500.0,0
2013-10-13 06:50:00,3816894.8,0.0,15755000.0,0
2013-10-13 06:55:00,4050048.6,0.0,10099900.0,0
2013-10-13 07:00:00,4632655.0,0.0,12096200.0,0
2013-10-13 07:05:00,4331165.4,0.0,12954400.0,0
2013-10-13 07:10:00,4256816.4,0.0,12303100.0,0
2013-10-13 07:15:00,4514565.0,0.0,12115400.0,0
2013-10-13 07:20:00,4231642.8,0.0,11279200.0,0
2013-10-13 07:25:00,3996057.0,0.0,10129100.0,0
2013-10-13 07:30:00,3821746.8,0.0,8084030.0,0
2013-10-13 07:35:00,3693434.8,0.0,7918680.0,0
2013-10-13 07:40:00,4069099.2,0.0,6544010.0,0
2013-10-13 07:45:00,4101726.8,0.0,6915710.0,0
2013-10-13 07:50:00,4205671.8,0.0,6993550.0,0
2013-10-13 07:55:00,3989263.6,0.0,7432300.0,0
2013-10-13 08:00:00,3828862.0,0.0,6929400.0,0
2013-10-13 08:05:00,3641686.6,0.0,6033250.0,0
2013-10-13 08:10:00,3324261.6,0.0,6836150.0,0
2013-10-13 08:15:00,3584599.2,0.0,6057790.0,0
2013-10-13 08:20:00,3401789.8,0.0,6393710.0,0
2013-10-13 08:25:00,3171775.2,0.0,6844220.0,0
2013-10-13 08:30:00,2938971.8,0.0,6814830.0,0
2013-10-13 08:35:00,2675676.2,0.0,7313010.0,0
2013-10-13 08:40:00,2022947.8,0.0,6957590.0,0
2013-10-13 08:45:00,2613405.8,0.0,7445430.0,0
2013-10-13 08:50:00,3074915.6,0.0,8738060.0,0
2013-10-13 08:55:00,3454406.6,0.0,11511700.0,0
2013-10-13 09:00:00,3953057.8,0.0,10586900.0,0
2013-10-13 09:05:00,4346876.8,0.0,14308600.0,0
2013-10-13 09:10:00,4690494.2,0.0,13646900.0,0
2013-10-13 09:15:00,4601621.2,0.0,16907000.0,0
2013-10-13 09:20:00,1482509.2,0.0,15471800.0,0
2013-10-13 09:25:00,4149789.2,0.0,15578400.0,0
2013-10-13 09:30:00,5092226.4,0.0,17058700.0,0
2013-10-13 09:35:00,4921400.8,0.0,17324200.0,0
2013-10-13 09:40:00,4510003.6,0.0,18774900.0,0
2013-10-13 09:45:00,4857760.2,0.0,20461700.0,0
2013-10-13 09:50:00,4635341.4,0.0,21432000.0,0
2013-10-13 09:55:00,4752849.6,0.0,22685800.0,0
2013-10-13 10:00:00,4600516.4,0.0,23821900.0,0
2013-10-13 10:05:00,4467507.0,0.0,24524700.0,0
2013-10-13 10:10:00,4600820.2,0.0,26259100.0,0
2013-10-13 10:15:00,4466740.6,0.0,24639600.0,0
2013-10-13 10:20:00,4816356.0,0.0,25492100.0,0
2013-10-13 10:25:00,4412821.2,0.0,24780700.0,0
2013-10-13 10:30:00,4289461.2,0.0,24571500.0,0
2013-10-13 10:35:00,4806912.6,0.0,24357100.0,0
2013-10-13 10:40:00,4540884.6,0.0,24399600.0,0
2013-10-13 10:45:00,3973230.6,0.0,23720100.0,0
2013-10-13 10:50:00,4151312.0,0.0,23616000.0,0
2013-10-13 10:55:00,4408599.0,0.0,24041200.0,0
2013-10-13 11:00:00,4412467.0,0.0,23841000.0,0
2013-10-13 11:05:00,4014711.6,0.0,22923200.0,0
2013-10-13 11:10:00,4455661.4,0.0,23506000.0,0
2013-10-13 11:15:00,4518165.4,0.0,21860800.0,0
2013-10-13 11:20:00,5219553.4,0.0,21902400.0,0
2013-10-13 11:25:00,4529007.2,0.0,20441900.0,0
2013-10-13 11:30:00,5014467.6,0.0,20563300.0,0
2013-10-13 11:35:00,5091716.8,0.0,20087500.0,0
2013-10-13 11:40:00,4955261.0,0.0,18983300.0,0
2013-10-13 11:45:00,5129745.6,0.0,19124400.0,0
2013-10-13 11:50:00,5522536.0,0.0,18323500.0,0
2013-10-13 11:55:00,5466070.0,0.0,18715600.0,0
2013-10-13 12:00:00,5181228.2,0.0,18462000.0,0
2013-10-13 12:05:00,4971070.0,0.0,18417600.0,0
2013-10-13 12:10:00,5417314.4,0.0,18519900.0,0
2013-10-13 12:15:00,5381120.2,0.0,24093900.0,0
2013-10-13 12:20:00,5648711.4,0.0,39045400.0,0
2013-10-13 12:25:00,5237271.0,0.0,46547600.0,0
2013-10-13 12:30:00,4567196.6,0.0,45870800.0,0
2013-10-13 12:35:00,5010997.6,0.0,42244200.0,0
2013-10-13 12:40:00,4802090.8,0.0,38690300.0,0
2013-10-13 12:45:00,5512044.2,0.0,32213400.0,0
2013-10-13 12:50:00,5365367.0,0.0,24572600.0,0
2013-10-13 12:55:00,5359112.8,0.0,19620400.0,0
2013-10-13 13:00:00,5206969.0,0.0,16090300.0,0
2013-10-13 13:05:00,5441836.6,0.0,14317100.0,0
2013-10-13 13:10:00,5013968.8,0.0,12497600.0,0
2013-10-13 13:15:00,5087288.8,0.0,12319300.0,0
2013-10-13 13:20:00,4889297.0,0.0,12863300.0,0
2013-10-13 13:25:00,5113966.2,0.0,13904100.0,0
2013-10-13 13:30:00,5380729.2,0.0,15280100.0,0
2013-10-13 13:35:00,5135762.4,0.0,16918500.0,0
2013-10-13 13:40:00,5726463.8,0.0,18642500.0,0
2013-10-13 13:45:00,5152678.4,0.0,20617400.0,0
2013-10-13 13:50:00,5179141.4,0.0,22509500.0,0
2013-10-13 13:55:00,5313273.6,0.0,23875100.0,0
2013-10-13 14:00:00,4990068.0,0.0,25639600.0,0
2013-10-13 14:05:00,5135694.0,0.0,27216400.0,0
2013-10-13 14:10:00,4809917.0,0.0,28161600.0,0
2013-10-13 14:15:00,4837499.4,0.0,28989800.0,0
2013-10-13 14:20:00,5081224.0,0.0,29732900.0,0
2013-10-13 14:25:00,4846339.2,0.0,30201700.0,0
2013-10-13 14:30:00,4988007.0,0.0,29900600.0,0
2013-10-13 14:35:00,4598591.4,0.0,29306600.0,0
2013-10-13 14:40:00,4467228.2,0.0,28685500.0,0
2013-10-13 14:45:00,4261252.8,0.0,28091400.0,0
2013-10-13 14:50:00,5263430.8,0.0,27231800.0,0
2013-10-13 14:55:00,4741242.8,0.0,26438500.0,0
2013-10-13 15:00:00,5268673.4,0.0,26347400.0,0
2013-10-13 15:05:00,6355621.0,0.0,26701400.0,0
2013-10-13 15:10:00,6548625.4,0.0,27412700.0,0
2013-10-13 15:15:00,5110530.8,0.0,28256300.0,0
2013-10-13 15:20:00,5345068.8,0.0,29582500.0,0
2013-10-13 15:25:00,4738408.8,0.0,30465800.0,0
2013-10-13 15:30:00,5107021.4,0.0,30800100.0,0
2013-10-13 15:35:00,5235458.4,0.0,30820100.0,0
2013-10-13 15:40:00,5233619.6,0.0,30039600.0,0
2013-10-13 15:45:00,5029582.0,0.0,29110800.0,0
2013-10-13 15:50:00,4514236.8,0.0,27737000.0,0
2013-10-13 15:55:00,4910708.8,0.0,26321800.0,0
2013-10-13 16:00:00,4712074.4,0.0,24985400.0,0
2013-10-13 16:05:00,5420857.4,0.0,23780300.0,0
2013-10-13 16:10:00,5476916.2,0.0,23225300.0,0
2013-10-13 16:15:00,5125320.0,0.0,22768500.0,0
2013-10-13 16:20:00,5001679.4,0.0,22372700.0,0
2013-10-13 16:25:00,4980771.6,0.0,22109300.0,0
2013-10-13 16:30:00,5543129.2,0.0,22420100.0,0
2013-10-13 16:35:00,5178798.4,0.0,23230200.0,0
2013-10-13 16:40:00,5374906.8,0.0,23180500.0,0
2013-10-13 16:45:00,4965761.2,0.0,23212100.0,0
2013-10-13 16:50:00,4625607.6,0.0,23348800.0,0
2013-10-13 16:55:00,5155595.2,0.0,23369900.0,0
2013-10-13 17:00:00,4758968.4,0.0,23080300.0,0
2013-10-13 17:05:00,4846633.6,0.0,22815700.0,0
2013-10-13 17:10:00,4966854.2,0.0,23029700.0,0
2013-10-13 17:15:00,4799362.0,0.0,23662500.0,0
2013-10-13 17:20:00,5217818.2,0.0,24538100.0,0
2013-10-13 17:25:00,4846504.6,0.0,25037500.0,0
2013-10-13 17:30:00,4857580.0,0.0,24781500.0,0
2013-10-13 17:35:00,5305944.2,0.0,24241900.0,0
2013-10-13 17:40:00,5216126.8,0.0,22460600.0,0
2013-10-13 17:45:00,5126791.6,0.0,21017100.0,0
2013-10-13 17:50:00,4716540.8,0.0,20634400.0,0
2013-10-13 17:55:00,5194275.2,0.0,20686200.0,0
2013-10-13 18:00:00,4594784.4,0.0,20634800.0,0
2013-10-13 18:05:00,5313192.6,0.0,20485100.0,0
2013-10-13 18:10:00,5349453.4,0.0,20333600.0,0
2013-10-13 18:15:00,5664016.0,0.0,20281600.0,0
2013-10-13 18:20:00,5165652.4,0.0,19392800.0,0
2013-10-13 18:25:00,5806009.2,0.0,18879600.0,0
2013-10-13 18:30:00,5725820.2,0.0,17754500.0,0
2013-10-13 18:35:00,5818352.0,0.0,17547000.0,0
2013-10-13 18:40:00,6039204.0,0.0,16295700.0,0
2013-10-13 18:45:00,6146104.8,0.0,15821200.0,0
2013-10-13 18:50:00,6520842.0,0.0,15154800.0,0
2013-10-13 18:55:00,6414160.0,0.0,14544300.0,0
2013-10-13 19:00:00,7121288.0,0.0,14009500.0,0
2013-10-13 19:05:00,7733993.2,0.0,13600100.0,0
2013-10-13 19:10:00,7171976.0,0.0,13194100.0,0
2013-10-13 19:15:00,6572442.0,0.0,12709100.0,0
2013-10-13 19:20:00,6669027.2,0.0,12153100.0,0
2013-10-13 19:25:00,6541002.6,0.0,11652900.0,0
2013-10-13 19:30:00,8036983.2,0.0,11355700.0,0
2013-10-13 19:35:00,6780480.0,0.0,11553900.0,0
2013-10-13 19:40:00,7105309.2,0.0,11323900.0,0
2013-10-13 19:45:00,6645670.6,0.0,11114900.0,0
2013-10-13 19:50:00,7129069.2,0.0,10662400.0,0
2013-10-13 19:55:00,6886046.6,0.0,10682100.0,0
2013-10-13 20:00:00,7070269.8,0.0,10285400.0,0
2013-10-13 20:05:00,7112211.8,0.0,10110000.0,0
2013-10-13 20:10:00,6736356.8,0.0,9904680.0,0
2013-10-13 20:15:00,6885695.2,0.0,9504140.0,0
2013-10-13 20:20:00,6829566.2,0.0,9100090.0,0
2013-10-13 20:25:00,6670142.6,0.0,8561820.0,0
2013-10-13 20:30:00,6989347.8,0.0,8397620.0,0
2013-10-13 20:35:00,7089460.2,0.0,7748000.0,0
2013-10-13 20:40:00,7126232.4,0.0,7845410.0,0
2013-10-13 20:45:00,7180348.2,0.0,7595580.0,0
2013-10-13 20:50:00,7251597.4,0.0,7812840.0,0
2013-10-13 20:55:00,7138828.0,0.0,8023300.0,0
2013-10-13 21:00:00,7358757.6,0.0,7850480.0,0
2013-10-13 21:05:00,6691074.8,0.0,8027400.0,0
2013-10-13 21:10:00,7419464.2,0.0,7794900.0,0
2013-10-13 21:15:00,7345692.4,0.0,8510200.0,0
2013-10-13 21:20:00,7106381.2,0.0,8410470.0,0
2013-10-13 21:25:00,7439340.8,0.0,8465880.0,0
2013-10-13 21:30:00,7148265.0,0.0,8893780.0,0
2013-10-13 21:35:00,7079349.4,0.0,8789970.0,0
2013-10-13 21:40:00,7313239.2,0.0,8912340.0,0
2013-10-13 21:45:00,7370054.2,0.0,9085860.0,0
2013-10-13 21:50:00,7146604.0,0.0,9292370.0,0
2013-10-13 21:55:00,7380294.8,0.0,9430060.0,0
2013-10-13 22:00:00,7444886.2,0.0,9652050.0,0
2013-10-13 22:05:00,6960113.0,0.0,10012700.0,0
2013-10-13 22:10:00,7776972.4,0.0,9704490.0,0
2013-10-13 22:15:00,7458856.0,0.0,10260100.0,0
2013-10-13 22:20:00,7193220.0,0.0,10002100.0,0
2013-10-13 22:25:00,7221732.4,0.0,10134200.0,0
2013-10-13 22:30:00,7683360.0,0.0,9831740.0,0
2013-10-13 22:35:00,7346899.6,0.0,9864020.0,0
2013-10-13 22:40:00,7728333.2,0.0,9668590.0,0
2013-10-13 22:45:00,6895594.8,0.0,9692570.0,0
2013-10-13 22:50:00,6637198.0,0.0,9242020.0,0
2013-10-13 22:55:00,7011225.4,0.0,9086260.0,0
2013-10-13 23:00:00,6560515.6,0.0,9100820.0,0
2013-10-13 23:05:00,6638822.6,0.0,9103420.0,0
2013-10-13 23:10:00,7921025.0,0.0,9146830.0,0
2013-10-13 23:15:00,8124689.4,0.0,9652760.0,0
2013-10-13 23:20:00,7346551.8,0.0,9865340.0,0
2013-10-13 23:25:00,8111561.6,0.0,9750500.0,0
2013-10-13 23:30:00,7575658.4,0.0,9772090.0,0
2013-10-13 23:35:00,7198625.2,0.0,9422570.0,0
2013-10-13 23:40:00,7964260.4,0.0,9162960.0,0
2013-10-13 23:45:00,7547664.0,0.0,9411270.0,0
2013-10-13 23:50:00,7988676.2,0.0,9281470.0,0
2013-10-13 23:55:00,7788122.6,0.0,9502830.0,0
