timestamp,value,prediction
2015-08-05 07:50:00,155,0.0
2015-08-05 07:59:00,161,113.88037771573104
2015-08-05 08:10:00,171,126.78503698327845
2015-08-05 08:19:00,203,136.06381135916703
2015-08-05 08:30:00,291,157.65266349564104
2015-08-05 08:40:00,381,211.08253118099833
2015-08-05 09:00:00,410,273.93304169076396
2015-08-05 09:10:00,273,306.4407660605491
2015-08-05 09:48:00,266,246.6307367198573
2015-08-05 10:08:00,207,229.69542977404356
2015-08-05 10:20:00,301,202.0721899563755
2015-08-05 10:30:00,405,239.99675166879052
2015-08-05 12:26:00,154,308.40946383042984
2015-08-05 12:56:00,164,195.91937214734108
2015-08-05 13:46:00,139,173.81109033652154
2015-08-05 13:55:00,153,162.763282502926
2015-08-05 14:56:00,154,161.4502881851807
2015-08-05 16:56:00,164,166.46019327918378
2015-08-05 17:26:00,152,167.5881000600238
2015-08-05 17:34:00,181,165.64112880534347
2015-08-05 18:14:00,149,175.36445701295324
2015-08-05 21:27:00,138,165.6414517753707
2015-08-05 22:39:00,135,153.6542452535531
2015-08-05 23:27:00,150,153.02785492254412
2015-08-06 04:38:00,107,156.73334584644218
2015-08-06 04:48:00,117,139.37255877800885
2015-08-06 05:08:00,111,136.3937838706549
2015-08-06 06:08:00,104,136.1052948695249
2015-08-06 06:38:00,146,128.8119853998996
2015-08-06 06:58:00,130,149.57013816889932
2015-08-06 07:48:00,134,144.73561826518238
2015-08-06 07:54:00,136,145.488213175449
2015-08-06 08:07:00,201,146.39146401372767
2015-08-06 08:17:00,246,177.32104790778106
2015-08-06 08:26:00,240,206.86783594715632
2015-08-06 08:38:00,301,209.65204645323482
2015-08-06 08:48:00,356,239.84725554459143
2015-08-06 08:58:00,308,274.48169583667647
2015-08-06 09:08:00,347,259.5212145272391
2015-08-06 09:18:00,488,274.5645023863483
2015-08-06 09:28:00,466,348.227593850536
2015-08-06 09:38:00,378,355.73915021691016
2015-08-06 09:48:00,323,314.65770840873466
2015-08-06 09:58:00,218,281.8682218222054
2015-08-06 10:07:00,205,225.83560171081493
2015-08-06 10:18:00,208,207.2242109677198
2015-08-06 10:28:00,277,206.88426119489313
2015-08-06 10:36:00,318,238.14847926195347
2015-08-06 10:58:00,207,266.98594387296856
2015-08-06 11:48:00,99,219.1078846240894
2015-08-06 11:57:00,100,157.012945347655
2015-08-06 12:07:00,110,144.02214245732
2015-08-06 12:18:00,120,146.98581141321978
2015-08-06 12:28:00,125,150.82713290516338
2015-08-06 12:38:00,139,154.30244994183994
2015-08-06 12:48:00,180,160.35622452800084
2015-08-06 13:09:00,163,181.34557846419577
2015-08-06 13:28:00,167,177.53184175235103
2015-08-06 13:58:00,199,177.47652414504384
2015-08-06 14:05:00,193,193.27865269190426
2015-08-06 15:47:00,181,193.5586454120805
2015-08-06 16:17:00,180,187.52659802474838
2015-08-06 16:28:00,179,185.8035909759281
2015-08-06 17:08:00,175,184.92634820468564
2015-08-06 17:41:00,156,182.73077256765615
2015-08-06 17:58:00,123,173.1965280428308
2015-08-06 18:08:00,50,155.2105073457683
2015-08-06 18:18:00,126,116.6984735714872
2015-08-06 19:08:00,142,142.59186913734342
2015-08-06 21:28:00,247,158.53813065342098
2015-08-06 21:37:00,200,207.31359733255238
2015-08-07 06:09:00,5461,200.4500023273722
2015-08-07 07:40:00,168,2654.300906700762
2015-08-07 08:19:00,194,832.6732939922877
2015-08-07 08:30:00,190,184.10164847238087
2015-08-07 08:40:00,291,344.4001699328575
2015-08-07 08:50:00,211,185.18167179447855
2015-08-07 08:59:00,197,319.7106991289957
2015-08-07 09:30:00,255,165.95074774278135
2015-08-07 09:40:00,281,308.0658744976708
2015-08-07 09:48:00,270,227.44903132477023
2015-08-07 10:10:00,500,307.95920817285906
2015-08-07 10:30:00,595,345.38426969096633
2015-08-07 10:40:00,736,476.3377653569998
2015-08-07 10:50:00,344,504.5917304426869
2015-08-07 11:00:00,440,386.5766227039828
2015-08-07 11:10:00,550,348.8980725691661
2015-08-07 11:17:00,444,449.0697174974947
2015-08-07 11:30:00,335,376.6222523254075
2015-08-07 11:40:00,364,345.44781314771916
2015-08-07 11:59:00,390,322.9910318714642
2015-08-07 12:10:00,395,357.9937810811764
2015-08-07 12:48:00,305,345.6029171237773
2015-08-07 12:59:00,359,320.04459004874235
2015-08-07 13:10:00,294,322.29959564114404
2015-08-07 13:20:00,273,309.8459788586651
2015-08-07 13:30:00,236,281.1160016442063
2015-08-07 13:39:00,279,271.7552484575912
2015-08-07 13:50:00,312,277.3781523336165
2015-08-07 14:00:00,219,305.461564378094
2015-08-07 14:10:00,168,258.382875242828
2015-08-07 14:18:00,136,229.9685203509057
2015-08-07 14:30:00,154,203.938971882695
2015-08-07 14:40:00,168,210.17628441302165
2015-08-07 14:50:00,178,214.85714576486245
2015-08-07 15:00:00,181,222.05283405250452
2015-08-07 15:28:00,312,222.52458363713504
2015-08-07 15:38:00,332,284.53488429954865
2015-08-07 15:58:00,368,308.291719591893
2015-08-07 16:06:00,302,327.53841390152405
2015-08-07 16:17:00,309,303.52030663289554
2015-08-07 16:24:00,306,297.8436682904021
2015-08-07 16:46:00,436,299.6258153653191
2015-08-07 16:57:00,651,356.95672749221944
2015-08-07 17:06:00,684,475.4505371688325
2015-08-07 17:16:00,822,514.9383375148653
2015-08-07 17:27:00,901,588.3921351517073
2015-08-07 17:38:00,643,645.3541695008337
2015-08-07 17:57:00,339,537.2931300715574
2015-08-07 18:07:00,372,370.0866215005652
2015-08-07 18:17:00,310,351.661194278104
2015-08-07 18:27:00,259,323.9033634053747
2015-08-07 18:37:00,239,289.437978732469
2015-08-07 18:47:00,200,276.58124580894605
2015-08-07 20:17:00,159,252.47910353698026
2015-08-07 20:46:00,146,229.81147974191032
2015-08-07 20:55:00,138,216.33849519584805
2015-08-07 22:47:00,89,211.0210856760379
2015-08-08 03:56:00,125,184.69556755517766
2015-08-08 04:47:00,59,195.36703990906432
2015-08-08 04:57:00,61,167.0775248715051
2015-08-08 05:06:00,675,158.29486904951955
2015-08-08 05:17:00,699,444.09341451538364
2015-08-08 05:26:00,552,526.7304651777263
2015-08-08 05:37:00,1170,460.61486060779475
2015-08-08 05:47:00,1687,744.5131832452446
2015-08-08 08:17:00,171,1054.9490139080071
2015-08-08 08:37:00,296,417.198005355175
2015-08-08 08:47:00,304,304.3369966276994
2015-08-08 08:57:00,340,338.04147301930533
2015-08-08 09:07:00,370,318.45147947266383
2015-08-08 09:16:00,417,365.47474525520084
2015-08-08 09:26:00,425,366.1574650871728
2015-08-08 09:37:00,424,396.8897688643585
2015-08-08 09:47:00,342,380.28647490632403
2015-08-08 09:57:00,291,357.9754660163826
2015-08-08 10:07:00,387,311.92888010998945
2015-08-08 10:17:00,334,361.6082975369374
2015-08-08 10:27:00,296,337.8810825464061
2015-08-08 10:37:00,276,320.96066771347614
2015-08-08 10:46:00,263,302.787466463829
2015-08-08 10:57:00,248,297.1190719493584
2015-08-08 11:07:00,302,284.92184460963637
2015-08-08 11:17:00,235,310.0456457032095
2015-08-08 11:27:00,253,282.7759523319428
2015-08-08 11:37:00,264,283.8225199907061
2015-08-08 11:47:00,133,290.88875124247085
2015-08-08 12:07:00,108,229.41474277027004
2015-08-08 12:17:00,114,202.56134829281635
2015-08-08 12:26:00,116,201.25321682632807
2015-08-08 12:47:00,100,199.5801978948384
2015-08-08 12:57:00,102,192.01007664960073
2015-08-08 13:07:00,94,188.97088577260152
2015-08-08 13:17:00,92,185.00957393241916
2015-08-08 13:27:00,84,180.89068133141933
2015-08-08 13:37:00,124,176.47888464130796
2015-08-08 14:47:00,122,191.9907625006653
2015-08-08 14:56:00,124,195.3304496446409
2015-08-08 16:30:00,144,193.9380986024776
2015-08-08 17:02:00,127,203.91352272019708
2015-08-08 17:11:00,143,196.23268503678088
2015-08-08 17:22:00,108,201.58956443271168
2015-08-08 17:31:00,131,185.9898096696475
2015-08-08 18:22:00,133,191.4423755598631
2015-08-08 19:12:00,153,194.66077889005504
2015-08-08 20:02:00,111,202.123357112652
2015-08-08 20:12:00,114,185.3815308876363
2015-08-08 20:22:00,172,179.77785597436448
2015-08-08 22:01:00,143,207.67912362947575
2015-08-08 22:21:00,105,198.35091030562208
2015-08-08 22:32:00,110,177.68695703055528
2015-08-08 22:42:00,113,174.76302313972252
2015-08-08 22:51:00,130,175.61884115039962
2015-08-09 00:22:00,129,182.38032689991584
2015-08-09 04:52:00,115,183.49870978030867
2015-08-09 05:12:00,715,175.63970729924426
2015-08-09 05:22:00,1351,452.67054158808094
2015-08-09 05:32:00,1518,820.2348825915317
2015-08-09 05:42:00,1606,973.7478830077222
2015-08-09 05:50:00,1614,1049.7459238961096
2015-08-09 09:32:00,208,1074.7215280602704
2015-08-09 09:42:00,235,430.7251724047571
2015-08-09 09:52:00,209,280.1513093521112
2015-08-09 10:02:00,217,280.35777879921096
2015-08-09 10:11:00,176,249.12116573375513
2015-08-09 10:42:00,150,253.02015152820496
2015-08-09 10:52:00,178,215.04996816064272
2015-08-09 10:59:00,183,241.1985050637373
2015-08-09 11:13:00,279,230.9795138722896
2015-08-09 11:22:00,304,287.1406505431355
2015-08-09 11:32:00,275,300.08309580621375
2015-08-09 11:42:00,167,296.8780578278155
2015-08-09 12:32:00,166,238.14500844909045
2015-08-09 12:52:00,151,229.22074355070765
2015-08-09 13:29:00,145,217.48470398565541
2015-08-09 14:22:00,135,213.33320016002838
2015-08-09 14:32:00,144,205.64437345332064
2015-08-09 14:42:00,127,208.52177796594185
2015-08-09 14:52:00,135,199.8906099168193
2015-08-09 15:02:00,110,201.02320528083274
2015-08-09 15:12:00,116,189.22846291355813
2015-08-09 15:32:00,140,187.79261087188198
2015-08-09 16:12:00,170,199.0277709189102
2015-08-09 16:32:00,144,214.049911002039
2015-08-09 16:42:00,128,205.2629769566422
2015-08-09 16:45:00,132,193.6751872724249
2015-08-09 16:57:00,114,193.70739964233667
2015-08-09 17:05:00,123,183.8817519937582
2015-08-09 17:17:00,122,185.48999797228598
2015-08-09 17:27:00,111,184.8554935050415
2015-08-09 17:36:00,111,178.5950750570267
2015-08-09 17:47:00,115,176.54395010875513
2015-08-09 17:57:00,103,177.36463424212292
2015-08-09 18:06:00,111,171.22731794951133
2015-08-09 18:17:00,110,172.60606152033478
2015-08-09 18:26:00,118,172.28072733475827
2015-08-09 18:37:00,128,174.63091190793494
2015-08-09 18:46:00,129,179.75557185066572
2015-08-09 19:17:00,179,180.21674282779566
2015-08-09 19:27:00,166,203.19055151374837
2015-08-09 19:46:00,131,202.35534746721783
2015-08-09 19:56:00,133,183.84861013709957
2015-08-09 20:06:00,136,181.0617203161932
2015-08-09 20:17:00,133,181.26842933461623
2015-08-09 20:25:00,135,179.55187377173516
2015-08-09 20:37:00,128,179.3496770679972
2015-08-09 20:47:00,124,175.8068183908505
2015-08-09 21:07:00,146,172.26556623490245
2015-08-09 21:17:00,125,181.54071487422885
2015-08-09 21:26:00,120,173.50260274621527
2015-08-09 21:36:00,117,168.033338799296
2015-08-09 21:57:00,125,165.87022164995864
2015-08-09 22:07:00,131,167.85656181182486
2015-08-09 22:17:00,137,171.37987682457077
2015-08-09 22:27:00,125,173.74309898504202
2015-08-09 22:36:00,90,168.80365133793256
2015-08-09 22:47:00,91,150.16770469031877
2015-08-09 23:07:00,88,146.2449297706599
2015-08-09 23:17:00,101,143.83068018525464
2015-08-09 23:23:00,102,148.39493763340758
2015-08-09 23:37:00,107,149.85580277312778
2015-08-09 23:57:00,84,151.26323808593685
2015-08-10 00:07:00,80,140.9621799342391
2015-08-10 00:17:00,84,135.26422142511933
2015-08-10 00:27:00,91,136.43746048108179
2015-08-10 00:36:00,106,138.58053842262095
2015-08-10 01:06:00,98,146.17722307147412
2015-08-10 05:57:00,108,143.13894003540284
2015-08-10 07:16:00,182,146.59105368048358
2015-08-10 07:37:00,250,181.55241359290457
2015-08-10 07:57:00,249,221.44722199937024
2015-08-10 08:17:00,206,228.85756072163238
2015-08-10 08:27:00,192,209.9333108127563
2015-08-10 08:37:00,278,198.92916604051956
2015-08-10 08:47:00,366,237.2450996146496
2015-08-10 08:57:00,336,287.8910580663891
2015-08-10 09:07:00,211,284.617992374355
2015-08-10 09:17:00,151,224.7993245645801
2015-08-10 09:27:00,149,183.344103892955
2015-08-10 09:37:00,165,174.95619279321238
2015-08-10 09:46:00,176,180.2489499642844
2015-08-10 09:57:00,203,186.9022169729613
2015-08-10 10:06:00,224,200.16386268814298
2015-08-10 10:17:00,207,213.4388426552045
2015-08-10 10:27:00,243,207.7079250719933
2015-08-10 10:37:00,254,223.0389014508335
2015-08-10 10:57:00,229,232.55009370420922
2015-08-10 11:07:00,282,221.95004262089412
2015-08-10 11:17:00,360,244.64336399106583
2015-08-10 11:25:00,368,287.1581727186952
2015-08-10 11:36:00,324,300.26612864078743
2015-08-10 11:47:00,318,282.26026498947726
2015-08-10 11:56:00,333,275.75304548654253
2015-08-10 12:17:00,395,282.60561775724136
2015-08-10 12:27:00,428,313.16226167252074
2015-08-10 12:37:00,362,336.88354861522004
2015-08-10 12:47:00,394,310.77897395724824
2015-08-10 12:57:00,334,319.88046122027697
2015-08-10 13:06:00,345,296.88099265872
2015-08-10 13:36:00,391,294.2081782606209
2015-08-10 13:46:00,419,319.4316841671715
2015-08-10 13:57:00,567,336.0456460656587
2015-08-10 14:07:00,684,410.9833731015032
2015-08-10 14:17:00,470,483.3807089968289
2015-08-10 14:27:00,359,400.4091814148362
2015-08-10 15:47:00,87,326.5107812195949
2015-08-10 15:55:00,79,190.579206327136
2015-08-10 16:07:00,184,149.66743122341416
2015-08-10 16:17:00,200,200.01999027148105
2015-08-10 16:56:00,165,211.57266271278826
2015-08-10 20:32:00,137,201.5961518795428
2015-08-10 22:52:00,138,181.49266827785655
2015-08-11 01:52:00,136,180.99610831171103
2015-08-11 04:02:00,126,176.84220781271074
2015-08-11 04:22:00,144,173.08550791353034
2015-08-11 05:12:00,113,178.09362466232884
2015-08-11 05:32:00,120,166.5368941055699
2015-08-11 05:42:00,150,164.06093212355108
2015-08-11 06:52:00,148,179.80905865788358
2015-08-11 07:12:00,174,179.97135189091054
2015-08-11 07:21:00,192,192.73755130914873
2015-08-11 07:32:00,222,203.1061326135872
2015-08-11 07:42:00,241,219.34122125145038
2015-08-11 07:52:00,265,231.53342857456315
2015-08-11 08:12:00,283,245.14785478312356
2015-08-11 08:22:00,342,256.72820029673255
2015-08-11 08:31:00,485,286.54806741880816
2015-08-11 08:42:00,472,360.7794086233994
2015-08-11 08:52:00,545,372.4710809241978
2015-08-11 09:02:00,555,406.44444515555057
2015-08-11 09:12:00,421,423.69214538638505
2015-08-11 09:22:00,308,362.0220559428308
2015-08-11 10:01:00,144,297.9765767264458
2015-08-11 10:22:00,153,207.68936617879433
2015-08-11 10:32:00,159,191.91647533227783
2015-08-11 10:41:00,140,194.37023021540602
2015-08-11 10:52:00,135,183.264809625283
2015-08-11 11:12:00,123,179.7160334150026
2015-08-11 11:22:00,136,171.72874674320695
2015-08-11 11:32:00,136,176.4009688449202
2015-08-11 12:07:00,3106,176.63559767175957
2015-08-11 13:42:00,280,1556.389032030615
2015-08-11 13:52:00,186,604.8605643855104
2015-08-11 14:12:00,176,210.81541846804106
2015-08-11 14:22:00,281,281.76092513058336
2015-08-11 14:32:00,282,219.05148394247541
2015-08-11 14:41:00,508,315.6986666652747
2015-08-11 16:12:00,1789,347.9343762841763
2015-08-11 16:52:00,1217,1033.4040318260181
2015-08-11 17:00:00,121,871.184097113408
2015-08-11 17:12:00,123,340.20008581159937
2015-08-11 17:21:00,125,204.87604122047668
2015-08-11 17:30:00,128,213.90877320545428
2015-08-11 17:41:00,113,188.11299538554198
2015-08-11 17:52:00,120,199.2288400045479
2015-08-11 18:02:00,374,183.2934622336867
2015-08-11 18:12:00,141,314.879611849074
2015-08-11 18:22:00,644,224.69129709782737
2015-08-11 18:28:00,703,438.59963198527487
2015-08-11 18:41:00,153,525.4467194613967
2015-08-11 19:02:00,156,273.13543066383494
2015-08-11 19:12:00,491,221.77404811364732
2015-08-11 19:22:00,147,373.0965602644884
2015-08-11 19:42:00,474,247.92164791820582
2015-08-11 19:52:00,824,359.4927153684907
2015-08-11 20:02:00,1346,568.3494992013975
2015-08-11 20:12:00,758,841.4251561661641
2015-08-11 20:21:00,270,647.6866747781135
2015-08-11 20:31:00,1277,346.7576183918492
2015-08-11 20:42:00,1057,778.3587341530922
2015-08-11 20:52:00,649,776.8393396850182
2015-08-11 21:32:00,730,567.2237193327255
2015-08-11 21:41:00,1179,574.0284646821253
2015-08-11 21:51:00,1127,783.6132586896963
2015-08-11 22:01:00,1052,817.7190165859827
2015-08-11 22:09:00,1563,776.6347727707717
2015-08-11 22:22:00,1334,1020.5023234941754
2015-08-11 22:32:00,1561,971.5510175407034
2015-08-11 22:42:00,1795,1057.899714536508
2015-08-11 22:52:00,2192,1207.26851749306
2015-08-11 23:01:00,1139,1416.095278537564
2015-08-11 23:12:00,711,993.1214382398498
2015-08-11 23:22:00,739,668.1796272446368
2015-08-12 00:10:00,834,653.5844711875183
2015-08-12 00:22:00,817,671.9758310445377
2015-08-12 00:32:00,801,692.4382290811063
2015-08-12 00:42:00,355,669.7791399399189
2015-08-12 01:01:00,392,476.3001653917496
2015-08-12 01:21:00,161,428.99335176365355
2015-08-12 01:42:00,2875,338.0498091149075
2015-08-12 01:52:00,2988,1552.0126393815328
2015-08-12 02:01:00,2818,1949.9858905633027
2015-08-12 02:12:00,1415,1860.5615936630513
2015-08-12 02:22:00,2331,1275.5599748555674
2015-08-12 02:32:00,909,1491.2601558854917
2015-08-12 02:42:00,1218,998.9497083967864
2015-08-12 03:22:00,862,905.016465385886
2015-08-12 03:43:00,132,861.6534680890448
2015-08-12 04:12:00,187,389.09376536603463
2015-08-12 04:22:00,211,408.6961479346459
2015-08-12 04:32:00,383,354.54147515485397
2015-08-12 04:42:00,154,479.5058101382359
2015-08-12 05:02:00,176,352.5178280569812
2015-08-12 06:12:00,119,365.11781988301556
2015-08-12 06:31:00,126,316.47345396397606
2015-08-12 07:12:00,143,325.4727109746603
2015-08-12 07:50:00,167,318.8332291596803
2015-08-12 08:02:00,150,338.88402761483565
2015-08-12 08:10:00,145,323.11675311222035
2015-08-12 08:22:00,193,323.2763842629367
2015-08-12 08:52:00,282,337.19231174166686
2015-08-12 09:02:00,226,386.21611897836476
2015-08-12 09:11:00,204,364.813046334552
2015-08-12 09:42:00,174,349.6388181588064
2015-08-12 10:02:00,195,330.11418039509175
2015-08-12 10:12:00,253,334.5285908802037
2015-08-12 10:31:00,328,361.33212938444706
2015-08-12 10:42:00,268,400.9680023040934
2015-08-12 10:52:00,270,380.6117389337482
2015-08-12 11:02:00,358,373.39967685706046
2015-08-12 11:12:00,388,414.48923451962906
2015-08-12 11:22:00,360,435.6578479193988
2015-08-12 11:32:00,413,426.24465902874437
2015-08-12 11:50:00,407,447.04982071707434
2015-08-12 12:01:00,400,450.36820379409846
2015-08-12 12:10:00,328,444.5156753669386
2015-08-12 12:22:00,343,411.3956402352708
2015-08-12 12:32:00,354,407.4052801366747
2015-08-12 12:41:00,360,414.9026166063594
2015-08-12 12:52:00,337,415.3445251014795
2015-08-12 13:02:00,344,406.67324838467584
2015-08-12 13:12:00,274,404.53089021754744
2015-08-12 13:22:00,289,373.60117906172
2015-08-12 13:32:00,204,369.2329941105149
2015-08-12 13:41:00,222,332.37125067014836
2015-08-12 13:52:00,202,326.13089814387433
2015-08-12 14:02:00,162,320.56063526344724
2015-08-12 14:11:00,130,293.79515869586146
2015-08-12 15:01:00,152,276.12181499068754
2015-08-12 15:12:00,157,277.4645324842602
2015-08-12 15:21:00,175,282.6477524502197
2015-08-12 15:31:00,178,287.1612413851454
2015-08-12 17:11:00,166,291.378203295182
2015-08-12 17:21:00,161,282.482740475098
2015-08-12 17:52:00,157,279.0766481873808
2015-08-12 18:42:00,130,273.46405888432406
2015-08-12 19:12:00,128,259.8712297235593
2015-08-12 19:52:00,1092,252.97259232440274
2015-08-12 20:01:00,1556,699.8575663234452
2015-08-12 20:12:00,1423,1030.0454138319333
2015-08-12 20:27:00,911,1022.3759005710656
2015-08-12 20:46:00,681,791.7962308359754
2015-08-12 20:56:00,839,624.5135899719658
2015-08-12 21:07:00,1117,678.4495909815072
2015-08-12 21:17:00,430,816.0817165358819
2015-08-12 21:23:00,683,536.2870821394416
2015-08-12 21:37:00,574,570.1024434785929
2015-08-12 21:47:00,580,562.5925807535237
2015-08-12 21:57:00,499,530.2727257170721
2015-08-12 22:07:00,646,515.9620374063746
2015-08-12 22:17:00,589,554.739779941706
2015-08-12 22:27:00,663,563.4262744021161
2015-08-12 22:37:00,517,574.7036719745463
2015-08-12 23:27:00,1087,533.1152330365069
2015-08-12 23:37:00,1123,765.857066847497
2015-08-12 23:47:00,763,867.0547771831668
2015-08-12 23:57:00,732,688.5124750760846
2015-08-13 00:07:00,860,658.001715533416
2015-08-13 00:16:00,1420,699.2798762995064
2015-08-13 00:27:00,1492,984.1879308528562
2015-08-13 02:57:00,102,1078.6636041734232
2015-08-13 03:12:00,101,451.81743794651584
2015-08-13 03:37:00,112,291.4272990686785
2015-08-13 04:28:00,1772,303.13345369017475
2015-08-13 04:47:00,251,1043.3796898708158
2015-08-13 04:57:00,106,557.6822057146519
2015-08-13 05:12:00,103,281.2863149176567
2015-08-13 05:47:00,115,323.92001179405315
2015-08-13 07:47:00,222,254.46041992026443
2015-08-13 08:17:00,216,357.7876513885293
2015-08-13 08:27:00,243,318.5584922052043
2015-08-13 08:36:00,290,367.35484503381207
2015-08-13 08:46:00,325,359.9546967792649
2015-08-13 08:57:00,301,406.18858516312685
2015-08-13 09:07:00,298,376.4247511938231
2015-08-13 09:17:00,236,389.69632119641045
2015-08-13 09:25:00,272,344.4924694106809
2015-08-13 09:37:00,263,364.62414538418585
2015-08-13 09:57:00,201,353.4021800513458
2015-08-13 10:06:00,196,329.1703888432488
2015-08-13 10:17:00,209,312.50767892122
2015-08-13 10:27:00,242,321.17647268009904
2015-08-13 10:37:00,289,331.2852084839215
2015-08-13 10:46:00,241,359.4968040045933
2015-08-13 10:56:00,246,338.1535410274802
2015-08-13 11:57:00,114,336.58183399755023
2015-08-13 12:06:00,109,273.13824911591746
2015-08-13 12:17:00,73,253.8795593841973
2015-08-13 12:26:00,75,235.0428156196686
2015-08-13 12:37:00,92,226.99119780564826
2015-08-13 13:05:00,150,234.88176497515735
2015-08-13 13:26:00,171,259.43365811700846
2015-08-13 14:37:00,195,275.9718160048306
2015-08-13 15:27:00,269,286.3901441772125
2015-08-13 16:16:00,442,324.36428195188597
2015-08-13 16:27:00,463,410.9013261155916
2015-08-13 16:36:00,405,442.0177216726879
2015-08-13 16:46:00,402,416.6759968906442
2015-08-13 16:57:00,370,412.0690570632973
2015-08-13 17:07:00,350,394.8424310729693
2015-08-13 17:17:00,346,382.20545258593216
2015-08-13 17:25:00,347,376.943190673502
2015-08-13 17:37:00,235,376.52975850224703
2015-08-13 17:46:00,205,323.64372447170723
2015-08-13 17:57:00,228,295.8055469859446
2015-08-13 18:07:00,76,302.3364637230161
2015-08-13 18:15:00,79,231.14969025393094
2015-08-13 18:25:00,196,213.68624670075312
2015-08-13 18:33:00,302,267.159592325092
2015-08-13 18:47:00,201,325.777668522077
2015-08-13 18:56:00,183,291.85930068748615
2015-08-13 19:06:00,151,270.5465629965631
2015-08-14 07:27:00,170,255.13619570920017
2015-08-14 08:07:00,259,255.31501837338516
2015-08-14 08:27:00,331,300.2412267897878
2015-08-14 08:37:00,360,340.29778335294725
2015-08-14 08:47:00,264,363.84832193802316
2015-08-14 09:06:00,275,321.6620719524587
2015-08-14 09:27:00,322,316.7487195813294
2015-08-14 09:57:00,297,339.0752890144436
2015-08-14 10:03:00,319,331.1517838486056
2015-08-14 10:17:00,409,338.70146489066326
2015-08-14 10:37:00,404,383.00264204125307
2015-08-14 10:47:00,402,390.5931558573195
2015-08-14 10:57:00,355,389.4130053200093
2015-08-14 11:07:00,570,368.7919759979809
2015-08-14 11:16:00,572,462.11387741886233
2015-08-14 11:37:00,483,490.2262233757868
2015-08-14 11:47:00,350,446.8546431853479
2015-08-14 12:17:00,314,381.31900417287994
2015-08-14 12:37:00,393,345.0362864404149
2015-08-14 12:47:00,346,379.97380656869996
2015-08-14 12:56:00,361,362.79138826288585
2015-08-14 13:17:00,403,366.2587017657928
2015-08-14 13:27:00,424,386.9356493903095
2015-08-14 13:33:00,487,401.32880921928313
2015-08-14 13:47:00,470,433.34686403683986
2015-08-14 13:55:00,414,433.78585526191563
2015-08-14 14:16:00,180,405.8462828974872
2015-08-14 14:26:00,167,292.26567893339404
2015-08-14 14:37:00,188,256.82218009521284
2015-08-14 14:47:00,176,265.40106038929434
2015-08-14 15:07:00,194,255.91919308845314
2015-08-14 15:37:00,209,265.014038088047
2015-08-14 15:47:00,223,270.50745741824903
2015-08-14 16:07:00,276,279.61302720897527
2015-08-14 16:24:00,327,303.63487702541124
2015-08-14 16:37:00,291,334.28416344981287
2015-08-14 16:43:00,282,322.0002259869141
2015-08-14 17:07:00,305,314.74627301775774
2015-08-14 17:47:00,275,323.8192456398559
2015-08-14 18:57:00,139,311.90159149386085
2015-08-14 23:01:00,171,244.5376208846825
2015-08-14 23:12:00,180,242.9710067839172
2015-08-14 23:32:00,214,249.77846265004356
2015-08-14 23:41:00,209,263.0789369232294
2015-08-15 04:32:00,45,266.0513462816839
2015-08-15 04:42:00,49,186.53159248533478
2015-08-15 04:52:00,52,169.77144783243602
2015-08-15 05:22:00,962,169.29032476974135
2015-08-15 05:31:00,1178,588.6817820796973
2015-08-15 06:02:00,111,799.8023460075353
2015-08-15 10:51:00,138,325.9763498477069
2015-08-15 11:02:00,197,232.7697313050656
2015-08-15 11:51:00,193,259.4115032174703
2015-08-15 22:36:00,152,249.29784051434999
2015-08-15 23:17:00,215,237.89429736844914
2015-08-15 23:27:00,265,254.24149785894568
2015-08-15 23:47:00,312,290.28220077631016
2015-08-16 05:17:00,117,311.12588871722215
2015-08-16 09:37:00,161,231.6686585305826
2015-08-16 10:46:00,116,223.8425146976339
2015-08-16 11:17:00,145,213.00144464053255
2015-08-16 15:27:00,280,211.6412195247978
2015-08-16 15:47:00,370,284.17511546238774
2015-08-16 15:57:00,352,334.18743145761164
2015-08-16 16:07:00,300,341.9265220250726
2015-08-16 16:27:00,221,312.83082141714743
2015-08-16 16:57:00,198,274.36078210079467
2015-08-16 17:07:00,262,250.5142653771523
2015-08-16 17:17:00,298,279.3636904904492
2015-08-16 17:36:00,384,299.756725942011
2015-08-16 17:47:00,369,345.49257097385487
2015-08-16 17:57:00,336,348.0361010446413
2015-08-16 18:06:00,561,331.99003158913473
2015-08-16 18:16:00,366,433.71221464851
2015-08-16 18:26:00,436,370.04239563249604
2015-08-16 18:37:00,472,378.35645806233674
2015-08-16 18:56:00,341,410.2399809701317
2015-08-16 19:07:00,220,345.8885757655392
2015-08-16 19:17:00,256,281.95591067159415
2015-08-16 19:27:00,225,279.306922115101
2015-08-16 19:37:00,168,271.41640561932434
2015-08-16 19:47:00,172,235.78549487433332
2015-08-16 20:17:00,248,234.60985353060252
2015-08-16 21:30:00,185,265.6398370537728
2015-08-16 23:30:00,194,246.95336284529327
2015-08-17 03:40:00,130,240.49061689431153
2015-08-17 06:00:00,120,214.84816949450072
2015-08-17 07:30:00,196,197.61405443554705
2015-08-17 07:50:00,187,234.50744486349888
2015-08-17 08:10:00,177,234.26379834999756
2015-08-17 08:20:00,197,230.4828627775642
2015-08-17 08:30:00,252,236.8667461486871
2015-08-17 08:40:00,311,265.0601084398057
2015-08-17 08:49:00,332,297.447641504729
2015-08-17 09:00:00,293,314.90179955694214
2015-08-17 09:10:00,254,299.18111738389456
2015-08-17 10:19:00,274,277.54940773856777
2015-08-17 10:30:00,379,281.8816231344709
2015-08-17 10:40:00,410,332.6463690515696
2015-08-17 10:50:00,331,358.9239892650991
2015-08-17 10:59:00,351,326.44466948289096
2015-08-17 11:08:00,325,328.13760275836955
2015-08-17 11:20:00,270,318.7667517881879
2015-08-17 11:30:00,313,288.8446900604471
2015-08-17 11:37:00,2409,303.6921584812767
2015-08-17 12:00:00,287,1281.4277847750723
2015-08-17 12:18:00,284,550.8398497145425
2015-08-17 12:50:00,208,287.71983520105704
2015-08-17 15:50:00,74,313.6434845114589
2015-08-17 15:59:00,73,161.43984184817322
2015-08-17 16:28:00,154,206.75251908403993
2015-08-17 17:10:00,140,188.83598990793647
2015-08-18 08:23:00,197,233.50702956918622
2015-08-18 08:34:00,266,220.34539247682426
2015-08-18 08:44:00,287,290.6873906950621
2015-08-18 08:54:00,327,280.5527327616736
2015-08-18 09:12:00,250,324.98284124633193
2015-08-18 09:52:00,177,275.21053259940066
2015-08-18 10:04:00,172,247.8892312790193
2015-08-18 10:34:00,183,224.17336923246256
2015-08-18 10:44:00,219,237.43774594966968
2015-08-18 10:54:00,192,245.30826764899237
2015-08-18 11:04:00,190,243.8761879899687
2015-08-18 11:12:00,142,232.70849588609866
2015-08-18 13:53:00,137,215.67236027391533
2015-08-18 14:04:00,92,201.3049523703236
2015-08-18 14:14:00,94,183.73459035326528
2015-08-18 14:43:00,123,173.36149611333212
2015-08-18 20:47:00,140,190.08118398303048
2015-08-19 07:56:00,204,196.05717738818737
2015-08-19 08:17:00,212,230.18542962420335
2015-08-19 08:27:00,253,238.40116638898377
2015-08-19 08:57:00,281,259.8650166802069
2015-08-19 09:07:00,256,276.8472985435789
2015-08-19 09:27:00,363,268.94662180349155
2015-08-19 09:36:00,267,315.64955032453827
2015-08-19 09:47:00,369,284.5909194347498
2015-08-19 10:27:00,358,319.0167821251566
2015-08-19 10:37:00,362,329.9949230212201
2015-08-19 10:47:00,292,325.76401231490917
2015-08-19 10:57:00,317,299.952651447291
2015-08-19 11:05:00,373,298.5391290260178
2015-08-19 11:25:00,341,332.2789117204538
2015-08-19 11:47:00,310,319.1280601257582
2015-08-19 11:57:00,298,305.4500929536849
2015-08-19 12:26:00,285,294.00387351671293
2015-08-19 12:57:00,525,288.4148976817512
2015-08-19 13:17:00,731,396.3354344482867
2015-08-19 13:44:00,688,522.7708533545832
2015-08-19 16:57:00,168,525.920719293271
2015-08-19 17:07:00,164,286.54772071254774
2015-08-20 04:35:00,101,223.45887563235343
2015-08-20 05:05:00,114,196.6502182413967
2015-08-20 05:15:00,104,182.6104669357007
2015-08-20 05:34:00,112,186.99815058327164
2015-08-20 06:45:00,117,179.81076303739408
2015-08-20 08:25:00,260,189.3004586432585
2015-08-20 08:44:00,309,248.97379173171984
2015-08-20 09:35:00,202,293.5832634593414
2015-08-20 09:45:00,295,244.18274573530147
2015-08-20 09:55:00,395,281.01755375942776
2015-08-20 10:05:00,322,334.7955936192114
2015-08-20 10:15:00,292,313.8503520538294
2015-08-20 10:25:00,290,291.4509997952754
2015-08-20 10:35:00,273,289.5112134104064
2015-08-20 10:41:00,304,278.62886346990297
2015-08-20 10:55:00,258,292.60100950279036
2015-08-20 11:04:00,266,273.4707466582911
2015-08-20 11:34:00,332,272.29822666410024
2015-08-20 11:45:00,322,303.9730934886594
2015-08-20 11:55:00,205,306.30793707134046
2015-08-20 12:05:00,184,251.23840041545049
2015-08-20 12:25:00,150,228.26450309292866
2015-08-20 12:35:00,180,209.5386929568042
2015-08-20 12:45:00,172,216.87150995636446
2015-08-20 12:55:00,254,217.15030380929144
2015-08-20 13:45:00,187,251.8347121195565
2015-08-20 16:25:00,203,232.02875560248424
2015-08-20 16:35:00,169,228.80028038778437
2015-08-20 17:25:00,179,218.15975967249196
2015-08-20 17:35:00,159,214.08682856686087
2015-08-20 18:04:00,40,209.19471288162958
2015-08-20 18:15:00,39,147.07777885127476
2015-08-20 18:25:00,105,134.83623867291212
2015-08-20 18:33:00,144,161.74641040224438
2015-08-21 08:19:00,234,186.56197118101304
2015-08-21 08:27:00,184,231.39817025499158
2015-08-21 08:49:00,195,219.85700977705827
2015-08-21 08:59:00,213,217.66257050440583
2015-08-21 10:48:00,301,229.74408750345702
2015-08-21 10:58:00,314,269.45509856360616
2015-08-21 11:09:00,412,288.4041113087429
2015-08-21 11:29:00,390,333.33899339473567
2015-08-21 11:39:00,463,338.75512891054115
2015-08-21 11:49:00,448,367.71748498722934
2015-08-21 11:59:00,530,374.7782162622621
2015-08-21 12:19:00,432,407.81804655075246
2015-08-21 12:28:00,372,378.17636710963876
2015-08-21 12:37:00,336,335.012012048911
2015-08-21 13:06:00,311,317.8577780019605
2015-08-21 13:29:00,318,296.375118197609
2015-08-21 13:48:00,358,300.95021289859403
2015-08-21 14:29:00,132,316.51379044112383
2015-08-21 14:58:00,248,219.36047788831831
2015-08-21 15:09:00,279,243.49511553805564
2015-08-21 15:19:00,251,275.7025243594026
2015-08-21 15:39:00,311,258.09996613662156
2015-08-21 15:49:00,343,290.4462747041514
2015-08-21 15:59:00,377,306.7724826839923
2015-08-21 16:08:00,386,330.66276558491825
2015-08-21 16:29:00,343,336.64695640824283
2015-08-21 16:39:00,354,320.9884706587553
2015-08-21 16:49:00,355,319.7725798710203
2015-08-21 16:59:00,337,323.8715319994021
2015-08-21 17:08:00,276,313.6232436469048
2015-08-21 17:19:00,209,285.5189912471149
2015-08-21 17:28:00,203,245.6489724479316
2015-08-21 17:49:00,184,236.09169856267758
2015-08-21 20:58:00,151,224.29457912760066
2015-08-21 21:35:00,498,206.44451173977586
2015-08-21 21:49:00,1000,362.67983949150005
2015-08-21 21:59:00,1364,637.7608456216306
2015-08-21 22:12:00,1635,866.0267697492056
2015-08-22 04:50:00,57,1045.0113850440332
2015-08-22 05:00:00,58,353.3454972003896
2015-08-22 05:10:00,155,172.11009303859
2015-08-22 06:30:00,119,230.1833225394397
2015-08-22 07:10:00,110,187.0382563935571
2015-08-22 08:30:00,183,203.26268499747408
2015-08-22 09:06:00,364,214.41092033578218
2015-08-22 09:30:00,278,323.1536961018904
2015-08-22 09:50:00,221,289.6088454906285
2015-08-22 12:37:00,328,265.28804111710167
2015-08-23 15:48:00,146,301.2590163362921
2015-08-23 18:08:00,136,234.35740946478842
2015-08-23 18:46:00,121,201.44078204180028
2015-08-23 18:58:00,132,200.37844576955365
2015-08-23 19:18:00,180,193.32706734204456
2015-08-23 19:27:00,253,223.27112556610138
2015-08-23 19:58:00,229,255.49637711485377
2015-08-23 20:08:00,263,257.8755431277204
2015-08-23 20:18:00,307,266.3061278120903
2015-08-23 20:28:00,312,295.5292575722143
2015-08-23 20:37:00,313,298.41280231855023
2015-08-23 20:48:00,373,303.61931736371065
2015-08-23 21:07:00,184,329.05270972746723
2015-08-24 03:32:00,123,251.07589978714302
2015-08-24 03:43:00,129,197.65889898357173
2015-08-24 06:22:00,133,196.7711236322526
2015-08-24 07:51:00,194,192.233822427605
2015-08-24 08:03:00,192,223.75224842076435
2015-08-24 08:13:00,178,226.1402652162895
2015-08-24 08:23:00,205,221.15943729720397
2015-08-24 08:33:00,250,230.5364046951798
2015-08-24 08:43:00,283,255.1536483530852
2015-08-24 08:53:00,296,274.26906162907164
2015-08-24 09:03:00,256,285.27248463076813
2015-08-24 09:13:00,218,267.878355438733
2015-08-24 09:43:00,197,246.3161964511275
2015-08-24 09:53:00,226,231.62428494418924
2015-08-24 10:03:00,257,241.9719341167296
2015-08-24 10:13:00,211,259.0283049743843
2015-08-24 10:23:00,225,240.77972584211696
2015-08-24 10:43:00,262,241.98830383403825
2015-08-24 10:51:00,280,261.0329331244621
2015-08-24 11:03:00,483,272.4104835153459
2015-08-24 11:13:00,628,369.68773474379947
2015-08-24 11:23:00,1047,461.6190694152127
2015-08-24 11:33:00,1111,674.2577346441769
2015-08-24 11:42:00,764,760.1095026492317
2015-08-24 12:03:00,504,608.2457824727118
2015-08-24 12:12:00,729,458.75407448363677
2015-08-24 12:22:00,627,531.3571873111357
2015-08-24 12:33:00,288,511.4475121493664
2015-08-24 12:42:00,318,337.79532587492815
2015-08-24 12:52:00,167,320.5552165126335
2015-08-24 13:32:00,156,247.99673907834713
2015-08-24 13:43:00,161,223.35115344989887
2015-08-24 13:53:00,169,224.88324519529885
2015-08-24 14:03:00,181,224.57699317420278
2015-08-24 14:13:00,190,232.64996426103957
2015-08-24 14:23:00,154,235.32561400808746
2015-08-24 14:33:00,170,220.75134147082076
2015-08-24 15:52:00,77,221.71278745023517
2015-08-24 16:03:00,175,181.15846932091654
2015-08-24 16:13:00,190,212.54296095771159
2015-08-24 16:22:00,187,232.69988550579862
2015-08-24 16:43:00,141,228.07506231185673
2015-08-24 17:03:00,157,210.5427983585352
2015-08-24 17:13:00,173,208.14980889979466
2015-08-24 17:23:00,177,220.00900443841044
2015-08-24 17:43:00,140,219.33805965200077
2015-08-24 18:33:00,140,205.04499623347343
2015-08-24 18:41:00,141,197.51589994458269
2015-08-24 18:53:00,146,199.48414383921062
2015-08-24 19:03:00,155,198.5184168597388
2015-08-24 19:12:00,142,204.52340944852213
2015-08-25 08:12:00,155,197.0382645642242
2015-08-25 08:22:00,211,202.25306153908713
2015-08-25 08:30:00,232,228.07855606488897
2015-08-25 08:41:00,285,244.51856263270224
2015-08-25 08:50:00,324,270.6282743867657
2015-08-25 09:01:00,314,296.3304963079691
2015-08-25 09:12:00,236,295.44911343718513
2015-08-25 09:20:00,170,259.7729443314554
2015-08-25 09:32:00,161,219.37380735156225
2015-08-25 10:01:00,180,207.7916669617753
2015-08-25 10:21:00,222,213.3721674576359
2015-08-25 10:32:00,228,234.61555081380592
2015-08-25 10:42:00,240,241.42582724840983
2015-08-25 10:52:00,219,247.85390581179388
2015-08-25 11:02:00,226,239.64309424024455
2015-08-25 11:12:00,221,240.00782705453122
2015-08-25 11:32:00,204,238.74927812027377
2015-08-25 11:41:00,233,229.20672825832168
2015-08-25 12:02:00,263,241.07924152505578
2015-08-25 13:41:00,129,257.6112786285013
2015-08-25 13:52:00,114,198.78286228530843
2015-08-25 14:01:00,94,175.6488725144563
2015-08-25 14:12:00,109,165.10520145051936
2015-08-25 15:32:00,157,165.67157968785023
2015-08-25 15:41:00,171,190.9955368687722
2015-08-25 17:42:00,304,200.15962378941873
2015-08-25 17:50:00,379,264.87997697553163
2015-08-25 18:02:00,502,314.6799976445813
2015-08-25 18:11:00,608,381.31211045596615
2015-08-25 18:33:00,607,447.87802498023916
2015-08-25 18:40:00,695,461.05158382725665
2015-08-25 18:52:00,437,505.8043892551475
2015-08-25 19:02:00,260,398.953058718095
2015-08-26 04:59:00,115,286.9602426194868
2015-08-26 05:09:00,108,202.76867998002717
2015-08-26 05:29:00,113,175.7917474865086
2015-08-26 06:09:00,111,178.77043210712378
2015-08-26 07:19:00,142,172.50053868752113
2015-08-26 08:09:00,207,189.25988510905773
2015-08-26 08:19:00,230,219.37343277437392
2015-08-26 08:30:00,305,239.49507704897272
2015-08-26 08:58:00,361,274.95937510431503
2015-08-26 09:40:00,205,312.4445452338227
2015-08-26 10:19:00,288,244.9015136559268
2015-08-26 10:30:00,351,267.62621972504587
2015-08-26 10:39:00,387,306.70791863313383
2015-08-26 10:49:00,293,328.252367531499
2015-08-26 11:00:00,326,292.3883696289541
2015-08-26 11:08:00,405,295.3424851469484
2015-08-26 11:29:00,579,338.9918129813742
2015-08-26 11:39:00,486,425.8061201078884
2015-08-26 11:49:00,547,407.60077638030845
2015-08-26 12:00:00,710,423.80385699107745
2015-08-26 12:10:00,604,513.9825418009991
2015-08-26 12:30:00,480,479.77221558562513
2015-08-26 12:50:00,620,416.51334559832844
2015-08-26 13:00:00,494,467.6124917245272
2015-08-26 13:20:00,570,427.3189839986667
2015-08-26 13:37:00,420,445.6594925380832
2015-08-26 14:00:00,333,391.9291105627653
2015-08-26 14:09:00,272,327.66586586688044
2015-08-26 15:35:00,167,297.2214069329942
2015-08-27 00:10:00,124,232.8284471406773
2015-08-27 04:36:00,102,205.38257947940207
2015-08-27 04:46:00,114,183.876630468524
2015-08-27 05:26:00,665,188.49468559645726
2015-08-27 05:36:00,1777,441.653001444696
2015-08-27 05:46:00,1774,1026.5995195113474
2015-08-27 06:36:00,122,1157.2391121132196
2015-08-27 06:45:00,124,403.0346901280884
2015-08-27 08:06:00,171,225.52113460696629
2015-08-27 08:16:00,174,249.26838473249862
2015-08-27 08:25:00,207,226.42284080150898
2015-08-27 08:36:00,238,260.2646395301935
2015-08-27 08:44:00,265,261.64417725079
2015-08-27 08:56:00,322,290.5893788937292
2015-08-27 09:06:00,270,308.9489026543755
2015-08-27 09:16:00,213,300.9005654662849
2015-08-27 09:25:00,205,260.13223604874344
2015-08-27 09:35:00,173,257.1360509352768
2015-08-27 09:56:00,195,233.6483575334913
2015-08-27 10:06:00,221,244.14602452122097
2015-08-27 10:14:00,272,253.87088223405866
2015-08-27 10:26:00,336,282.7819197159718
2015-08-27 10:36:00,394,315.9100590174735
2015-08-27 10:56:00,472,352.38344444677097
2015-08-27 11:06:00,519,394.55736213945454
2015-08-27 11:16:00,565,428.12840404618737
2015-08-27 11:26:00,523,455.1378643687229
2015-08-27 11:35:00,636,444.2301474675902
2015-08-27 11:46:00,345,492.02348016147477
2015-08-27 11:56:00,326,373.66018851289186
2015-08-27 12:07:00,281,327.99012789623333
2015-08-27 12:27:00,199,311.2051747748864
2015-08-27 12:37:00,238,257.877051982188
2015-08-27 12:47:00,383,273.0148671886239
2015-08-27 12:57:00,413,337.88621993955206
2015-08-27 13:07:00,389,372.6387106923376
2015-08-27 13:17:00,364,361.6491876159688
2015-08-27 13:27:00,394,352.91449437386655
2015-08-27 13:36:00,376,360.6900594595847
2015-08-27 13:46:00,368,358.9604546050009
2015-08-27 16:17:00,193,350.32900025853803
2015-08-27 16:26:00,187,271.3340042967857
2015-08-27 17:27:00,177,244.6089885507101
2015-08-27 17:37:00,134,241.83570688609052
2015-08-27 17:46:00,110,214.0943971936892
2015-08-27 17:57:00,114,201.06658100894202
2015-08-27 18:17:00,90,195.3662949288929
2015-08-27 18:27:00,99,185.866103045857
2015-08-27 18:35:00,187,183.37915111928746
2015-08-27 19:15:00,131,226.36375022607618
2015-08-28 04:47:00,117,207.45787787687203
2015-08-28 05:08:00,400,194.83682167394934
2015-08-28 05:18:00,114,324.256688236979
2015-08-28 07:18:00,152,223.69869809757188
2015-08-28 07:37:00,160,205.48208810286107
2015-08-28 07:47:00,574,220.61902058135558
2015-08-28 08:19:00,218,402.37264794514147
2015-08-28 08:26:00,250,295.5155861379185
2015-08-28 08:38:00,280,258.1081016893345
2015-08-28 08:47:00,257,293.5035357452532
2015-08-28 08:58:00,246,266.1922499438823
2015-08-28 09:08:00,225,274.37648161915996
2015-08-28 09:28:00,167,249.96978324143984
2015-08-28 09:48:00,195,230.86066332170134
2015-08-28 09:57:00,247,227.26873089195809
2015-08-28 10:08:00,279,261.76302160347115
2015-08-28 10:18:00,334,274.72990949185083
2015-08-28 10:38:00,368,310.22524709918014
2015-08-28 10:48:00,334,327.9785844010662
2015-08-28 10:58:00,359,320.7104353685182
2015-08-28 11:07:00,500,325.82423504418836
2015-08-28 11:27:00,587,397.87288608851543
2015-08-28 11:34:00,612,452.4656357877442
2015-08-28 12:22:00,536,477.9321681481451
2015-08-28 12:36:00,728,447.178603341674
2015-08-28 12:58:00,844,530.5342728828994
2015-08-28 13:07:00,566,608.9598096079358
2015-08-28 13:18:00,675,493.8453566174952
2015-08-28 13:28:00,616,517.5767292084713
2015-08-28 13:38:00,781,505.79268167453745
2015-08-28 13:56:00,702,571.4404840729767
2015-08-28 14:08:00,476,562.6980682988124
2015-08-28 14:18:00,297,443.2399292260127
2015-08-28 14:28:00,258,343.68142878129777
2015-08-28 14:48:00,223,297.494650587765
2015-08-28 14:58:00,197,279.4376979086871
2015-08-28 15:38:00,234,256.47968264175086
2015-08-28 15:47:00,248,273.8569876260046
2015-08-28 15:58:00,260,279.9931104558146
2015-08-28 16:07:00,231,289.1916497921693
2015-08-28 16:27:00,215,274.89258778966826
2015-08-28 17:08:00,206,265.14063736760113
2015-08-28 17:38:00,177,257.42313455245716
2015-08-28 19:48:00,276,242.63586628389388
2015-08-28 19:58:00,277,283.6692142133115
2015-08-28 23:08:00,183,295.89293355495283
2015-08-28 23:48:00,299,250.2832978786998
2015-08-28 23:58:00,328,295.3522260439912
2015-08-29 10:53:00,157,320.6297960690939
2015-08-29 12:14:00,182,243.4634792320751
2015-08-29 12:25:00,167,236.5010474271439
2015-08-29 13:21:00,212,231.6867859388654
2015-08-29 13:55:00,172,247.05324727208261
2015-08-29 15:35:00,157,235.53490525065143
2015-08-29 18:45:00,133,220.39840516749047
2015-08-29 18:55:00,189,209.7851491930885
2015-08-29 19:04:00,185,228.85244662504346
2015-08-29 19:14:00,182,235.24145613209467
2015-08-29 19:34:00,172,229.7350469021479
2015-08-29 19:55:00,364,227.3119269901813
2015-08-29 20:04:00,378,311.9136302450496
2015-08-29 20:15:00,468,343.3524210103637
2015-08-29 20:23:00,761,383.70693619739336
2015-08-29 20:34:00,556,537.1413729558966
2015-08-29 20:44:00,606,473.66123854202834
2015-08-29 20:55:00,545,477.9229585135505
2015-08-29 21:03:00,286,460.5811864025967
2015-08-29 21:15:00,243,328.56499125799485
2015-08-30 04:55:00,109,283.89813369919784
2015-08-30 06:07:00,121,212.32396255839518
2015-08-30 09:37:00,166,200.20974345941255
2015-08-30 09:45:00,167,221.57956840997798
2015-08-30 10:27:00,136,223.68360351395944
2015-08-30 10:47:00,112,210.24129157261797
2015-08-30 10:56:00,119,193.7064397562029
2015-08-30 11:27:00,148,194.02009832405648
2015-08-30 12:25:00,182,206.07888276131152
2015-08-30 14:27:00,112,224.77346925635413
2015-08-30 14:46:00,331,194.95131142371986
2015-08-30 14:57:00,358,288.1712178160234
2015-08-30 15:07:00,377,326.93096407493164
2015-08-30 15:16:00,261,336.1136166627038
2015-08-30 15:25:00,319,290.62519287511816
2015-08-30 15:37:00,349,299.88621481691985
2015-08-30 15:46:00,322,325.31962693289586
2015-08-30 15:57:00,252,310.3826201704698
2015-08-30 16:07:00,215,280.3637899403993
2015-08-30 16:17:00,255,250.86234765198836
2015-08-30 16:27:00,284,268.0647399222694
2015-08-30 16:47:00,331,282.118445522784
2015-08-30 17:05:00,569,309.31399326181537
2015-08-30 17:17:00,511,424.08356832269715
2015-08-30 17:26:00,431,427.7711686869213
2015-08-30 17:37:00,536,382.9264236778483
2015-08-30 17:47:00,520,429.3008039079001
2015-08-30 17:57:00,744,430.51120414646897
2015-08-30 18:06:00,485,535.8613389290884
2015-08-30 18:15:00,402,443.9204429371433
2015-08-30 18:26:00,351,374.557186166861
2015-08-30 18:37:00,290,348.49486813427956
2015-08-30 18:47:00,237,305.6378768353729
2015-08-30 18:57:00,199,279.4015506677701
2015-08-30 19:16:00,211,249.54465616453348
2015-08-30 19:27:00,185,253.80836080189977
2015-08-30 19:37:00,150,238.47725527270035
2015-08-30 20:17:00,162,220.8840446340494
2015-08-30 20:27:00,163,219.59676327232904
2015-08-30 21:07:00,167,221.96012601157926
2015-08-30 22:17:00,171,221.18594302786528
2015-08-31 04:47:00,119,224.34537849304724
2015-08-31 05:26:00,114,198.46562128798752
2015-08-31 05:57:00,118,190.23044604349207
2015-08-31 07:50:00,176,189.86278247873216
2015-08-31 08:03:00,172,215.90590331752009
2015-08-31 08:11:00,168,220.1038993780987
2015-08-31 08:22:00,228,216.65206046469095
2015-08-31 08:32:00,280,244.66091118855041
2015-08-31 08:53:00,253,274.4488772762442
2015-08-31 09:03:00,189,268.20692494388584
2015-08-31 09:13:00,195,235.40131347548967
2015-08-31 10:43:00,278,231.11238337360405
2015-08-31 11:03:00,329,269.235403540326
2015-08-31 11:13:00,292,301.88622281351974
2015-08-31 11:22:00,309,290.67148545200786
2015-08-31 11:29:00,299,295.3788076336164
2015-08-31 11:43:00,268,293.2217113155847
2015-08-31 11:53:00,263,276.8175754536523
2015-08-31 12:03:00,259,271.7685598252422
2015-08-31 14:03:00,171,268.41752811663423
2015-08-31 14:12:00,165,227.02023188305753
2015-08-31 14:33:00,127,213.0556239095847
2015-08-31 16:23:00,153,194.7674786408205
2015-08-31 17:43:00,178,199.47500548916588
2015-08-31 18:23:00,128,215.01298848646945
2015-08-31 19:11:00,177,191.84639013682775
2015-09-01 05:11:00,308,209.9404804414159
2015-09-01 05:23:00,686,275.078954784167
2015-09-01 05:32:00,748,465.7761145971449
2015-09-01 08:05:00,164,540.8876151171731
2015-09-01 08:15:00,154,278.83063054778034
2015-09-01 08:25:00,165,212.07208234003048
2015-09-01 08:35:00,225,216.20976727695808
2015-09-01 08:44:00,243,234.84047889462704
2015-09-01 08:55:00,257,256.2247419247303
2015-09-01 09:15:00,194,258.65361002400743
2015-09-01 09:24:00,158,236.66339303985848
2015-09-01 10:35:00,124,207.58924522101483
2015-09-01 10:45:00,134,191.4611368893929
2015-09-01 10:55:00,118,186.73447027488697
2015-09-01 11:04:00,465,182.94493372116153
2015-09-01 11:14:00,114,337.907358046917
2015-09-01 11:45:00,174,219.37257424058862
2015-09-01 13:44:00,141,200.1020135493724
2015-09-01 13:54:00,114,203.87878792886954
2015-09-01 14:11:00,91,170.94527393864024
2015-09-01 14:25:00,116,169.87015587256894
2015-09-01 14:35:00,140,166.03908798590837
2015-09-01 14:45:00,126,188.7699050502368
2015-09-01 22:01:00,147,175.7131755790708
2015-09-01 22:11:00,132,190.47907264054555
2015-09-01 23:21:00,176,179.64603554253324
2015-09-01 23:41:00,318,202.08994104406722
2015-09-01 23:59:00,460,269.419905521903
2015-09-02 07:21:00,170,354.5559565610605
2015-09-02 07:41:00,170,235.20283210514108
2015-09-02 09:00:00,210,204.2622065167698
2015-09-02 09:11:00,175,224.4423209142365
2015-09-02 09:21:00,217,206.58375894740024
2015-09-02 09:41:00,156,225.54056594527842
2015-09-02 13:41:00,142,199.3012483165888
2015-09-02 14:11:00,66,186.51254297077358
2015-09-02 14:20:00,47,148.83186132103432
2015-09-02 17:10:00,151,129.41978100736648
2015-09-02 19:40:00,171,175.1439038265693
2015-09-02 19:49:00,174,194.20278685956458
2015-09-02 22:16:00,186,197.71401216107654
2015-09-02 22:36:00,605,204.52260382358867
2015-09-02 22:44:00,770,399.8215397896098
2015-09-02 22:56:00,991,527.7677497193445
2015-09-02 23:06:00,1190,649.3874038073188
2015-09-02 23:14:00,1150,780.1042892643376
2015-09-02 23:26:00,1033,785.1792934406228
2015-09-02 23:36:00,771,737.899231819609
2015-09-02 23:46:00,723,605.31967228187
2015-09-02 23:54:00,768,557.3005628213389
2015-09-03 00:06:00,639,573.2148951257637
2015-09-03 00:16:00,683,518.2895560445161
2015-09-03 00:26:00,682,525.9264173777491
2015-09-03 00:36:00,940,533.6541925336853
2015-09-03 00:46:00,908,652.1945932270378
2015-09-03 00:55:00,835,673.8252203054182
2015-09-03 01:06:00,653,634.9649605723299
2015-09-03 01:26:00,674,552.7748403707578
2015-09-03 01:36:00,954,536.9568899634245
2015-09-03 01:46:00,1028,676.5465436381368
2015-09-03 01:56:00,411,739.0732524723046
2015-09-03 02:05:00,204,468.90004856905074
2015-09-03 04:35:00,105,301.4990147090155
2015-09-03 04:46:00,116,236.55184752387765
2015-09-03 04:54:00,111,215.22881391977256
2015-09-03 05:05:00,110,219.51776022619546
2015-09-03 05:15:00,111,208.6470688460123
2015-09-03 05:25:00,110,214.28052939731015
2015-09-03 05:50:00,126,206.6874816324308
2015-09-03 06:06:00,118,217.395977027089
2015-09-03 06:16:00,121,210.1875009449979
2015-09-03 06:46:00,127,212.55771766931565
2015-09-03 07:45:00,153,211.96787499801667
2015-09-03 08:16:00,176,225.41202404164048
2015-09-03 08:26:00,228,236.4064429001895
2015-09-03 08:35:00,296,263.5759520171882
2015-09-03 08:46:00,429,299.78447578517745
2015-09-03 08:56:00,404,369.997076617197
2015-09-03 09:06:00,358,374.1671158784366
2015-09-03 09:15:00,351,350.70993029731403
2015-09-03 09:26:00,274,344.38390408441205
2015-09-03 09:46:00,247,306.36626196308794
2015-09-03 09:55:00,249,285.0230699151157
2015-09-03 10:06:00,298,282.1363204124473
2015-09-03 10:16:00,314,303.64645261403155
2015-09-03 10:26:00,352,316.6898872961757
2015-09-03 10:36:00,321,335.5166260599438
2015-09-03 10:55:00,211,326.75022587325975
2015-09-03 11:36:00,194,271.10663181348446
2015-09-03 11:46:00,158,251.308638373244
2015-09-03 11:55:00,190,230.86957163337095
2015-09-03 12:05:00,251,239.60700859118987
2015-09-03 12:16:00,197,271.3294005062631
2015-09-03 12:26:00,149,251.58479353239514
2015-09-03 12:36:00,161,223.30767916853625
2015-09-03 12:45:00,108,222.87657997985025
2015-09-03 13:36:00,147,197.90365799832233
2015-09-03 16:24:00,182,208.35359421551087
2015-09-03 16:46:00,162,228.860075941779
2015-09-03 17:14:00,215,221.17687056861962
2015-09-03 17:24:00,218,244.27890510913082
2015-09-03 17:36:00,168,250.70288275946473
2015-09-03 17:44:00,185,227.19803910800118
2015-09-03 17:56:00,126,229.37066954161034
2015-09-03 18:06:00,42,203.06029166650848
2015-09-03 18:15:00,41,155.400601345306
2015-09-03 18:24:00,110,144.88606055541263
2015-09-03 18:35:00,152,174.04708520922844
2015-09-03 18:45:00,164,200.13001705833642
2015-09-03 19:06:00,141,209.34979768000989
2015-09-03 19:36:00,162,200.48357094510152
2015-09-03 21:52:00,153,206.56208762661475
2015-09-03 22:12:00,306,204.780436930279
2015-09-03 22:32:00,512,273.06428841433194
2015-09-03 22:42:00,464,387.92656419141383
2015-09-03 22:52:00,665,388.6547507651888
2015-09-03 23:02:00,203,480.31553913215316
2015-09-04 05:53:00,2222,292.90211980973845
2015-09-04 07:43:00,151,1173.7941134630637
2015-09-04 07:52:00,151,466.38924987196685
2015-09-04 08:01:00,162,195.1462211459342
2015-09-04 08:23:00,190,270.6701557416353
2015-09-04 08:31:00,201,196.1432159472
2015-09-04 08:43:00,236,272.52617342282656
2015-09-04 08:53:00,243,230.81469799351157
2015-09-04 09:03:00,218,287.18980277241144
2015-09-04 09:23:00,162,234.45798080440784
2015-09-04 09:43:00,173,240.4688686609586
2015-09-04 09:53:00,206,208.88528969571752
2015-09-04 10:03:00,224,249.4467752783054
2015-09-04 10:13:00,223,239.31002980173318
2015-09-04 10:23:00,230,258.559455647997
2015-09-04 10:43:00,269,246.5008444453876
2015-09-04 10:53:00,255,277.83221216599543
2015-09-04 11:02:00,292,264.9631146524549
2015-09-04 11:13:00,245,289.1358894315459
2015-09-04 11:23:00,212,264.89588581698524
2015-09-04 11:53:00,252,249.0206437958616
2015-09-04 12:03:00,296,259.82934880452376
2015-09-04 12:41:00,165,287.16882056823056
2015-09-04 13:39:00,335,228.38520285080892
2015-09-04 13:52:00,495,294.168394738244
2015-09-04 14:02:00,626,387.9811440136558
2015-09-04 14:12:00,828,465.8442144152449
2015-09-04 14:22:00,627,580.3775163114406
2015-09-04 14:33:00,374,512.5450833463161
2015-09-04 14:53:00,298,375.3653326999764
2015-09-04 15:02:00,208,314.5399164704277
2015-09-04 15:23:00,200,260.0265068457328
2015-09-04 15:33:00,265,244.36138709398728
2015-09-04 15:43:00,276,272.32926956222127
2015-09-04 15:52:00,308,283.528266263179
2015-09-04 16:03:00,255,299.571590102119
2015-09-04 16:12:00,284,279.480033858023
2015-09-04 16:23:00,289,285.91237592983947
2015-09-04 16:33:00,308,292.9184508700355
2015-09-04 16:42:00,347,300.0334878908399
2015-09-04 16:53:00,346,322.5001901353092
2015-09-04 16:58:00,360,325.00327420240035
2015-09-04 17:13:00,350,333.15589169206527
2015-09-04 17:30:00,255,329.8233745133341
2015-09-04 18:02:00,187,285.25246854106
2015-09-04 18:12:00,166,242.17859420954346
2015-09-04 19:02:00,155,224.4807155764983
2015-09-05 08:39:00,163,214.49168850371433
2015-09-05 09:39:00,195,216.20936836738093
2015-09-05 09:59:00,517,230.5902474243968
2015-09-05 10:09:00,628,383.51814845712204
2015-09-05 10:28:00,391,473.47825508579564
2015-09-05 10:37:00,175,376.5417474420211
2015-09-05 10:49:00,172,254.90304164332295
2015-09-05 10:59:00,151,227.21664804029464
2015-09-05 13:27:00,198,214.89634642325834
2015-09-05 14:47:00,155,230.5353293703968
2015-09-05 19:07:00,145,217.2117791190383
2015-09-05 19:56:00,161,204.40862613033096
2015-09-05 20:17:00,189,212.75042951148632
2015-09-05 20:27:00,182,223.87559102650917
2015-09-05 22:37:00,120,225.3947800680948
2015-09-06 04:47:00,107,193.36943898382637
2015-09-06 05:27:00,1572,181.1716091886817
2015-09-06 05:37:00,1472,858.1129435894202
2015-09-06 05:47:00,1900,989.4916729174782
2015-09-06 06:07:00,118,1172.1408243966187
2015-09-06 06:47:00,116,436.6937681113266
2015-09-06 06:57:00,115,198.23070243684197
2015-09-06 07:37:00,116,240.9833808807339
2015-09-06 09:37:00,160,174.84987150777607
2015-09-06 10:47:00,115,243.9236940436253
2015-09-06 10:57:00,112,184.46254874161374
2015-09-06 15:01:00,131,212.0030563435433
2015-09-06 15:51:00,137,190.5826246104666
2015-09-06 16:11:00,193,217.99666502490462
2015-09-06 19:01:00,135,223.65028785960772
2015-09-06 19:11:00,142,219.56246438998662
2015-09-06 19:21:00,167,200.46470850986898
2015-09-06 19:31:00,143,225.52926527140937
2015-09-06 19:39:00,149,204.22309876073362
2015-09-06 20:21:00,86,213.35634221610889
2015-09-06 20:30:00,339,176.0052908573512
2015-09-06 20:40:00,415,291.263324962021
2015-09-06 20:51:00,1634,351.4715862754015
2015-09-06 21:01:00,1067,928.5342062257585
2015-09-06 21:20:00,521,816.8254790399709
2015-09-06 21:31:00,612,492.3740819829861
2015-09-06 21:41:00,101,504.0715173730359
2015-09-06 22:01:00,95,250.38547266533314
2015-09-06 22:11:00,433,200.06276387623268
2015-09-07 05:21:00,749,347.34870662993114
2015-09-07 05:31:00,1248,532.2229757776249
2015-09-07 05:41:00,1330,800.6962106565489
2015-09-07 06:00:00,116,907.0054916508549
2015-09-07 06:51:00,113,356.17084601806596
2015-09-07 07:01:00,118,222.23234478495777
2015-09-07 07:21:00,137,226.142506390058
2015-09-07 07:31:00,131,212.1614436947242
2015-09-07 08:21:00,154,225.28719106668797
2015-09-07 08:41:00,165,220.78513903687642
2015-09-07 08:51:00,173,238.8323797965303
2015-09-07 09:01:00,147,233.02798338860345
2015-09-07 09:11:00,149,229.39549528703245
2015-09-07 11:00:00,113,219.25624594664086
2015-09-07 11:21:00,151,207.87562561401458
2015-09-07 11:39:00,151,214.4761479614592
2015-09-07 13:42:00,143,222.7959227969769
2015-09-07 14:03:00,164,213.0518811670104
2015-09-07 14:13:00,160,225.55035289607247
2015-09-07 15:54:00,71,221.40944455729195
2015-09-07 16:24:00,159,181.5967135231021
2015-09-07 17:24:00,136,208.60925827413817
2015-09-07 19:03:00,150,209.67759465375406
2015-09-07 19:13:00,141,208.37496958883145
2015-09-07 20:03:00,162,209.69963552108186
2015-09-07 20:13:00,158,213.15936724726157
2015-09-07 20:33:00,157,216.7877905142442
2015-09-07 21:33:00,156,211.5087600244438
2015-09-07 22:12:00,152,213.39824207256765
2015-09-08 04:23:00,120,207.82809836009815
2015-09-08 05:13:00,115,193.97438939644863
2015-09-08 05:23:00,1102,184.98907971908932
2015-09-08 05:32:00,1238,643.8239034915298
2015-09-08 05:41:00,1496,824.4207919222724
2015-09-08 07:53:00,172,959.7211641370463
2015-09-08 08:20:00,196,400.97945023167046
2015-09-08 08:32:00,293,243.7608144474936
2015-09-08 08:42:00,344,316.89327353225747
2015-09-08 08:53:00,344,308.9918424725345
2015-09-08 09:03:00,304,346.8055943033956
2015-09-08 09:12:00,254,302.2101088261546
2015-09-08 09:23:00,180,297.08966463963725
2015-09-08 09:43:00,120,237.69423820050545
2015-09-08 10:03:00,163,215.86760176098466
2015-09-08 10:13:00,224,214.3010857163764
2015-09-08 10:32:00,233,257.0620913045831
2015-09-08 10:36:00,256,257.59187147585226
2015-09-08 10:47:00,195,277.4380456853316
2015-09-08 10:57:00,178,245.20856934820677
2015-09-08 11:07:00,153,234.90534784274666
2015-09-08 11:45:00,169,216.89081499623956
2015-09-08 12:25:00,164,222.77493354970278
2015-09-08 13:47:00,125,219.34532503328714
2015-09-08 14:07:00,87,201.03120722381868
2015-09-08 14:17:00,126,176.99672321799457
2015-09-08 14:26:00,118,190.38057081310177
2015-09-08 14:47:00,126,189.0736164679863
2015-09-08 14:57:00,119,190.76943794795403
2015-09-08 15:45:00,173,188.1005458576013
2015-09-08 16:27:00,72,210.77285170775005
2015-09-08 16:37:00,819,170.1426041474208
2015-09-08 16:46:00,872,503.2149616042891
2015-09-08 17:06:00,42,620.2475248396206
2015-09-08 17:15:00,22,234.9631999670338
2015-09-08 17:27:00,164,146.7241461836521
2015-09-08 17:47:00,147,201.8409714381601
2015-09-08 19:57:00,165,202.7462505575878
2015-09-08 20:05:00,152,210.46450850231963
2015-09-08 20:47:00,153,205.95002485200982
2015-09-09 05:04:00,532,203.92679747453388
2015-09-09 05:37:00,123,379.9647054791229
2015-09-09 07:27:00,174,234.7543236749205
2015-09-09 07:47:00,202,207.69709033915814
2015-09-09 07:57:00,325,237.03192238929776
2015-09-09 08:07:00,386,281.7965073064588
2015-09-09 08:17:00,362,337.0568026971219
2015-09-09 08:27:00,312,322.7161642069265
2015-09-09 08:37:00,215,307.87262051903764
2015-09-09 08:46:00,166,249.63690305662718
2015-09-09 09:17:00,149,221.67839704897082
2015-09-09 09:57:00,196,201.80269741076467
2015-09-09 10:17:00,275,224.22279851584187
2015-09-09 10:19:00,272,262.13425851086896
2015-09-09 10:27:00,303,272.24669926647437
2015-09-09 10:49:00,185,284.37952698569455
2015-09-09 10:58:00,128,236.27780930737975
2015-09-09 13:30:00,148,192.97630268951957
2015-09-09 14:50:00,150,198.31380556587695
2015-09-09 15:10:00,183,196.45834906183114
2015-09-09 15:40:00,213,213.58545745476272
2015-09-09 15:48:00,189,229.02583836316722
2015-09-09 16:10:00,185,222.36533457712144
2015-09-09 16:19:00,164,216.44655750358288
2015-09-09 16:30:00,214,207.16863988656857
2015-09-09 16:39:00,215,225.90388785591747
2015-09-09 16:48:00,193,233.13953283592008
2015-09-09 17:00:00,225,220.95028037440997
2015-09-09 17:10:00,285,235.0850511342445
2015-09-09 17:20:00,289,264.8886627297734
2015-09-09 17:30:00,300,274.5941307236091
2015-09-09 17:48:00,366,279.6954040567126
2015-09-09 18:00:00,398,313.3801351182247
2015-09-09 18:10:00,428,335.3728862614586
2015-09-09 18:20:00,458,354.4566642223082
2015-09-09 18:28:00,467,373.09066194159175
2015-09-09 18:39:00,535,382.0599347002187
2015-09-09 18:50:00,506,415.98791344715966
2015-09-09 19:00:00,531,412.25074776665883
2015-09-09 19:10:00,497,421.2137475810105
2015-09-09 19:20:00,533,411.5462716355425
2015-09-09 19:30:00,448,423.5208253311797
2015-09-09 19:40:00,375,391.85149790692344
2015-09-09 19:49:00,329,346.2525922077319
2015-09-09 21:10:00,140,320.1786772528279
2015-09-09 22:20:00,133,223.6054649937642
2015-09-09 22:30:00,158,199.38796784406225
2015-09-09 22:40:00,143,208.03626331660936
2015-09-09 23:00:00,138,201.04046899303688
2015-09-09 23:40:00,134,197.0735526600725
2015-09-10 00:10:00,130,193.38108707223927
2015-09-10 00:20:00,125,190.36992291618677
2015-09-10 00:30:00,121,186.4707014910111
2015-09-10 04:20:00,135,183.28104909854872
2015-09-10 04:40:00,117,188.25828467848163
2015-09-10 04:50:00,132,180.78408651925054
2015-09-10 05:00:00,128,184.51867531627693
2015-09-10 05:10:00,115,184.15222304076536
2015-09-10 05:20:00,134,176.00924833099833
2015-09-10 05:26:00,127,183.3713930603607
2015-09-10 05:50:00,136,180.86759805878418
2015-09-10 06:00:00,137,183.6902896263006
2015-09-10 06:40:00,135,184.60206968554348
2015-09-10 06:50:00,146,182.85085531506888
2015-09-10 07:10:00,142,187.34598060584813
2015-09-10 07:30:00,227,185.9163986927997
2015-09-10 07:40:00,242,224.37723441442603
2015-09-10 08:10:00,287,241.21753253386134
2015-09-10 08:20:00,326,263.03154410816813
2015-09-10 08:30:00,328,288.4888924044063
2015-09-10 08:39:00,354,292.9129608083211
2015-09-10 08:50:00,431,307.3840626046673
2015-09-10 09:00:00,409,346.0369600802938
2015-09-10 09:10:00,555,346.3194928342708
2015-09-10 09:20:00,451,411.8543223096106
2015-09-10 09:29:00,502,384.15114746038535
2015-09-10 09:39:00,325,393.93874178773837
2015-09-10 09:50:00,348,324.4426280198509
2015-09-10 10:00:00,204,308.5664539412656
2015-09-10 10:20:00,214,251.89838609060598
2015-09-10 10:30:00,170,230.44543135146594
2015-09-10 10:40:00,177,219.260186009867
2015-09-10 10:53:00,171,207.28881365236919
2015-09-10 11:03:00,177,212.83427286756395
2015-09-10 11:54:00,101,206.78753399982975
2015-09-10 12:04:00,90,178.0329353952816
2015-09-10 12:14:00,93,157.63545816708563
2015-09-10 12:21:00,72,162.01495701285364
2015-09-10 12:34:00,86,146.09255466701032
2015-09-10 12:44:00,89,153.33481026661926
2015-09-10 12:54:00,144,151.95631740647124
2015-09-10 13:03:00,180,179.3589060909983
2015-09-10 13:13:00,153,199.97247059558563
2015-09-10 13:34:00,159,192.48551437294446
2015-09-10 13:40:00,149,191.1624989145675
2015-09-10 13:53:00,156,188.007211460054
2015-09-10 14:40:00,183,188.09987437645978
2015-09-10 15:04:00,192,202.27685504674955
2015-09-10 15:14:00,222,207.9323051028926
2015-09-10 15:24:00,226,223.62319246964006
2015-09-10 15:43:00,232,228.4052855330061
2015-09-10 15:53:00,210,231.94881198276306
2015-09-10 16:04:00,216,222.54053924756386
2015-09-10 16:14:00,207,222.55381654725633
2015-09-10 16:23:00,284,219.23600912213635
2015-09-10 16:33:00,205,253.1313998001054
2015-09-10 16:43:00,210,226.26341682839808
2015-09-10 16:54:00,178,217.94831393993732
2015-09-10 17:14:00,199,206.32873402590675
2015-09-10 17:23:00,244,208.5185118497212
2015-09-10 17:34:00,234,234.69477801830405
2015-09-10 17:43:00,219,232.0515023826264
2015-09-10 17:52:00,169,226.53951885766065
2015-09-10 18:04:00,68,200.06811041494603
2015-09-10 18:14:00,73,148.16472364972435
2015-09-10 18:23:00,185,136.84953196660655
2015-09-10 18:44:00,307,189.21248650578073
2015-09-10 18:54:00,342,256.2746424776339
2015-09-10 19:04:00,391,288.09742679971896
2015-09-10 19:14:00,338,315.649131267243
2015-09-10 19:23:00,230,299.5717884372693
2015-09-10 19:32:00,179,242.76226923803694
2015-09-10 19:44:00,154,208.6710874386455
2015-09-10 20:04:00,166,189.01573689287517
2015-09-10 20:14:00,161,191.18163058260015
2015-09-11 04:58:00,371,188.89018795400813
2015-09-11 07:34:00,153,285.5749892236429
2015-09-11 07:43:00,162,209.5077617806632
2015-09-11 07:54:00,204,186.23271245153825
2015-09-11 08:04:00,342,212.74093857599738
2015-09-11 08:14:00,333,273.24077951374534
2015-09-11 08:24:00,351,292.0393888066978
2015-09-11 08:34:00,389,294.2152788143849
2015-09-11 08:44:00,422,321.816026228362
2015-09-11 08:54:00,382,336.52064121960166
2015-09-11 09:04:00,426,327.81849458637504
2015-09-11 09:10:00,339,340.6195214735632
2015-09-11 09:24:00,326,310.4539393925625
2015-09-11 09:34:00,191,290.4933249662983
2015-09-11 10:14:00,168,231.5593045727282
2015-09-11 10:24:00,169,199.52686975241744
2015-09-11 10:34:00,181,201.84686629102845
2015-09-11 10:44:00,234,200.79045035593032
2015-09-11 10:53:00,248,230.9408245250917
2015-09-11 11:04:00,280,239.55442872009547
2015-09-11 11:14:00,270,259.20208082250116
2015-09-11 11:23:00,238,256.6292151496601
2015-09-11 11:30:00,199,242.43146458025194
2015-09-11 11:40:00,155,219.77138885038676
2015-09-11 11:59:00,217,195.3380996317506
2015-09-11 12:13:00,241,217.58086141773887
2015-09-11 12:27:00,348,236.1647783112951
2015-09-11 12:40:00,399,287.04554170996573
2015-09-11 12:49:00,290,325.81696218931154
2015-09-11 12:58:00,306,280.0207688752626
2015-09-11 13:19:00,258,278.1155024865217
2015-09-11 13:30:00,251,257.3481006829566
2015-09-11 13:40:00,291,247.42256107681237
2015-09-11 13:50:00,342,266.48788188726087
2015-09-11 14:00:00,244,293.2630686428539
2015-09-11 14:20:00,131,255.15150299961937
2015-09-11 14:50:00,147,190.61509075521639
2015-09-11 15:20:00,187,186.36868940080853
2015-09-11 15:29:00,210,203.83417052911042
2015-09-11 15:40:00,305,218.63515021884467
2015-09-11 15:50:00,319,265.001634514265
2015-09-11 16:00:00,362,283.5572826802463
2015-09-11 16:10:00,384,304.80692620478004
2015-09-11 16:30:00,423,322.8492049501217
2015-09-11 16:40:00,439,342.67071474419015
2015-09-11 16:50:00,442,357.60084603967897
2015-09-11 17:10:00,449,360.443729844187
2015-09-11 17:20:00,450,366.921024020253
2015-09-11 17:30:00,403,368.1016638777995
2015-09-11 17:40:00,425,348.4864024965642
2015-09-11 17:50:00,417,353.2683337158802
2015-09-11 18:00:00,393,354.01745605555294
2015-09-11 18:10:00,378,340.99839348755347
2015-09-11 18:19:00,316,333.68961188330263
2015-09-11 18:30:00,283,302.32783091723127
2015-09-11 18:39:00,273,280.8906628559085
2015-09-11 18:50:00,265,271.84672561070016
2015-09-11 19:00:00,283,266.63176362721424
2015-09-11 19:10:00,305,273.6203219858832
2015-09-11 19:13:00,295,286.07123878878645
2015-09-11 19:23:00,250,283.76300930293365
2015-09-11 19:33:00,233,262.22493419137294
2015-09-11 19:43:00,232,249.06346462725142
2015-09-11 19:53:00,200,246.51802184006544
2015-09-11 20:02:00,189,230.54860346687468
2015-09-11 20:23:00,163,221.51166249670527
2015-09-11 21:43:00,169,207.63424694203837
2015-09-11 21:51:00,180,206.35752205425337
2015-09-11 22:03:00,170,211.86296145896813
2015-09-11 22:33:00,86,207.24969091326506
2015-09-12 03:03:00,119,167.05645358576476
2015-09-12 04:53:00,49,171.38667753282513
2015-09-12 05:13:00,118,142.539799981907
2015-09-12 05:22:00,467,163.0710264875355
2015-09-12 05:39:00,1960,335.11089394390206
2015-09-12 06:43:00,123,1066.8758285521385
2015-09-12 08:32:00,143,398.12497033156757
2015-09-12 08:43:00,171,186.4490727590213
2015-09-12 08:53:00,196,245.082258017539
2015-09-12 09:03:00,229,196.83657302517497
2015-09-12 09:13:00,253,262.65225989519337
2015-09-12 09:23:00,269,236.54984212182785
2015-09-12 09:32:00,233,281.033483272307
2015-09-12 09:42:00,281,237.679988699864
2015-09-12 09:53:00,268,279.8225145678759
2015-09-12 10:03:00,234,259.63520160625023
2015-09-12 10:13:00,199,258.00331296612944
2015-09-12 10:22:00,166,225.13328430315232
2015-09-12 10:33:00,188,215.88564491687166
2015-09-12 10:43:00,206,212.45885279251024
2015-09-12 10:53:00,223,230.2029099030571
2015-09-12 11:03:00,267,232.8865743628865
2015-09-12 11:13:00,252,260.9845385477073
2015-09-12 11:14:00,254,254.34662079936982
2015-09-12 13:08:00,165,257.45918550517445
2015-09-12 13:47:00,137,213.75715354819465
2015-09-12 13:58:00,138,191.78020344561492
2015-09-12 15:07:00,138,187.25550239986956
2015-09-12 15:58:00,135,186.24497490226113
2015-09-12 17:48:00,231,183.75902619246438
2015-09-12 17:57:00,264,227.5115943166484
2015-09-12 18:08:00,280,253.67760863908785
2015-09-12 18:18:00,338,264.3704408401138
2015-09-12 18:28:00,303,295.12135572100846
2015-09-12 18:38:00,212,285.2163363281184
2015-09-12 18:48:00,174,239.77688692733983
2015-09-12 19:08:00,182,211.95178947826
2015-09-12 19:18:00,154,210.44498350832038
2015-09-12 19:28:00,167,196.91220993048535
2015-09-12 19:38:00,161,198.99844167720903
2015-09-12 19:47:00,193,197.47500761957843
2015-09-12 19:58:00,181,210.33512677431736
2015-09-12 20:07:00,158,208.95807725513268
2015-09-12 20:18:00,211,195.46466368861718
2015-09-12 20:28:00,230,218.3170141506533
2015-09-12 20:38:00,178,231.94392179296037
2015-09-12 20:58:00,158,210.0522684010982
2015-09-12 21:28:00,152,194.80420889960027
2015-09-12 21:57:00,143,189.5807272455735
2015-09-12 22:38:00,115,183.1957495105581
2015-09-12 23:37:00,141,168.93945785502424
2015-09-13 00:58:00,157,176.5868028944135
2015-09-13 04:57:00,118,186.86347229701607
2015-09-13 05:08:00,119,169.1128875110315
2015-09-13 05:47:00,112,165.4137662057311
2015-09-13 06:48:00,116,161.3090706681572
2015-09-13 06:57:00,115,161.305026109049
2015-09-13 07:05:00,116,160.88006363129028
2015-09-13 07:18:00,125,160.18904089928054
2015-09-13 07:28:00,118,164.18999150227302
2015-09-13 08:08:00,119,161.07164849101525
2015-09-13 08:18:00,120,160.3104086897034
2015-09-13 08:58:00,132,160.29869684634673
2015-09-13 09:28:00,128,165.28258344100834
2015-09-13 10:18:00,131,164.3846244052133
2015-09-13 10:27:00,132,164.63304542227831
2015-09-13 10:57:00,110,165.2825296636715
2015-09-13 11:28:00,139,154.33301182503672
2015-09-13 11:38:00,131,164.9576018183178
2015-09-13 11:48:00,130,164.0817837615174
2015-09-13 11:58:00,133,161.71248657603377
2015-09-13 12:08:00,136,163.38779101237057
2015-09-13 12:16:00,141,163.88545205504158
2015-09-13 12:47:00,135,166.73648002872693
2015-09-13 13:06:00,132,163.6377061812796
2015-09-13 13:48:00,119,161.55128561985833
2015-09-13 14:29:00,135,154.49342759374906
2015-09-13 14:49:00,139,160.04257500421133
2015-09-13 14:59:00,148,163.273741848265
2015-09-13 15:19:00,139,167.2687694533344
2015-09-13 15:40:00,134,164.22950138871977
2015-09-13 15:50:00,152,160.17555773265406
2015-09-13 15:59:00,151,168.05897285591985
2015-09-13 16:10:00,175,168.90725944397735
2015-09-13 16:19:00,164,179.8380013022008
2015-09-13 16:29:00,183,177.49973961130232
2015-09-13 16:39:00,173,184.59117674226667
2015-09-13 16:49:00,192,182.74394880928511
2015-09-13 17:00:00,212,189.43408224041477
2015-09-13 17:07:00,178,201.9486679656056
2015-09-13 17:30:00,146,187.4127433624251
2015-09-13 17:40:00,142,169.5603089024769
2015-09-13 18:10:00,149,163.38239261312435
2015-09-13 18:30:00,146,165.84435498282988
2015-09-13 18:40:00,154,164.41358173155422
2015-09-13 18:59:00,145,167.7501014695552
2015-09-13 19:20:00,160,164.14746538407593
2015-09-13 19:28:00,157,169.78489137737463
2015-09-13 19:39:00,173,170.12619230814423
2015-09-13 20:08:00,127,176.60787147006755
2015-09-13 20:19:00,66,157.5474613986942
2015-09-13 20:29:00,69,122.86647467562014
2015-09-13 20:39:00,41,117.55045946186647
2015-09-13 20:49:00,42,103.01436519454549
2015-09-13 20:59:00,41,99.23642047277862
2015-09-13 21:08:00,38,98.24268032005789
2015-09-13 21:28:00,38,95.28053078767243
2015-09-13 21:39:00,74,94.58383177616547
2015-09-13 21:49:00,62,110.1013179193775
2015-09-13 21:59:00,60,108.40486020473958
2015-09-13 22:09:00,62,104.9161974419275
2015-09-13 22:29:00,129,106.05942004809938
2015-09-14 00:40:00,124,135.79227332580598
2015-09-14 01:40:00,121,141.79344385794698
2015-09-14 02:29:00,134,138.43073654166201
2015-09-14 03:09:00,126,145.90738674001182
2015-09-14 03:19:00,125,141.8962176201084
2015-09-14 03:39:00,119,141.4720410895317
2015-09-14 03:49:00,124,137.556900601088
2015-09-14 03:59:00,126,139.4528260845963
2015-09-14 04:09:00,122,140.26187197581686
2015-09-14 04:19:00,122,138.64154831524272
2015-09-14 04:29:00,128,137.76915999690263
2015-09-14 04:39:00,123,140.50906351638235
2015-09-14 04:49:00,117,138.4443885348559
2015-09-14 05:09:00,114,134.97310478255582
2015-09-14 05:29:00,118,132.63050018582777
2015-09-14 07:19:00,162,133.82333288987905
2015-09-14 07:30:00,161,154.4223065046507
2015-09-14 07:49:00,139,159.02461863941707
2015-09-14 07:59:00,152,148.45061903245121
2015-09-14 08:09:00,156,152.7230860094365
2015-09-14 08:19:00,166,155.53646205300618
2015-09-14 08:29:00,229,160.60288246837845
2015-09-14 08:39:00,227,191.19659441810782
2015-09-14 08:47:00,274,197.88415429255545
2015-09-14 08:58:00,216,219.65113261099913
2015-09-14 09:09:00,161,200.03299875103414
2015-09-14 09:19:00,139,166.7855249381702
2015-09-14 09:49:00,136,152.3824532354961
2015-09-14 09:59:00,144,145.98800255498458
2015-09-14 10:09:00,160,150.23017860971513
2015-09-14 10:27:00,262,157.07786314289274
2015-09-14 10:39:00,347,207.2779433781828
2015-09-14 10:49:00,364,258.36579453766325
2015-09-14 10:59:00,384,277.4054434507782
2015-09-14 11:09:00,578,290.6793119415757
2015-09-14 11:19:00,626,385.16886828342035
2015-09-14 11:29:00,385,432.07544837866914
2015-09-14 11:39:00,289,327.4132090719853
2015-09-14 11:50:00,297,259.42451832899707
2015-09-14 11:59:00,337,252.6846286899801
2015-09-14 12:09:00,365,269.69638616000054
2015-09-14 12:19:00,326,288.50068869995914
2015-09-14 12:29:00,345,273.7657427218239
2015-09-14 12:39:00,271,279.88533864191675
2015-09-14 12:49:00,293,248.46190190368995
2015-09-14 12:59:00,300,249.8623720930094
2015-09-14 13:07:00,277,257.45446334455585
2015-09-14 13:29:00,159,245.73969837014792
2015-09-14 13:48:00,157,190.74369608702642
2015-09-14 13:58:00,174,174.36624063890707
2015-09-14 14:09:00,172,183.49684652114425
2015-09-14 14:16:00,175,180.9488464176365
2015-09-14 14:26:00,155,184.29382223283835
2015-09-14 14:46:00,175,173.42690262856922
2015-09-14 15:06:00,145,181.58628568556387
2015-09-14 15:56:00,67,168.78617564367894
2015-09-14 16:26:00,166,129.13445808771584
2015-09-14 16:36:00,150,165.45438648560327
2015-09-14 16:45:00,150,169.35423241262868
2015-09-14 17:06:00,144,165.14405910611467
2015-09-14 17:15:00,146,165.31274948997273
2015-09-14 17:26:00,186,162.51961170055878
2015-09-14 17:35:00,146,183.3827352990606
2015-09-14 17:46:00,144,167.32619962735487
2015-09-14 18:36:00,143,162.9225178158961
2015-09-14 18:45:00,145,161.65753919464868
2015-09-14 18:56:00,158,161.89735017483486
2015-09-14 19:16:00,160,168.01418623066326
2015-09-14 19:46:00,153,170.10720529053683
2015-09-14 22:26:00,136,166.96339007082577
2015-09-14 22:46:00,144,158.18254182369392
2015-09-15 00:16:00,134,159.60449628595418
2015-09-15 02:35:00,131,155.65303973281104
2015-09-15 03:36:00,127,152.4039029790317
2015-09-15 03:46:00,130,150.33422598136013
2015-09-15 04:16:00,121,150.39880541878665
2015-09-15 04:46:00,122,146.63037430646023
2015-09-15 04:54:00,114,145.25089746335274
2015-09-15 05:06:00,112,141.74920017385014
2015-09-15 05:36:00,116,138.95701083792773
2015-09-15 05:46:00,120,140.67470805106214
2015-09-15 06:06:00,129,142.08788149948836
2015-09-15 06:16:00,130,146.74990563038972
2015-09-15 07:36:00,179,147.68973422779956
2015-09-15 07:46:00,172,170.5364392440958
2015-09-15 07:55:00,152,172.93014351225398
2015-09-15 08:05:00,158,162.51215837613753
2015-09-15 08:15:00,169,163.9017219980531
2015-09-15 08:26:00,199,168.86130867385498
2015-09-15 08:36:00,101,184.27805415257367
2015-09-15 08:46:00,196,142.09444471638014
2015-09-15 08:56:00,124,174.57737543859923
2015-09-15 09:04:00,151,153.36204501163212
2015-09-15 09:16:00,192,154.12153601891978
2015-09-15 09:26:00,160,180.57610347352698
2015-09-15 09:36:00,146,165.72073760494078
2015-09-15 10:06:00,149,159.4325604821202
2015-09-15 11:46:00,261,156.58464379383577
2015-09-15 11:55:00,286,210.58223803203583
2015-09-15 12:04:00,257,233.91326148149554
2015-09-15 12:15:00,254,224.6488051409537
2015-09-15 12:26:00,182,221.38701876761414
2015-09-15 12:31:00,159,188.05354808584713
2015-09-15 12:46:00,163,168.63264510939473
2015-09-15 13:14:00,141,168.41114189773356
2015-09-15 13:46:00,129,156.92526492289144
2015-09-15 13:56:00,122,149.31657231627287
2015-09-15 14:05:00,94,143.87123551867612
2015-09-15 14:15:00,93,129.87318428330354
2015-09-15 14:26:00,117,125.33921214275506
2015-09-15 14:36:00,122,136.22567324801733
2015-09-15 14:45:00,119,140.25828311977878
2015-09-15 14:55:00,123,139.49842322731217
2015-09-15 15:34:00,157,140.7365664441073
2015-09-15 15:42:00,159,156.8526584362436
2015-09-15 16:34:00,138,161.48291116665516
2015-09-15 16:38:00,179,151.83362179527057
2015-09-15 17:15:00,149,168.83867575156836
2015-09-15 17:35:00,131,159.50043256192853
2015-09-15 17:53:00,148,147.0745994801722
2015-09-15 18:04:00,137,153.85067299483805
2015-09-15 18:55:00,145,149.331699058568
2015-09-15 19:34:00,142,152.14762888958285
2015-09-15 20:15:00,148,151.35627115334833
2015-09-15 21:54:00,146,153.59442035884345
2015-09-15 22:35:00,151,153.40507052961098
2015-09-15 23:04:00,137,155.15418458284583
2015-09-16 00:45:00,124,149.4133635620145
2015-09-16 01:15:00,123,141.27457836480522
2015-09-16 01:53:00,120,139.47274469165566
2015-09-16 02:05:00,127,137.23519023156894
2015-09-16 02:15:00,137,140.03058717186204
2015-09-16 02:25:00,127,145.09944584378866
2015-09-16 03:05:00,121,141.4866880183121
2015-09-16 03:14:00,125,137.32217996892123
2015-09-16 03:35:00,125,138.48774979642258
2015-09-16 03:45:00,124,138.43446052949358
2015-09-16 03:54:00,128,137.85191325201944
2015-09-16 04:05:00,123,139.33365959299726
2015-09-16 04:15:00,126,137.3301706181516
2015-09-16 04:25:00,127,137.83737116599937
2015-09-16 04:35:00,125,138.62161098934777
2015-09-16 04:45:00,126,137.3820519673372
2015-09-16 05:03:00,422,137.64043883489973
2015-09-16 05:15:00,113,274.95962852418074
2015-09-16 05:25:00,117,167.38389746535785
2015-09-16 05:45:00,121,130.78850403707514
2015-09-16 05:55:00,122,141.795250145843
2015-09-16 06:05:00,116,130.79577645624758
2015-09-16 06:15:00,123,137.01113326950295
2015-09-16 06:24:00,139,131.6001758457274
2015-09-16 06:55:00,140,146.16638492484773
2015-09-16 07:03:00,129,142.7496598972272
2015-09-16 07:25:00,152,142.35075733795068
2015-09-16 07:35:00,151,147.91020124674694
2015-09-16 07:44:00,157,153.32051996032877
2015-09-16 08:05:00,173,152.89871629563456
2015-09-16 08:15:00,180,163.93845246464667
2015-09-16 08:25:00,207,166.69109253948568
2015-09-16 08:35:00,294,182.21555377787118
2015-09-16 08:44:00,309,224.57075750058806
2015-09-16 08:54:00,344,243.63779666667241
2015-09-16 09:04:00,294,261.29604343155165
2015-09-16 09:15:00,302,245.54035160771738
2015-09-16 09:25:00,242,242.4192648473803
2015-09-16 09:35:00,175,218.71793901679834
2015-09-16 09:44:00,143,178.16626728922313
2015-09-16 09:54:00,140,158.3561688485855
2015-09-16 10:15:00,155,150.21630179314374
2015-09-16 10:25:00,202,158.03711801827438
2015-09-16 10:35:00,217,179.65803334328058
2015-09-16 10:45:00,186,193.56293080740642
2015-09-16 10:55:00,260,179.95676309821147
2015-09-16 11:03:00,394,212.5323112892595
2015-09-16 11:14:00,324,283.09004564372964
2015-09-16 11:25:00,168,267.11889271781246
2015-09-16 12:35:00,128,187.7124875294773
2015-09-16 12:45:00,138,153.4895347818169
2015-09-16 12:55:00,133,151.47227179912537
2015-09-16 13:03:00,132,149.16815383965925
2015-09-16 13:15:00,148,147.44836065826217
2015-09-16 13:42:00,139,154.87570231944238
2015-09-16 13:55:00,133,152.02222066237368
2015-09-16 14:05:00,142,148.15581850644605
2015-09-16 14:15:00,155,151.58489916892157
2015-09-16 14:25:00,128,158.28856307697785
2015-09-16 14:35:00,168,147.14360961874232
2015-09-16 14:43:00,156,162.3746163803449
2015-09-16 14:55:00,157,161.82705448090925
2015-09-16 15:30:00,146,159.78049366595454
2015-09-16 15:41:00,169,156.22786156453589
2015-09-16 15:51:00,147,164.11023028263236
2015-09-16 16:10:00,145,157.78858825442583
2015-09-16 16:20:00,161,152.77534877310393
2015-09-16 16:31:00,150,161.49798486970266
2015-09-16 16:41:00,156,156.51169725355686
2015-09-16 16:51:00,136,159.11401446429375
2015-09-16 17:11:00,170,149.7477999003949
2015-09-16 17:20:00,160,163.42933421517546
2015-09-16 17:50:00,159,162.62320641512397
2015-09-16 18:11:00,135,160.48003026144968
2015-09-16 18:20:00,160,150.1103498913113
2015-09-16 18:51:00,142,157.87190763033968
2015-09-16 19:00:00,144,153.24252033961807
2015-09-16 19:09:00,131,150.613741816963
2015-09-16 19:21:00,138,146.23851049127688
2015-09-16 19:41:00,139,146.20507952491045
2015-09-16 19:51:00,154,148.71792979053413
2015-09-16 20:01:00,145,154.20702106862572
2015-09-16 20:10:00,135,152.97607295958844
2015-09-16 20:21:00,141,146.0098249682912
2015-09-16 20:29:00,153,148.7411849209654
2015-09-16 20:40:00,129,153.77097647849536
2015-09-16 20:49:00,133,144.64839484224385
2015-09-16 21:11:00,136,142.89831078281864
2015-09-16 21:21:00,129,145.47567460511283
2015-09-16 21:31:00,137,141.27750601055294
2015-09-16 21:41:00,140,144.91725686974954
2015-09-16 21:51:00,134,146.41053533987616
2015-09-16 22:01:00,144,144.25240883273446
2015-09-16 22:11:00,167,147.78502225429236
2015-09-16 22:20:00,315,159.86032823574376
2015-09-16 22:31:00,435,230.90609834686313
2015-09-16 22:50:00,809,305.0942061509818
2015-09-16 23:01:00,939,493.4129042019184
2015-09-16 23:11:00,779,603.3730746546485
2015-09-16 23:21:00,635,546.0986689295826
2015-09-16 23:31:00,581,471.4618858163784
2015-09-16 23:41:00,1107,430.2099948708984
2015-09-16 23:51:00,865,671.1075240821468
2015-09-17 00:00:00,650,622.0931396589011
2015-09-17 00:11:00,419,494.85209505811093
2015-09-17 00:21:00,291,377.3205133590448
2015-09-17 00:31:00,139,280.67002998852223
2015-09-17 00:41:00,122,202.69690169018324
2015-09-17 00:51:00,130,166.91637469876025
2015-09-17 01:11:00,122,174.30505229723252
2015-09-17 01:21:00,127,162.7539926707797
2015-09-17 01:31:00,123,169.49127741832618
2015-09-17 01:41:00,137,162.63558645559294
2015-09-17 02:01:00,126,172.074748583294
2015-09-17 02:10:00,130,164.78528526900527
2015-09-17 06:01:00,117,167.38339274200152
2015-09-17 06:10:00,119,159.37537290464445
2015-09-17 06:21:00,132,159.5905174205269
2015-09-17 06:31:00,114,164.21827125867952
2015-09-17 06:41:00,133,157.51753129058244
2015-09-17 07:01:00,124,162.98932130970982
2015-09-17 07:11:00,134,161.41967630602892
2015-09-17 07:30:00,147,163.34127214675053
2015-09-17 07:41:00,148,171.36389858898977
2015-09-17 07:51:00,159,171.69608627893473
2015-09-17 08:00:00,156,177.6480355159415
2015-09-17 08:11:00,167,176.5258741472744
2015-09-17 08:21:00,186,181.52734289186532
2015-09-17 08:31:00,220,191.11707857829018
2015-09-17 08:40:00,251,209.10481345559143
2015-09-17 08:51:00,287,227.44655877339204
2015-09-17 09:00:00,304,248.15318761053047
2015-09-17 09:11:00,294,260.92715320148835
2015-09-17 09:20:00,244,258.90215323187306
2015-09-17 09:31:00,210,235.41552332710032
2015-09-17 09:41:00,195,214.0455851235317
2015-09-17 09:51:00,226,203.2857541099718
2015-09-17 10:01:00,196,215.0751135839427
2015-09-17 10:11:00,263,204.83574658969144
2015-09-17 10:21:00,342,231.73916197478025
2015-09-17 10:31:00,372,277.6953576458365
2015-09-17 10:41:00,432,299.64524628051674
2015-09-17 10:51:00,427,333.9163901617811
2015-09-17 11:01:00,429,339.31616262537824
2015-09-17 11:11:00,461,341.51160924158614
2015-09-17 11:21:00,349,358.32409422127205
2015-09-17 11:29:00,256,310.94304964621733
2015-09-17 11:41:00,201,255.48707026967804
2015-09-17 11:51:00,113,220.47048999828039
2015-09-17 11:59:00,102,170.901424191867
2015-09-17 12:11:00,88,155.19808179038043
2015-09-17 12:21:00,70,145.81744841481128
2015-09-17 12:41:00,84,134.16883039641294
2015-09-17 12:51:00,154,138.02627846567282
2015-09-17 13:01:00,155,170.91250302060268
2015-09-17 13:10:00,149,179.06711293125989
2015-09-17 13:20:00,163,175.71561754632472
2015-09-17 13:28:00,158,182.52153399776589
2015-09-17 13:41:00,156,180.58539949035904
2015-09-17 13:50:00,140,179.33165454396914
2015-09-17 14:10:00,177,171.04976153538672
2015-09-17 14:21:00,160,186.1268032973309
2015-09-17 14:31:00,150,182.2227289327957
2015-09-17 14:41:00,153,174.80886423991615
2015-09-17 14:51:00,143,175.73920232392388
2015-09-17 15:00:00,151,170.08710371538567
2015-09-17 15:11:00,150,172.86620244003183
2015-09-17 15:21:00,149,172.54210101828198
2015-09-17 15:31:00,200,171.7600970574177
2015-09-17 15:34:00,218,194.97322433703567
2015-09-17 15:44:00,213,209.23598583041272
2015-09-17 15:54:00,211,208.64283119152648
2015-09-17 16:04:00,229,208.18542310766242
2015-09-17 16:13:00,235,215.92680545437622
2015-09-17 16:23:00,255,221.25713604134933
2015-09-17 16:34:00,189,230.93399400681926
2015-09-17 16:44:00,193,203.46304110167242
2015-09-17 17:00:00,216,196.9958853919764
2015-09-17 17:09:00,209,209.3148370088255
