timestamp,value,prediction_training,prediction,label,warp_distance,threshold_training,distance_threshold,positive_detection
2015-09-08 11:39:00,73.0,1.0,0.0,0,0.0,0.0,-1.0,0.0
2015-09-08 11:44:00,62.0,1.0,0.0,0,0.0,0.0,-1.0,0.0
2015-09-08 11:59:00,66.0,1.0,0.0,0,0.0,0.0,-1.0,0.0
2015-09-08 12:19:00,69.0,1.0,0.0,0,0.0,0.0,-1.0,0.0
2015-09-08 12:24:00,65.0,1.0,0.0,0,0.0,0.0,-1.0,0.0
2015-09-08 12:27:00,76.0,1.0,0.0,0,0.0,0.0,-1.0,0.0
2015-09-08 12:32:00,65.0,1.0,0.0,0,0.0,0.0,-1.0,0.0
2015-09-08 12:46:00,62.0,1.0,0.0,0,0.0,0.0,-1.0,0.0
2015-09-08 12:51:00,61.0,1.0,0.0,0,0.0,0.0,-1.0,0.0
2015-09-08 13:01:00,65.0,1.0,0.0,0,0.0,0.0,-1.0,0.0
2015-09-08 13:21:00,68.0,1.0,0.0,0,0.0,0.0,-1.0,0.0
2015-09-08 13:26:00,66.0,1.0,0.0,0,0.0,0.0,-1.0,0.0
2015-09-08 13:31:00,67.0,1.0,0.0,0,0.0,0.0,-1.0,0.0
2015-09-08 13:36:00,65.0,1.0,0.0,0,0.0,0.0,-1.0,0.0
2015-09-08 13:41:00,67.0,1.0,0.0,0,0.0,0.0,-1.0,0.0
2015-09-08 13:46:00,67.0,1.0,0.0,0,0.0,0.0,-1.0,0.0
2015-09-08 13:56:00,69.0,1.0,0.0,0,0.0,0.0,-1.0,0.0
2015-09-08 14:11:00,68.0,1.0,0.0,0,0.0,0.0,-1.0,0.0
2015-09-08 14:16:00,68.0,1.0,0.0,0,0.0,0.0,-1.0,0.0
2015-09-08 14:21:00,67.0,1.0,0.0,0,0.0,0.0,-1.0,0.0
2015-09-08 14:46:00,66.0,1.0,0.0,0,0.0,0.0,-1.0,0.0
2015-09-08 14:51:00,68.0,1.0,0.0,0,0.0,0.0,-1.0,0.0
2015-09-08 15:16:00,69.0,1.0,0.0,0,0.0,0.0,-1.0,0.0
2015-09-08 15:21:00,65.0,1.0,0.0,0,0.0,0.0,-1.0,0.0
2015-09-08 15:26:00,70.0,1.0,0.0,0,0.0,0.0,-1.0,0.0
2015-09-08 15:29:00,66.0,1.0,0.0,0,0.0,0.0,-1.0,0.0
2015-09-08 15:41:00,65.0,1.0,0.0,0,0.0,0.0,-1.0,0.0
2015-09-08 16:15:00,64.0,1.0,0.0,0,0.0,0.0,-1.0,0.0
2015-09-08 16:31:00,66.0,1.0,0.0,0,0.0,0.0,-1.0,0.0
2015-09-08 16:36:00,69.0,1.0,0.0,0,0.0,0.0,-1.0,0.0
2015-09-08 16:41:00,64.0,1.0,0.0,0,0.0,0.0,-1.0,0.0
2015-09-08 16:56:00,69.0,1.0,0.0,0,0.0,0.0,-1.0,0.0
2015-09-08 17:11:00,65.0,1.0,0.0,0,0.0,0.0,-1.0,0.0
2015-09-08 17:16:00,68.0,1.0,0.0,0,0.0,0.0,-1.0,0.0
2015-09-08 17:21:00,67.0,1.0,0.0,0,0.0,0.0,-1.0,0.0
2015-09-08 17:26:00,69.0,1.0,0.0,0,0.0,0.0,-1.0,0.0
2015-09-08 17:31:00,66.0,1.0,0.0,0,0.0,0.0,-1.0,0.0
2015-09-08 17:36:00,69.0,1.0,0.0,0,0.0,0.0,-1.0,0.0
2015-09-08 17:41:00,66.0,1.0,0.0,0,0.0,0.0,-1.0,0.0
2015-09-08 17:46:00,65.0,1.0,0.0,0,0.0,0.0,-1.0,0.0
2015-09-08 17:51:00,66.0,1.0,0.0,0,0.0,0.0,-1.0,0.0
2015-09-08 17:56:00,65.0,1.0,0.0,0,0.0,0.0,-1.0,0.0
2015-09-08 17:57:00,64.0,1.0,0.0,0,0.0,0.0,-1.0,0.0
2015-09-08 18:36:00,70.0,1.0,0.0,0,0.0,0.0,-1.0,0.0
2015-09-08 18:46:00,69.0,1.0,0.0,0,0.0,0.0,-1.0,0.0
2015-09-08 18:51:00,66.0,1.0,0.0,0,0.0,0.0,-1.0,0.0
2015-09-08 18:56:00,68.0,1.0,0.0,0,0.0,0.0,-1.0,0.0
2015-09-08 19:06:00,71.0,1.0,0.0,0,0.0,0.0,-1.0,0.0
2015-09-08 20:11:00,63.0,1.0,0.0,0,0.0,0.0,-1.0,0.0
2015-09-08 20:31:00,67.0,1.0,0.0,0,0.0,0.0,-1.0,0.0
2015-09-08 20:41:00,62.0,1.0,0.0,0,0.0,0.0,-1.0,0.0
2015-09-08 20:51:00,64.0,1.0,0.0,0,0.0,0.0,-1.0,0.0
2015-09-08 21:01:00,59.0,1.0,0.0,0,0.0,0.0,-1.0,0.0
2015-09-08 21:06:00,65.0,1.0,0.0,0,0.0,0.0,-1.0,0.0
2015-09-08 21:31:00,58.0,1.0,0.0,0,0.0,0.0,-1.0,0.0
2015-09-08 21:41:00,64.0,1.0,0.0,0,0.0,0.0,-1.0,0.0
2015-09-08 22:31:00,63.0,1.0,0.0,0,0.0,0.0,-1.0,0.0
2015-09-08 22:41:00,66.0,1.0,0.0,0,0.0,0.0,-1.0,0.0
2015-09-08 23:16:00,66.0,1.0,0.0,0,0.0,0.0,-1.0,0.0
2015-09-08 23:31:00,60.0,1.0,0.0,0,0.0,0.0,-1.0,0.0
2015-09-09 00:06:00,57.0,1.0,0.0,0,0.0,0.0,-1.0,0.0
2015-09-09 01:16:00,58.0,1.0,0.0,0,0.0,0.0,-1.0,0.0
2015-09-09 07:34:00,69.0,1.0,0.0,0,0.0,0.0,-1.0,0.0
2015-09-09 09:20:00,70.0,1.0,0.0,0,0.0,0.0,-1.0,0.0
2015-09-09 09:58:00,66.0,1.0,0.0,0,0.0,0.0,-1.0,0.0
2015-09-09 10:23:00,68.0,1.0,0.0,0,0.0,0.0,-1.0,0.0
2015-09-09 10:33:00,65.0,1.0,0.0,0,0.0,0.0,-1.0,0.0
2015-09-09 10:38:00,68.0,1.0,0.0,0,0.0,0.0,-1.0,0.0
2015-09-09 10:43:00,68.0,1.0,0.0,0,0.0,0.0,-1.0,0.0
2015-09-09 10:48:00,70.0,1.0,0.0,0,0.0,0.0,-1.0,0.0
2015-09-09 10:53:00,67.0,1.0,0.0,0,0.0,0.0,-1.0,0.0
2015-09-09 11:03:00,73.0,1.0,0.0,0,0.0,0.0,-1.0,0.0
2015-09-09 11:08:00,77.0,1.0,0.0,0,0.0,0.0,-1.0,0.0
2015-09-09 11:13:00,75.0,1.0,0.0,0,0.0,0.0,-1.0,0.0
2015-09-09 11:18:00,71.0,1.0,0.0,0,0.0,0.0,-1.0,0.0
2015-09-09 11:23:00,73.0,1.0,0.0,0,0.0,0.0,-1.0,0.0
2015-09-09 11:43:00,68.0,1.0,0.0,0,0.0,0.0,-1.0,0.0
2015-09-09 11:48:00,58.0,1.0,0.0,0,0.0,0.0,-1.0,0.0
2015-09-09 12:03:00,65.0,1.0,0.0,0,0.0,0.0,-1.0,0.0
2015-09-09 12:13:00,65.0,1.0,0.0,0,0.0,0.0,-1.0,0.0
2015-09-09 12:33:00,65.0,1.0,0.0,0,0.0,0.0,-1.0,0.0
2015-09-09 12:48:00,66.0,1.0,0.0,0,0.0,0.0,-1.0,0.0
2015-09-09 13:08:00,74.0,1.0,0.0,0,0.0,0.0,-1.0,0.0
2015-09-09 13:33:00,64.0,1.0,0.0,0,0.0,0.0,-1.0,0.0
2015-09-09 13:38:00,68.0,1.0,0.0,0,0.0,0.0,-1.0,0.0
2015-09-09 13:43:00,65.0,1.0,0.0,0,0.0,0.0,-1.0,0.0
2015-09-09 13:48:00,69.0,1.0,0.0,0,0.0,0.0,-1.0,0.0
2015-09-09 13:53:00,70.0,1.0,0.0,0,0.0,0.0,-1.0,0.0
2015-09-09 13:58:00,64.0,1.0,0.0,0,0.0,0.0,-1.0,0.0
2015-09-09 14:08:00,65.0,1.0,0.0,0,0.0,0.0,-1.0,0.0
2015-09-09 14:13:00,67.0,1.0,0.0,0,0.0,0.0,-1.0,0.0
2015-09-09 14:38:00,68.0,1.0,0.0,0,0.0,0.0,-1.0,0.0
2015-09-09 14:48:00,66.0,1.0,0.0,0,0.0,0.0,-1.0,0.0
2015-09-09 14:53:00,63.0,1.0,0.0,0,0.0,0.0,-1.0,0.0
2015-09-09 15:03:00,68.0,1.0,0.0,0,0.0,0.0,-1.0,0.0
2015-09-09 15:08:00,68.0,1.0,0.0,0,0.0,0.0,-1.0,0.0
2015-09-09 15:13:00,73.0,1.0,0.0,0,0.0,0.0,-1.0,0.0
2015-09-09 15:18:00,79.0,1.0,0.0,0,0.0,0.0,-1.0,0.0
2015-09-09 15:23:00,64.0,1.0,0.0,0,0.0,0.0,-1.0,0.0
2015-09-09 15:28:00,67.0,1.0,0.0,0,0.0,0.0,-1.0,0.0
2015-09-09 15:38:00,62.0,1.0,0.0,0,0.0,0.0,-1.0,0.0
2015-09-09 15:43:00,68.0,1.0,0.0,0,0.0,0.0,-1.0,0.0
2015-09-09 15:48:00,70.0,1.0,0.0,0,0.0,0.0,-1.0,0.0
2015-09-09 16:08:00,67.0,1.0,0.0,0,0.0,0.0,-1.0,0.0
2015-09-09 16:13:00,70.0,1.0,0.0,0,0.0,0.0,-1.0,0.0
2015-09-09 16:23:00,65.0,1.0,0.0,0,0.0,0.0,-1.0,0.0
2015-09-09 16:33:00,67.0,1.0,0.0,0,0.0,0.0,-1.0,0.0
2015-09-09 16:43:00,71.0,1.0,0.0,0,0.0,0.0,-1.0,0.0
2015-09-09 16:48:00,69.0,1.0,0.0,0,0.0,0.0,-1.0,0.0
2015-09-09 16:53:00,64.0,1.0,0.0,0,0.0,0.0,-1.0,0.0
2015-09-09 16:58:00,63.0,1.0,0.0,0,0.0,0.0,-1.0,0.0
2015-09-09 17:03:00,62.0,1.0,0.0,0,0.0,0.0,-1.0,0.0
2015-09-09 17:08:00,55.0,1.0,0.0,0,0.0,0.0,-1.0,0.0
2015-09-09 17:13:00,48.0,1.0,0.0,0,0.0,0.0,-1.0,0.0
2015-09-09 17:18:00,56.0,1.0,0.0,0,0.0,0.0,-1.0,0.0
2015-09-09 17:23:00,51.0,1.0,0.0,0,0.0,0.0,-1.0,0.0
2015-09-09 17:28:00,60.0,1.0,0.0,0,0.0,0.0,-1.0,0.0
2015-09-09 17:33:00,43.0,1.0,0.0,0,0.0,0.0,-1.0,0.0
2015-09-09 17:38:00,62.0,1.0,0.0,0,0.0,0.0,-1.0,0.0
2015-09-09 17:43:00,70.0,1.0,0.0,0,0.0,0.0,-1.0,0.0
2015-09-09 17:48:00,65.0,1.0,0.0,0,0.0,0.0,-1.0,0.0
2015-09-09 17:58:00,70.0,1.0,0.0,0,0.0,0.0,-1.0,0.0
2015-09-09 18:03:00,67.0,1.0,0.0,0,0.0,0.0,-1.0,0.0
2015-09-09 18:13:00,70.0,1.0,0.0,0,0.0,0.0,-1.0,0.0
2015-09-09 18:18:00,67.0,1.0,0.0,0,0.0,0.0,-1.0,0.0
2015-09-09 18:23:00,69.0,1.0,0.0,0,0.0,0.0,-1.0,0.0
2015-09-09 18:28:00,69.0,0.0,63.53296810744814,0,0.0,1.0,-1.0,0.0
2015-09-09 18:38:00,68.0,0.0,67.70300812408746,0,0.0,1.0,-1.0,0.0
2015-09-09 18:43:00,67.0,0.0,67.3838419517668,0,0.0,1.0,-1.0,0.0
2015-09-09 19:03:00,66.0,0.0,66.67187329240318,0,0.0,1.0,-1.0,0.0
2015-09-09 19:38:00,63.0,0.0,65.94297666788265,0,0.0,1.0,-1.0,0.0
2015-09-09 19:48:00,68.0,0.0,64.04535995354671,0,0.9475992427828018,1.0,-1.0,0.0
2015-09-09 20:03:00,68.0,0.0,66.34803618371481,0,0.6065983867393513,1.0,-1.0,0.0
2015-09-09 20:13:00,65.0,0.0,67.06578081135136,0,0.5118279577598059,1.0,-1.0,0.0
2015-09-09 20:18:00,60.0,0.0,65.31106968521543,0,0.6426220394352427,1.0,-1.0,0.0
2015-09-09 20:23:00,65.0,0.0,61.85450391299766,0,1.2196658996794043,1.0,-1.0,0.0
2015-09-09 20:38:00,64.0,0.0,64.07931632677686,0,1.1851892736602552,1.0,-1.0,0.0
2015-09-09 20:58:00,57.0,0.0,64.36739029288944,0,0.5751756603146916,1.0,-1.0,0.0
2015-09-09 21:13:00,57.0,0.0,59.76259061064347,0,1.2598744702453886,1.0,-1.0,0.0
2015-09-09 21:28:00,62.0,0.0,58.19309315463146,0,1.3739523298386445,1.0,-1.0,0.0
2015-09-09 21:33:00,55.0,0.0,61.46106093730989,0,1.1354793317312115,1.0,-1.0,0.0
2015-09-09 21:48:00,61.0,0.0,58.44544710467866,0,1.1402390384941234,1.0,-1.0,0.0
2015-09-09 21:53:00,61.0,0.0,60.0005688075295,0,1.7862013120854485,1.0,-1.0,0.0
2015-09-09 22:33:00,58.0,0.0,60.716916082954405,0,0.9938932317584708,1.0,-1.0,0.0
2015-09-09 22:41:00,65.0,0.0,59.78881728336653,0,1.179072420520781,1.0,-1.0,0.0
2015-09-09 23:38:00,65.0,0.0,63.38402464795156,0,1.7298128942147328,1.0,-1.0,0.0
2015-09-09 23:53:00,62.0,0.0,64.15310590195396,0,0.8857835992300842,1.0,-1.0,0.0
2015-09-10 05:33:00,68.0,0.0,62.50315316430895,0,0.7687307744931061,1.0,-1.0,0.0
2015-09-10 05:45:00,61.0,0.0,65.82791431422608,0,1.2968602816415404,1.0,-1.0,0.0
2015-09-10 08:00:00,62.0,0.0,63.10267892458533,0,1.5177205331036894,1.0,-1.0,0.0
2015-09-10 08:18:00,73.0,0.0,62.31326783008754,0,0.8343466149347997,1.0,-1.0,0.0
2015-09-10 08:33:00,70.0,0.0,68.52568852351318,0,1.793102367662216,1.0,-1.0,0.0
2015-09-10 08:43:00,65.0,0.0,69.10256798250433,0,1.6033502229111476,1.0,-1.0,0.0
2015-09-10 08:53:00,65.0,0.0,65.81467749707575,0,1.5718172545385762,1.0,-1.0,0.0
2015-09-10 09:13:00,61.0,0.0,64.67366449781814,0,0.8417045242806858,1.0,-1.0,0.0
2015-09-10 09:23:00,64.0,0.0,62.78311025166288,0,1.7873153160970703,1.0,-1.0,0.0
2015-09-10 09:28:00,62.0,0.0,64.03232804444414,0,0.6512756493240104,1.0,-1.0,0.0
2015-09-10 09:48:00,75.0,0.0,62.67573066039359,0,0.9091347322313105,1.0,-1.0,0.0
2015-09-10 09:52:00,66.0,0.0,69.56694490520731,0,1.5956451295364638,1.0,-1.0,0.0
2015-09-10 10:02:00,71.0,0.0,66.98375290949514,0,1.4598612950992986,1.0,-1.0,0.0
2015-09-10 10:07:00,66.0,0.0,68.7922293090337,0,1.2358003547967542,1.0,-1.0,0.0
2015-09-10 10:22:00,67.0,0.0,66.46609353178086,0,1.4124866709125563,1.0,-1.0,0.0
2015-09-10 10:27:00,65.0,0.0,66.46254299596241,0,2.0082737845275154,1.0,-1.0,0.0
2015-09-10 10:32:00,67.0,0.0,65.4765229244204,0,0.9221011501631153,1.0,-1.0,0.0
2015-09-10 10:42:00,67.0,0.0,66.17987545327551,0,0.922756831728961,1.0,-1.0,0.0
2015-09-10 10:47:00,65.0,0.0,66.28261221950754,0,0.5912551862721515,1.0,-1.0,0.0
2015-09-10 10:52:00,68.0,0.0,65.16929302749081,0,0.43680109434016146,1.0,-1.0,0.0
2015-09-10 11:27:00,64.0,0.0,66.66571564986178,0,0.6476578247599747,1.0,-1.0,0.0
2015-09-10 11:37:00,72.0,0.0,64.8773830350198,0,0.723028243028736,1.0,-1.0,0.0
2015-09-10 11:42:00,62.0,0.0,68.77476635104284,0,1.1041089704845972,0.0,4.016547569055031,0.0
2015-09-10 11:47:00,72.0,0.0,64.24515938010653,0,1.3663572632156373,0.0,4.016547569055031,0.0
2015-09-10 11:52:00,72.0,0.0,68.51921996865887,0,1.8267608006624372,0.0,4.016547569055031,0.0
2015-09-10 11:57:00,68.0,0.0,70.21692641837197,0,1.5975051776627525,0.0,4.016547569055031,0.0
2015-09-10 12:07:00,64.0,0.0,68.11462632637561,0,2.0073790025385008,0.0,4.016547569055031,0.0
2015-09-10 12:12:00,63.0,0.0,64.80871911649112,0,1.8513031996869755,0.0,4.016547569055031,0.0
2015-09-10 12:37:00,65.0,0.0,63.7191786578946,0,1.575075879222048,0.0,4.016547569055031,0.0
2015-09-10 12:42:00,72.0,0.0,64.99961101117285,0,0.818719905583589,0.0,4.016547569055031,0.0
2015-09-10 12:57:00,67.0,0.0,69.00347502701365,0,1.0860228496787614,0.0,4.016547569055031,0.0
2015-09-10 13:07:00,66.0,0.0,66.76183302975032,0,1.064291308958849,0.0,4.016547569055031,0.0
2015-09-10 13:17:00,71.0,0.0,65.56792738071529,0,0.6524811736199225,0.0,4.016547569055031,0.0
2015-09-10 13:32:00,71.0,0.0,68.89809415169401,0,1.0380047512738002,0.0,4.016547569055031,0.0
2015-09-10 13:42:00,67.0,0.0,69.9594756952116,0,1.3877915301987174,0.0,4.016547569055031,0.0
2015-09-10 13:47:00,68.0,0.0,67.03129072293113,0,0.8775620464854029,0.0,4.016547569055031,0.0
2015-09-10 14:02:00,65.0,0.0,66.69613248239767,0,0.5336335802129426,0.0,4.016547569055031,0.0
2015-09-10 14:07:00,70.0,0.0,65.86185211770558,0,1.1270635254776777,0.0,4.016547569055031,0.0
2015-09-10 14:17:00,71.0,0.0,68.48769735656708,0,0.9477588393627855,0.0,4.016547569055031,0.0
2015-09-10 14:32:00,65.0,0.0,69.09879001144736,0,0.9181091340316471,0.0,4.016547569055031,0.0
2015-09-10 14:37:00,69.0,0.0,65.55437847757973,0,1.0646731555809694,0.0,4.016547569055031,0.0
2015-09-10 14:42:00,69.0,0.0,67.42964651227882,0,0.9971497232088808,0.0,4.016547569055031,0.0
2015-09-10 14:47:00,69.0,0.0,68.53613057815461,0,1.124674596730206,0.0,4.016547569055031,0.0
2015-09-10 14:57:00,69.0,0.0,68.14103213280693,0,0.746598344097724,0.0,4.016547569055031,0.0
2015-09-10 15:02:00,71.0,0.0,67.52829494804287,0,0.8010228687632122,0.0,4.016547569055031,0.0
2015-09-10 15:07:00,64.0,0.0,69.15831841648424,0,0.9810517351137037,0.0,4.016547569055031,0.0
2015-09-10 15:12:00,64.0,0.0,66.01952094332883,0,1.1364895828716768,0.0,4.016547569055031,0.0
2015-09-10 15:17:00,66.0,0.0,64.41740781020233,0,0.8675265811169013,0.0,4.016547569055031,0.0
2015-09-10 15:22:00,76.0,0.0,65.02059046131524,0,0.8191875445994796,0.0,4.016547569055031,0.0
2015-09-10 15:27:00,64.0,0.0,71.53577910395444,0,1.9709134466373583,0.0,4.016547569055031,0.0
2015-09-10 15:32:00,67.0,0.0,66.44171680647658,0,2.057465670870016,0.0,4.016547569055031,0.0
2015-09-10 15:37:00,64.0,0.0,65.75735675815497,0,1.0880559188261487,0.0,4.016547569055031,0.0
2015-09-10 15:42:00,70.0,0.0,64.50332030817266,0,1.1783579382682958,0.0,4.016547569055031,0.0
2015-09-10 15:47:00,70.0,0.0,68.25499017206903,0,2.433670553932289,0.0,4.016547569055031,0.0
2015-09-10 15:52:00,68.0,0.0,68.86602487911688,0,1.3330045503357497,0.0,4.016547569055031,0.0
2015-09-10 15:57:00,69.0,0.0,67.04371508751464,0,0.6049256571472086,0.0,4.016547569055031,0.0
2015-09-10 16:02:00,68.0,0.0,67.54302661571529,0,0.796197180674396,0.0,4.016547569055031,0.0
2015-09-10 16:12:00,68.0,0.0,67.99704835199799,0,0.9043913109480528,0.0,4.016547569055031,0.0
2015-09-10 16:17:00,69.0,0.0,67.70324003511645,0,0.3550185065655199,0.0,4.016547569055031,0.0
2015-09-10 16:22:00,63.0,0.0,67.46745081549838,0,0.3712969909655627,0.0,4.016547569055031,0.0
2015-09-10 16:27:00,67.0,0.0,64.25042279370481,0,0.8180420725154007,0.0,4.016547569055031,0.0
2015-09-10 16:32:00,66.0,0.0,66.16731087274765,0,0.6289234181671887,0.0,4.016547569055031,0.0
2015-09-10 16:37:00,68.0,0.0,66.14005798807939,0,0.40826835910919923,0.0,4.016547569055031,0.0
2015-09-10 16:42:00,66.0,0.0,66.58137347163489,0,0.6912421070342333,0.0,4.016547569055031,0.0
2015-09-10 16:47:00,67.0,0.0,65.57664933316235,0,0.8690620724534938,0.0,4.016547569055031,0.0
2015-09-10 16:52:00,67.0,0.0,66.39441330266024,0,0.6322273929162634,0.0,4.016547569055031,0.0
2015-09-10 16:57:00,68.0,0.0,66.73568265957928,0,0.3360519450709319,0.0,4.016547569055031,0.0
2015-09-10 17:02:00,64.0,0.0,66.92136873686421,0,0.49988875285743434,0.0,4.016547569055031,0.0
2015-09-10 17:07:00,67.0,0.0,64.5539159976276,0,0.5742086044689287,0.0,4.016547569055031,0.0
2015-09-10 17:12:00,62.0,0.0,65.96775626439161,0,0.6371885967733917,0.0,4.016547569055031,0.0
2015-09-10 17:17:00,67.0,0.0,63.7543522082967,0,0.7502451298523866,0.0,4.016547569055031,0.0
2015-09-10 17:22:00,66.0,0.0,65.4985959776799,0,0.8929108336792495,0.0,4.016547569055031,0.0
2015-09-10 17:32:00,66.0,0.0,65.41133914817692,0,0.8264688723037104,0.0,4.016547569055031,0.0
2015-09-10 17:37:00,67.0,0.0,65.55954026473191,0,0.7824148842740776,0.0,4.016547569055031,0.0
2015-09-10 17:42:00,62.0,0.0,66.26345395853778,0,0.9693092817367678,0.0,4.016547569055031,0.0
2015-09-10 17:47:00,63.0,0.0,63.44959819118585,0,0.9776172401114571,0.0,4.016547569055031,0.0
2015-09-10 17:52:00,66.0,0.0,63.05977623551793,0,0.4166267033245191,0.0,4.016547569055031,0.0
2015-09-10 18:07:00,69.0,0.0,65.01016501338029,0,0.6215264819739239,0.0,4.016547569055031,0.0
2015-09-10 18:12:00,70.0,0.0,67.37546291087283,0,0.8666050176673515,0.0,4.016547569055031,0.0
2015-09-10 18:17:00,70.0,0.0,68.23454835784199,0,1.0011737550115618,0.0,4.016547569055031,0.0
2015-09-10 18:22:00,67.0,0.0,68.37621561340634,0,0.665464978676669,0.0,4.016547569055031,0.0
2015-09-10 18:37:00,66.0,0.0,67.08533462344448,0,1.032004748238697,0.0,4.016547569055031,0.0
2015-09-10 18:42:00,68.0,0.0,66.2833260623536,0,1.0174277351387517,0.0,4.016547569055031,0.0
2015-09-10 18:47:00,71.0,0.0,67.01237690980736,0,0.7851538968136011,0.0,4.016547569055031,0.0
2015-09-10 18:52:00,62.0,0.0,68.85458739498236,0,0.8485574121747718,0.0,4.016547569055031,0.0
2015-09-10 18:57:00,68.0,0.0,64.20106821513792,0,1.1732499389397062,0.0,4.016547569055031,0.0
2015-09-10 19:32:00,62.0,0.0,66.2457330428371,0,1.0501696381008359,0.0,4.016547569055031,0.0
2015-09-10 19:37:00,64.0,0.0,63.782287811516845,0,1.305077784799461,0.0,4.016547569055031,0.0
2015-09-10 19:47:00,69.0,0.0,63.90765784337846,0,1.2088370867511102,0.0,4.016547569055031,0.0
2015-09-10 19:57:00,63.0,0.0,66.72390372641793,0,1.746603039304444,0.0,4.016547569055031,0.0
2015-09-10 20:02:00,64.0,0.0,64.22347099270449,0,1.342782871016336,0.0,4.016547569055031,0.0
2015-09-10 21:02:00,62.0,0.0,63.898894210045604,0,0.8278825646932851,0.0,4.016547569055031,0.0
2015-09-10 21:12:00,69.0,0.0,62.82765088923004,0,0.5809621611391258,0.0,4.016547569055031,0.0
2015-09-10 21:27:00,65.0,0.0,66.66379997244064,0,1.5693015212862498,0.0,4.016547569055031,0.0
2015-09-10 21:57:00,56.0,0.0,65.38736102336452,0,0.887613139830686,0.0,4.016547569055031,0.0
2015-09-10 22:12:00,64.0,0.0,59.34231027340221,0,1.3263149746177327,0.0,4.016547569055031,0.0
2015-09-10 23:42:00,70.0,0.0,62.46023909562318,0,1.3450106150199523,0.0,4.016547569055031,0.0
2015-09-10 23:47:00,61.0,0.0,67.69559658411436,0,2.064534218873097,0.0,4.016547569055031,0.0
2015-09-11 05:27:00,64.0,0.0,63.34247109316165,0,1.5933232173584195,0.0,4.016547569055031,0.0
2015-09-11 05:47:00,68.0,0.0,62.7733320367501,0,1.9573835617029196,0.0,4.016547569055031,0.0
2015-09-11 06:17:00,65.0,0.0,66.03800640226277,0,1.6728522010110154,0.0,4.016547569055031,0.0
2015-09-11 06:37:00,70.0,0.0,66.03173914452992,0,1.5766367592613484,0.0,4.016547569055031,0.0
2015-09-11 06:42:00,65.0,0.0,67.7893655241815,0,1.5541787051939842,0.0,4.016547569055031,0.0
2015-09-11 06:57:00,65.0,0.0,64.94525774798589,0,0.987792961235541,0.0,4.016547569055031,0.0
2015-09-11 07:07:00,70.0,0.0,64.86696828198451,0,0.9616532489889302,0.0,4.016547569055031,0.0
2015-09-11 07:12:00,73.0,0.0,68.42303686441889,0,0.9522896244654888,0.0,4.016547569055031,0.0
2015-09-11 07:32:00,69.0,0.0,70.60489983256748,0,1.2520595572480389,0.0,4.016547569055031,0.0
2015-09-11 07:42:00,68.0,0.0,68.10867915972385,0,0.8554102629792212,0.0,4.016547569055031,0.0
2015-09-11 08:12:00,65.0,0.0,67.22191254312621,0,0.5159837273043223,0.0,4.016547569055031,0.0
2015-09-11 08:42:00,68.0,0.0,66.1869272114331,0,1.2327007564155323,0.0,4.016547569055031,0.0
2015-09-11 08:47:00,69.0,0.0,67.29813676393451,0,1.0068629584746234,0.0,4.016547569055031,0.0
2015-09-11 09:12:00,71.0,0.0,67.45809182408989,0,0.6082320132729209,0.0,4.016547569055031,0.0
2015-09-11 09:17:00,70.0,0.0,68.75084718720149,0,0.7859373415916451,0.0,4.016547569055031,0.0
2015-09-11 09:27:00,64.0,0.0,69.16328551761634,0,0.8400069604930451,0.0,4.016547569055031,0.0
2015-09-11 09:32:00,68.0,0.0,65.6813856454237,0,1.1142711495724669,0.0,4.016547569055031,0.0
2015-09-11 09:37:00,70.0,0.0,66.51321038906265,0,1.0166353189541426,0.0,4.016547569055031,0.0
2015-09-11 09:52:00,66.0,0.0,68.30354898160334,0,1.228274033839068,0.0,4.016547569055031,0.0
2015-09-11 09:57:00,71.0,0.0,66.65993652655224,0,0.9254042551543222,0.0,4.016547569055031,0.0
2015-09-11 10:07:00,68.0,0.0,68.63255276661036,0,1.463872271630639,0.0,4.016547569055031,0.0
2015-09-11 10:27:00,63.0,0.0,67.58109384607414,0,0.9161791510462549,0.0,4.016547569055031,0.0
2015-09-11 10:39:00,66.0,0.0,64.49675738281805,0,1.3210624389275893,0.0,4.016547569055031,0.0
2015-09-11 10:49:00,65.0,0.0,65.36009193065395,0,0.8749838895471086,0.0,4.016547569055031,0.0
2015-09-11 11:19:00,69.0,0.0,65.14212394475784,0,0.7888279776802023,0.0,4.016547569055031,0.0
2015-09-11 11:29:00,70.0,0.0,67.15180015735247,0,0.7188124372700315,0.0,4.016547569055031,0.0
2015-09-11 11:34:00,67.0,0.0,68.26395904425418,0,1.1282952023962949,0.0,4.016547569055031,0.0
2015-09-11 11:39:00,63.0,0.0,66.90675387608998,0,0.6853658335241277,0.0,4.016547569055031,0.0
2015-09-11 11:44:00,68.0,0.0,64.22473856871018,0,0.8086456673805145,0.0,4.016547569055031,0.0
2015-09-11 11:54:00,71.0,0.0,66.46253085685863,0,1.2535362977545532,0.0,4.016547569055031,0.0
2015-09-11 12:04:00,60.0,0.0,69.01708905045989,0,1.150508186580464,0.0,4.016547569055031,0.0
2015-09-11 12:14:00,81.0,0.0,62.978171671506566,0,1.5119412880015743,0.0,4.016547569055031,0.0
2015-09-11 12:39:00,69.0,0.0,73.12280757908287,0,2.9651872537481636,0.0,4.016547569055031,0.0
2015-09-11 12:44:00,71.0,0.0,70.14417876396689,0,2.2273813195477863,0.0,4.016547569055031,0.0
2015-09-11 12:49:00,64.0,0.0,69.66340873125634,0,1.937574418510517,0.0,4.016547569055031,0.0
2015-09-11 12:54:00,65.0,0.0,65.26180395436235,0,2.7535861874139917,0.0,4.016547569055031,0.0
2015-09-11 12:59:00,69.0,0.0,65.13461887478672,0,2.5860656321077777,0.0,4.016547569055031,0.0
2015-09-11 13:09:00,66.0,0.0,67.82980934948539,0,1.1577024038221992,0.0,4.016547569055031,0.0
2015-09-11 13:24:00,65.0,0.0,66.24304677297914,0,0.6588835333925843,0.0,4.016547569055031,0.0
2015-09-11 13:29:00,67.0,0.0,64.55853578582938,0,0.871611575687831,0.0,4.016547569055031,0.0
2015-09-11 13:39:00,67.0,0.0,65.91490369905303,0,0.46925886809840733,0.0,4.016547569055031,0.0
2015-09-11 13:44:00,66.0,0.0,66.9250929206126,0,0.7890275364771597,0.0,4.016547569055031,0.0
2015-09-11 13:49:00,69.0,0.0,65.93517767047985,0,0.45041311150755803,0.0,4.016547569055031,0.0
2015-09-11 13:54:00,70.0,0.0,66.8599838548235,0,0.5878873504017903,0.0,4.016547569055031,0.0
2015-09-11 14:04:00,65.0,0.0,68.39802105922419,0,0.8946322214378156,0.0,4.016547569055031,0.0
2015-09-11 14:14:00,68.0,0.0,66.28131773698216,0,0.7686788505453833,0.0,4.016547569055031,0.0
2015-09-11 14:19:00,68.0,0.0,66.78877508336988,0,0.7053856986507867,0.0,4.016547569055031,0.0
2015-09-11 14:24:00,66.0,0.0,66.91741385027687,0,1.0510584985714857,0.0,4.016547569055031,0.0
2015-09-11 14:29:00,67.0,0.0,66.14216732045294,0,0.7783548789077301,0.0,4.016547569055031,0.0
2015-09-11 14:39:00,66.0,0.0,66.48970876186877,0,0.5627024660555037,0.0,4.016547569055031,0.0
2015-09-11 14:44:00,67.0,0.0,65.81562813654583,0,0.44331444950626775,0.0,4.016547569055031,0.0
2015-09-11 14:54:00,66.0,0.0,66.12810868599118,0,0.3898834095499012,0.0,4.016547569055031,0.0
2015-09-11 14:59:00,65.0,0.0,65.83798864942236,0,0.1964939108029526,0.0,4.016547569055031,0.0
2015-09-11 15:09:00,69.0,0.0,65.17277831275287,0,0.2660760436998942,0.0,4.016547569055031,0.0
2015-09-11 15:14:00,69.0,0.0,67.17352060969439,0,0.5474491900022997,0.0,4.016547569055031,0.0
2015-09-11 15:19:00,70.0,0.0,67.82341520584338,0,0.5300228993387079,0.0,4.016547569055031,0.0
2015-09-11 15:24:00,67.0,0.0,68.52683623191729,0,0.5642547327940548,0.0,4.016547569055031,0.0
2015-09-11 15:29:00,68.0,0.0,66.99030298288368,0,0.7013831146637457,0.0,4.016547569055031,0.0
2015-09-11 15:34:00,64.0,0.0,67.17491590668425,1,0.9322843674024724,0.0,4.016547569055031,0.0
2015-09-11 15:39:00,66.0,0.0,65.05922858014637,1,0.8485924969661269,0.0,4.016547569055031,0.0
2015-09-11 15:44:00,66.0,0.0,65.45693851968153,1,0.6484529672671414,0.0,4.016547569055031,0.0
2015-09-11 15:49:00,62.0,0.0,65.58657213035421,1,0.45069688831326715,0.0,4.016547569055031,0.0
2015-09-11 15:54:00,66.0,0.0,63.26468440747793,1,0.7437071170896914,0.0,4.016547569055031,0.0
2015-09-11 15:59:00,60.0,0.0,64.84123740358193,1,0.9072176676502138,0.0,4.016547569055031,0.0
2015-09-11 16:04:00,66.0,0.0,62.02635144617479,1,0.916194517729582,0.0,4.016547569055031,0.0
2015-09-11 16:09:00,68.0,0.0,64.48494831757866,1,0.9379936353860259,0.0,4.016547569055031,0.0
2015-09-11 16:14:00,64.0,0.0,66.48063402679283,1,1.3066473945267696,0.0,4.016547569055031,0.0
2015-09-11 16:19:00,66.0,0.0,64.62738464072868,1,1.143548131753628,0.0,4.016547569055031,0.0
2015-09-11 16:24:00,60.0,0.0,65.07016726373965,1,1.1902006505385239,0.0,4.016547569055031,0.0
2015-09-11 16:29:00,70.0,0.0,62.0675369588039,1,1.3635450850182402,0.0,4.016547569055031,0.0
2015-09-11 16:34:00,65.0,0.0,67.0327548189431,1,1.6591635032617547,0.0,4.016547569055031,0.0
2015-09-11 16:39:00,59.0,0.0,65.57963060872285,1,1.1105388362585757,0.0,4.016547569055031,0.0
2015-09-11 16:44:00,23.0,0.0,61.103945853387664,1,1.4496491452838172,0.0,4.016547569055031,0.0
2015-09-11 16:49:00,52.0,0.0,39.00871575792335,1,5.089247171909863,0.0,4.016547569055031,1.0
2015-09-11 16:54:00,56.0,0.0,49.869980563717135,1,4.164879432224972,0.0,4.016547569055031,1.0
2015-09-11 16:59:00,67.0,0.0,56.753798120571936,1,2.8985085911542696,0.0,4.016547569055031,0.0
2015-09-11 17:04:00,63.0,0.0,62.9473240533527,1,3.7822311656316727,0.0,4.016547569055031,0.0
2015-09-11 17:09:00,61.0,0.0,61.06857498669653,1,5.808439954561371,0.0,4.016547569055031,1.0
2015-09-11 17:14:00,65.0,0.0,61.084602132270014,1,2.004902867892258,0.0,4.016547569055031,0.0
2015-09-11 17:19:00,63.0,0.0,65.12214363569099,1,1.4973142304575915,0.0,4.016547569055031,0.0
2015-09-11 17:24:00,62.0,0.0,63.96471051838669,1,1.2696342216423886,0.0,4.016547569055031,0.0
2015-09-11 17:29:00,66.0,0.0,61.38121008004396,1,0.32574177380782104,0.0,4.016547569055031,0.0
2015-09-11 17:34:00,62.0,0.0,64.06184066948119,1,0.6477611112956311,0.0,4.016547569055031,0.0
2015-09-11 17:39:00,70.0,0.0,64.05163022008335,1,0.9621041941763707,0.0,4.016547569055031,0.0
2015-09-11 17:44:00,68.0,0.0,67.56959886510462,1,1.3643803404552535,0.0,4.016547569055031,0.0
2015-09-11 17:49:00,69.0,0.0,66.38423755363887,1,0.9434092258735653,0.0,4.016547569055031,0.0
2015-09-11 17:54:00,69.0,0.0,67.23375423846514,1,1.4085144186710097,0.0,4.016547569055031,0.0
2015-09-11 17:59:00,69.0,0.0,68.58831465517339,0,1.1356281367251284,0.0,4.016547569055031,0.0
2015-09-11 18:04:00,64.0,0.0,68.51562164359117,0,0.9995835157187841,0.0,4.016547569055031,0.0
2015-09-11 18:09:00,68.0,0.0,64.65272035863278,0,0.8563087020862369,0.0,4.016547569055031,0.0
2015-09-11 18:11:00,70.0,0.0,66.2178537018091,0,0.9278071909131427,0.0,4.016547569055031,0.0
2015-09-11 18:16:00,65.0,0.0,68.88530950114698,0,0.8879322417784863,0.0,4.016547569055031,0.0
2015-09-11 18:21:00,70.0,0.0,66.22312469842856,0,0.8330930358059107,0.0,4.016547569055031,0.0
2015-09-11 18:26:00,67.0,0.0,67.32706645334154,0,1.2972320787191962,0.0,4.016547569055031,0.0
2015-09-11 18:31:00,64.0,0.0,66.65196533862229,0,1.0467241136839704,0.0,4.016547569055031,0.0
2015-09-11 18:36:00,67.0,0.0,65.32753004467139,0,0.9870597592388293,0.0,4.016547569055031,0.0
2015-09-11 18:41:00,67.0,0.0,66.1762791306204,0,0.945197641629069,0.0,4.016547569055031,0.0
2015-09-11 18:51:00,68.0,0.0,66.02986782779901,0,0.742694819972128,0.0,4.016547569055031,0.0
2015-09-11 18:56:00,68.0,0.0,66.80130192165514,0,0.5620205070350834,0.0,4.016547569055031,0.0
2015-09-11 19:01:00,68.0,0.0,67.37510231564379,0,0.8170744581563995,0.0,4.016547569055031,0.0
2015-09-11 19:26:00,63.0,0.0,67.33739563020677,0,0.55397141283227,0.0,4.016547569055031,0.0
2015-09-11 19:41:00,62.0,0.0,64.1367145689309,0,0.8204639803200863,0.0,4.016547569055031,0.0
2015-09-11 19:46:00,69.0,0.0,62.76192022786897,0,0.7729761442557092,0.0,4.016547569055031,0.0
2015-09-11 20:01:00,61.0,0.0,66.87645134172193,0,1.0622914701425201,0.0,4.016547569055031,0.0
2015-09-11 20:06:00,58.0,0.0,63.30832555291076,0,1.118613685094931,0.0,4.016547569055031,0.0
2015-09-11 20:16:00,61.0,0.0,59.68662923381156,0,1.5976230191106224,0.0,4.016547569055031,0.0
2015-09-11 20:26:00,63.0,0.0,60.82694839544261,0,1.0330509007988695,0.0,4.016547569055031,0.0
2015-09-11 20:36:00,62.0,0.0,63.135887872670146,0,1.4702686426246203,0.0,4.016547569055031,0.0
2015-09-11 20:46:00,66.0,0.0,62.602607036762954,0,1.1316233478341935,0.0,4.016547569055031,0.0
2015-09-11 20:51:00,65.0,0.0,63.95875380041997,0,1.093063579632674,0.0,4.016547569055031,0.0
2015-09-11 21:01:00,60.0,0.0,64.42692772609168,0,0.5307409679338996,0.0,4.016547569055031,0.0
2015-09-11 21:21:00,64.0,0.0,62.21394673015924,0,0.9952792713570524,0.0,4.016547569055031,0.0
2015-09-11 21:51:00,59.0,0.0,63.41558513566218,0,0.8352813382921453,0.0,4.016547569055031,0.0
2015-09-11 21:56:00,56.0,0.0,60.63892956872901,0,1.2225658166884643,0.0,4.016547569055031,0.0
2015-09-11 21:59:00,47.0,0.0,58.19585588279252,0,1.0690539205443443,0.0,4.016547569055031,0.0
2015-09-11 22:16:00,60.0,0.0,52.578353312214155,0,2.1828037194584313,0.0,4.016547569055031,0.0
2015-09-11 22:41:00,56.0,0.0,58.39600057174701,0,1.9205253585700113,0.0,4.016547569055031,0.0
2015-09-11 23:41:00,57.0,0.0,57.81610021420136,0,1.7828723899397865,0.0,4.016547569055031,0.0
2015-09-12 00:16:00,79.0,0.0,57.53415707063682,0,1.6649338620391405,0.0,4.016547569055031,0.0
2015-09-12 00:46:00,62.0,0.0,70.46893116530545,0,4.00995904030974,0.0,4.016547569055031,0.0
2015-09-12 02:56:00,64.0,0.0,65.17301967217576,0,2.816790454437104,0.0,4.016547569055031,0.0
2015-09-12 03:41:00,58.0,0.0,63.6257597229209,0,1.6623366035631257,0.0,4.016547569055031,0.0
2015-09-12 05:06:00,78.0,0.0,60.06145693895607,0,1.9054345791708491,0.0,4.016547569055031,0.0
2015-09-12 06:51:00,75.0,0.0,71.60446809057524,0,5.148203404392349,0.0,4.016547569055031,1.0
2015-09-12 07:11:00,71.0,0.0,73.23996794894758,0,2.18687118723659,0.0,4.016547569055031,0.0
2015-09-12 07:41:00,70.0,0.0,69.64294933082635,0,1.400424879763569,0.0,4.016547569055031,0.0
2015-09-12 07:51:00,73.0,0.0,68.32745574341466,0,1.7556881960701438,0.0,4.016547569055031,0.0
2015-09-12 08:01:00,70.0,0.0,71.5748675286333,0,2.8603637845175256,0.0,4.016547569055031,0.0
2015-09-12 08:16:00,70.0,0.0,70.58554605542926,0,0.944889849391511,0.0,4.016547569055031,0.0
2015-09-12 08:46:00,80.0,0.0,68.47156230235487,0,0.6865787456931784,0.0,4.016547569055031,0.0
2015-09-12 08:56:00,66.0,0.0,73.9641950559468,0,1.6154257205629334,0.0,4.016547569055031,0.0
2015-09-12 09:16:00,68.0,0.0,69.04571881619965,0,2.221166048102643,0.0,4.016547569055031,0.0
2015-09-12 09:21:00,76.0,0.0,67.99809289136695,0,1.38160938581602,0.0,4.016547569055031,0.0
2015-09-12 09:26:00,66.0,0.0,71.6896309584553,0,1.919932173059334,0.0,4.016547569055031,0.0
2015-09-12 09:56:00,69.0,0.0,67.47949121749103,0,2.724080991242997,0.0,4.016547569055031,0.0
2015-09-12 10:06:00,69.0,0.0,68.03650851482942,0,1.6322190022324208,0.0,4.016547569055031,0.0
2015-09-12 10:16:00,70.0,0.0,68.27759165134798,0,0.8764469154209593,0.0,4.016547569055031,0.0
2015-09-12 10:46:00,72.0,0.0,68.7102989208218,0,1.689603957478687,0.0,4.016547569055031,0.0
2015-09-12 10:51:00,67.0,0.0,69.88033404736129,0,1.318574065396507,0.0,4.016547569055031,0.0
2015-09-12 10:56:00,71.0,0.0,67.47555579280548,0,0.8615775648148485,0.0,4.016547569055031,0.0
2015-09-12 11:06:00,64.0,0.0,69.10818967979044,0,0.8214932818278229,0.0,4.016547569055031,0.0
2015-09-12 11:31:00,67.0,0.0,65.64708026544352,0,1.2607331173274416,0.0,4.016547569055031,0.0
2015-09-12 11:41:00,75.0,0.0,66.10466853557438,0,1.0776733144831951,0.0,4.016547569055031,0.0
2015-09-12 11:46:00,68.0,0.0,71.0916817875272,0,1.6685443354671095,0.0,4.016547569055031,0.0
2015-09-12 12:06:00,67.0,0.0,68.5729548266944,0,1.4958666257273223,0.0,4.016547569055031,0.0
2015-09-12 12:11:00,71.0,0.0,66.66812424884144,0,1.341066874463415,0.0,4.016547569055031,0.0
2015-09-12 12:16:00,65.0,0.0,68.77567840820794,0,1.1393275740466435,0.0,4.016547569055031,0.0
2015-09-12 12:26:00,67.0,0.0,66.47915292124928,0,1.889184382980578,0.0,4.016547569055031,0.0
2015-09-12 12:31:00,77.0,0.0,66.40211797179032,0,0.8220833957172218,0.0,4.016547569055031,0.0
2015-09-12 12:36:00,67.0,0.0,71.9933761256108,0,1.6727034197854707,0.0,4.016547569055031,0.0
2015-09-12 12:46:00,67.0,0.0,68.23289122860963,0,1.8633232292409587,0.0,4.016547569055031,0.0
2015-09-12 12:51:00,68.0,0.0,66.79572904257891,0,1.2366813846776807,0.0,4.016547569055031,0.0
2015-09-12 13:06:00,70.0,0.0,67.16710696294493,0,0.8766786124801413,0.0,4.016547569055031,0.0
2015-09-12 13:11:00,67.0,0.0,68.7209030953604,0,2.005707743332563,0.0,4.016547569055031,0.0
2015-09-12 13:16:00,62.0,0.0,67.12871947343939,0,1.0263431348696586,0.0,4.016547569055031,0.0
2015-09-12 13:21:00,67.0,0.0,63.37388739745781,0,0.8806591074604171,0.0,4.016547569055031,0.0
2015-09-12 13:36:00,67.0,0.0,65.55163442034403,0,0.8444980372555151,0.0,4.016547569055031,0.0
2015-09-12 13:41:00,65.0,0.0,66.73504217568639,0,0.851132797190381,0.0,4.016547569055031,0.0
2015-09-12 14:16:00,73.0,0.0,65.2845117463678,0,0.6671875545913565,0.0,4.016547569055031,0.0
2015-09-12 14:21:00,69.0,0.0,69.02838693368945,0,1.6215930274866779,0.0,4.016547569055031,0.0
2015-09-12 14:31:00,70.0,0.0,68.52230648455141,0,0.9623947752879574,0.0,4.016547569055031,0.0
2015-09-12 14:41:00,70.0,0.0,69.02219084135605,0,0.7475528665785973,0.0,4.016547569055031,0.0
2015-09-12 14:56:00,69.0,0.0,68.83626799784332,0,0.8424478821101232,0.0,4.016547569055031,0.0
2015-09-12 15:01:00,72.0,0.0,68.14510450718443,0,1.034091902221482,0.0,4.016547569055031,0.0
2015-09-12 15:11:00,70.0,0.0,69.96838118408499,0,0.648032626139819,0.0,4.016547569055031,0.0
2015-09-12 15:16:00,64.0,0.0,69.4625079755206,0,0.5537367800894814,0.0,4.016547569055031,0.0
2015-09-12 15:21:00,68.0,0.0,65.42650601414414,0,0.9522182260966815,0.0,4.016547569055031,0.0
2015-09-12 15:31:00,66.0,0.0,66.52839808774745,0,0.7587738335366666,0.0,4.016547569055031,0.0
2015-09-12 15:36:00,72.0,0.0,66.29639619441302,0,0.7850512347354126,0.0,4.016547569055031,0.0
2015-09-12 15:41:00,71.0,0.0,69.47449566509104,0,0.9467218766791106,0.0,4.016547569055031,0.0
2015-09-12 15:46:00,68.0,0.0,69.39781176244843,0,1.2374312888875436,0.0,4.016547569055031,0.0
2015-09-12 15:51:00,66.0,0.0,67.57637920329847,0,0.8847108700282675,0.0,4.016547569055031,0.0
2015-09-12 15:56:00,70.0,0.0,66.34081326931789,0,0.6952486854621001,0.0,4.016547569055031,0.0
2015-09-12 16:01:00,68.0,0.0,68.53408353072588,0,1.3050540699645894,0.0,4.016547569055031,0.0
2015-09-12 16:11:00,65.0,0.0,67.69301346964069,0,0.5687750163376805,0.0,4.016547569055031,0.0
2015-09-12 16:16:00,72.0,0.0,65.24357128184896,0,0.6628162297741966,0.0,4.016547569055031,0.0
2015-09-12 16:21:00,65.0,0.0,68.95197884899162,0,1.0690095472249794,0.0,4.016547569055031,0.0
2015-09-12 16:31:00,71.0,0.0,66.54055304609247,0,1.1743828073616256,0.0,4.016547569055031,0.0
2015-09-12 16:36:00,65.0,0.0,68.63700050641629,0,1.0132662493942532,0.0,4.016547569055031,0.0
2015-09-12 16:41:00,64.0,0.0,65.64665189716351,0,1.35251589485905,0.0,4.016547569055031,0.0
2015-09-12 16:46:00,69.0,0.0,64.45214084792872,0,1.5872226600680648,0.0,4.016547569055031,0.0
2015-09-12 16:51:00,68.0,0.0,67.37567414922108,0,1.3502183285831308,0.0,4.016547569055031,0.0
2015-09-12 16:56:00,72.0,0.0,67.46827877119453,0,1.0169890894141305,0.0,4.016547569055031,0.0
2015-09-12 17:01:00,71.0,0.0,69.22159055717404,0,1.142356155989836,0.0,4.016547569055031,0.0
2015-09-12 17:06:00,69.0,0.0,69.42310870675708,0,0.8811658710328529,0.0,4.016547569055031,0.0
2015-09-12 17:21:00,71.0,0.0,68.71918752771279,0,1.0482315674481626,0.0,4.016547569055031,0.0
2015-09-12 17:46:00,69.0,0.0,69.5597751944354,0,0.8072972760227686,0.0,4.016547569055031,0.0
2015-09-12 18:21:00,73.0,0.0,68.43999594998888,0,0.8949200188771002,0.0,4.016547569055031,0.0
2015-09-12 18:41:00,70.0,0.0,70.42075242651991,0,0.8977483009976652,0.0,4.016547569055031,0.0
2015-09-12 19:01:00,68.0,0.0,69.54615437083757,0,0.5704150034619999,0.0,4.016547569055031,0.0
2015-09-12 19:21:00,62.0,0.0,67.94665619414664,0,0.7946746087571299,0.0,4.016547569055031,0.0
2015-09-12 19:26:00,69.0,0.0,63.87249629263197,0,1.0152872447089039,0.0,4.016547569055031,0.0
2015-09-12 19:46:00,72.0,0.0,66.93654377226811,0,1.2487945911546816,0.0,4.016547569055031,0.0
2015-09-12 19:51:00,65.0,0.0,69.9145309689888,0,0.9927350609631453,0.0,4.016547569055031,0.0
2015-09-12 20:06:00,60.0,0.0,66.15140492507528,0,1.253545069705479,0.0,4.016547569055031,0.0
2015-09-12 20:31:00,62.0,0.0,61.67132404080592,0,1.927088759567227,0.0,4.016547569055031,0.0
2015-09-12 20:51:00,66.0,0.0,62.34990210919548,0,1.2427833891186402,0.0,4.016547569055031,0.0
2015-09-12 21:21:00,68.0,0.0,65.45215180498964,0,1.3950428074622891,0.0,4.016547569055031,0.0
2015-09-12 21:36:00,63.0,0.0,66.607220877906,0,1.1182858434086207,0.0,4.016547569055031,0.0
2015-09-12 21:51:00,70.0,0.0,63.30593655482026,0,1.2377831188475206,0.0,4.016547569055031,0.0
2015-09-12 22:46:00,74.0,0.0,67.13861065972864,0,0.9619205385493921,0.0,4.016547569055031,0.0
2015-09-12 23:01:00,62.0,0.0,71.58903062238971,0,1.5619440443271855,0.0,4.016547569055031,0.0
2015-09-12 23:06:00,59.0,0.0,65.01559111537237,0,1.910795321219598,0.0,4.016547569055031,0.0
2015-09-12 23:31:00,59.0,0.0,60.275453453970144,0,1.8216698381352656,0.0,4.016547569055031,0.0
2015-09-13 06:31:00,62.0,0.0,60.237305423013595,0,1.7532920186374041,0.0,4.016547569055031,0.0
2015-09-13 07:51:00,70.0,0.0,62.9045912990166,0,1.656340328722416,0.0,4.016547569055031,0.0
2015-09-13 08:01:00,62.0,0.0,67.02212514057955,0,2.311738061474583,0.0,4.016547569055031,0.0
2015-09-13 08:26:00,67.0,0.0,62.58641994862006,0,1.7432941291372714,0.0,4.016547569055031,0.0
2015-09-13 09:21:00,69.0,0.0,64.95170506749558,0,1.1395225035420793,0.0,4.016547569055031,0.0
2015-09-13 09:26:00,72.0,0.0,68.20688562608383,0,1.232817054905236,0.0,4.016547569055031,0.0
2015-09-13 09:41:00,67.0,0.0,70.10720310494365,0,1.729422718936067,0.0,4.016547569055031,0.0
2015-09-13 10:06:00,69.0,0.0,66.50484664417922,0,1.3449954395620196,0.0,4.016547569055031,0.0
2015-09-13 10:11:00,72.0,0.0,67.21186912213598,0,1.2138092964498426,0.0,4.016547569055031,0.0
2015-09-13 10:16:00,65.0,0.0,70.5715583246696,0,1.3805621313025753,0.0,4.016547569055031,0.0
2015-09-13 10:46:00,76.0,0.0,66.90823695762589,0,1.496449207159887,0.0,4.016547569055031,0.0
2015-09-13 10:51:00,67.0,0.0,70.84097954788089,0,1.7814225582900405,0.0,4.016547569055031,0.0
2015-09-13 10:56:00,72.0,0.0,67.65046177143348,0,1.661996286664109,0.0,4.016547569055031,0.0
2015-09-13 11:06:00,70.0,0.0,70.26028880089038,0,1.802876339839014,0.0,4.016547569055031,0.0
2015-09-13 11:11:00,65.0,0.0,69.60564900926326,0,1.4860610523950115,0.0,4.016547569055031,0.0
2015-09-13 11:26:00,71.0,0.0,65.7132242902287,0,1.7558022575587486,0.0,4.016547569055031,0.0
2015-09-13 11:31:00,69.0,0.0,68.31254757509011,0,1.2625503509160736,0.0,4.016547569055031,0.0
2015-09-13 11:46:00,64.0,0.0,68.84542128189622,0,0.9092307160242115,0.0,4.016547569055031,0.0
2015-09-13 11:51:00,67.0,0.0,65.52792932806216,0,0.9055316506765706,0.0,4.016547569055031,0.0
2015-09-13 11:56:00,69.0,0.0,65.55073776858643,0,1.1160904442505626,0.0,4.016547569055031,0.0
2015-09-13 12:06:00,66.0,0.0,67.44254753085623,0,1.2555260643674273,0.0,4.016547569055031,0.0
2015-09-13 12:21:00,73.0,0.0,66.70245597879925,0,0.6819222702489398,0.0,4.016547569055031,0.0
2015-09-13 12:26:00,70.0,0.0,69.8249157944515,0,1.5506845737304615,0.0,4.016547569055031,0.0
2015-09-13 12:31:00,66.0,0.0,68.82444779058201,0,0.8531409762391433,0.0,4.016547569055031,0.0
2015-09-13 12:41:00,66.0,0.0,66.51075567679129,0,1.1768881942748066,0.0,4.016547569055031,0.0
2015-09-13 12:53:00,66.0,0.0,66.15934831812481,0,0.7517151278204551,0.0,4.016547569055031,0.0
2015-09-13 12:58:00,70.0,0.0,65.99795741274954,0,0.8477632749208155,0.0,4.016547569055031,0.0
2015-09-13 13:03:00,67.0,0.0,67.9184169210169,0,0.6024825584383506,0.0,4.016547569055031,0.0
2015-09-13 13:08:00,72.0,0.0,66.74152926879265,0,0.6496594372748575,0.0,4.016547569055031,0.0
2015-09-13 13:13:00,69.0,0.0,69.41415243504468,0,0.8270671123564369,0.0,4.016547569055031,0.0
2015-09-13 13:18:00,66.0,0.0,68.66937493956809,0,0.5501444715565725,0.0,4.016547569055031,0.0
2015-09-13 13:23:00,68.0,0.0,66.39788489828912,0,1.0764777804430026,0.0,4.016547569055031,0.0
2015-09-13 13:28:00,65.0,0.0,66.86413271938551,0,0.6093360277611481,0.0,4.016547569055031,0.0
2015-09-13 13:38:00,67.0,0.0,65.66335473767002,0,0.9401133124973071,0.0,4.016547569055031,0.0
2015-09-13 13:43:00,64.0,0.0,66.32995032587534,0,0.4278529674380209,0.0,4.016547569055031,0.0
2015-09-13 13:53:00,66.0,0.0,64.53542855831934,0,0.7866481856141718,0.0,4.016547569055031,0.0
2015-09-13 13:58:00,68.0,0.0,65.14662463157619,0,0.6071386794120045,0.0,4.016547569055031,0.0
2015-09-13 14:13:00,68.0,0.0,66.82697667902251,0,0.7439716426347147,0.0,4.016547569055031,0.0
2015-09-13 14:23:00,67.0,0.0,67.24800562602843,0,0.5741545505152772,0.0,4.016547569055031,0.0
2015-09-13 14:28:00,59.0,0.0,66.4147103635773,0,0.5891777573595988,0.0,4.016547569055031,0.0
2015-09-13 14:38:00,64.0,0.0,61.602571128042364,0,1.1905680494659265,0.0,4.016547569055031,0.0
2015-09-13 14:48:00,67.0,0.0,63.43677112126229,0,0.9859693951852435,0.0,4.016547569055031,0.0
2015-09-13 14:53:00,65.0,0.0,66.00453843203897,0,0.8735347468946408,0.0,4.016547569055031,0.0
2015-09-13 15:13:00,67.0,0.0,64.98147450858556,0,0.5999095269231205,0.0,4.016547569055031,0.0
2015-09-13 15:23:00,66.0,0.0,65.41876930870284,0,1.340788066506255,0.0,4.016547569055031,0.0
2015-09-13 15:28:00,68.0,0.0,65.66238712365896,0,0.6137106192665144,0.0,4.016547569055031,0.0
2015-09-13 15:33:00,66.0,0.0,67.21545561815037,0,0.8833672382092423,0.0,4.016547569055031,0.0
2015-09-13 15:38:00,72.0,0.0,65.99620766859022,0,0.4941907491091612,0.0,4.016547569055031,0.0
2015-09-13 15:43:00,71.0,0.0,68.77495159074928,0,0.9729498103721838,0.0,4.016547569055031,0.0
2015-09-13 15:48:00,69.0,0.0,69.60258287384669,0,0.7157277099399053,0.0,4.016547569055031,0.0
2015-09-13 16:03:00,61.0,0.0,68.74657756503811,0,0.8350997998851171,0.0,4.016547569055031,0.0
2015-09-13 16:08:00,67.0,0.0,63.430997398245545,0,1.3841713484964189,0.0,4.016547569055031,0.0
2015-09-13 16:18:00,66.0,0.0,65.38753281880088,0,1.5084846049469078,0.0,4.016547569055031,0.0
2015-09-13 16:28:00,74.0,0.0,66.07214716533856,0,0.7736985478703083,0.0,4.016547569055031,0.0
2015-09-13 16:48:00,65.0,0.0,70.51576428638207,0,1.2899469888253243,0.0,4.016547569055031,0.0
2015-09-13 16:53:00,69.0,0.0,66.04794703804295,0,2.0862189309821337,0.0,4.016547569055031,0.0
2015-09-13 16:58:00,64.0,0.0,67.05287393844888,0,1.1737852661910075,0.0,4.016547569055031,0.0
2015-09-13 17:03:00,67.0,0.0,65.4202425711181,0,1.021679709819857,0.0,4.016547569055031,0.0
2015-09-13 17:13:00,69.0,0.0,66.48315295049673,0,1.4196342691755803,0.0,4.016547569055031,0.0
2015-09-13 17:18:00,62.0,0.0,67.31352785283715,0,1.2964774056100765,0.0,4.016547569055031,0.0
2015-09-13 17:23:00,63.0,0.0,63.474556117981535,0,1.3836268644129532,0.0,4.016547569055031,0.0
2015-09-13 17:43:00,73.0,0.0,63.329214410015354,0,0.8625547942196163,0.0,4.016547569055031,0.0
2015-09-13 17:48:00,64.0,0.0,69.47262293717857,0,1.5257632743529554,0.0,4.016547569055031,0.0
2015-09-13 17:53:00,67.0,0.0,65.64949016766789,0,1.5007089724663003,0.0,4.016547569055031,0.0
2015-09-13 17:58:00,65.0,0.0,65.41135572298819,0,1.2644675443655473,0.0,4.016547569055031,0.0
2015-09-13 18:08:00,67.0,0.0,65.03129173291791,0,0.7742503313806509,0.0,4.016547569055031,0.0
2015-09-13 18:18:00,65.0,0.0,66.69470987903244,0,1.5843748274886038,0.0,4.016547569055031,0.0
2015-09-13 18:23:00,74.0,0.0,65.35691396334555,0,0.9265780225416776,0.0,4.016547569055031,0.0
2015-09-13 18:33:00,65.0,0.0,69.56451268480063,0,1.109844740920576,0.0,4.016547569055031,0.0
2015-09-13 18:38:00,70.0,0.0,66.27318462546211,0,1.0104851540219202,0.0,4.016547569055031,0.0
2015-09-13 18:43:00,70.0,0.0,68.34087583219332,0,1.2066399666594563,0.0,4.016547569055031,0.0
2015-09-13 18:48:00,69.0,0.0,68.8746320333791,0,1.1078544118652829,0.0,4.016547569055031,0.0
2015-09-13 18:58:00,69.0,0.0,68.11962781156244,0,1.3382282139364208,0.0,4.016547569055031,0.0
2015-09-13 19:08:00,63.0,0.0,67.94548765936517,0,0.9627929599748782,0.0,4.016547569055031,0.0
2015-09-13 19:13:00,63.0,0.0,64.76117757349172,0,1.1337167356768205,0.0,4.016547569055031,0.0
2015-09-13 19:33:00,65.0,0.0,63.737189588750994,0,0.7241731810483415,0.0,4.016547569055031,0.0
2015-09-13 19:43:00,56.0,0.0,64.51600876162172,0,0.5821430069185013,0.0,4.016547569055031,0.0
2015-09-13 19:48:00,69.0,0.0,59.4704337931184,0,1.3433251691315107,0.0,4.016547569055031,0.0
2015-09-13 20:13:00,63.0,0.0,65.3884053819602,0,2.0927846059986166,0.0,4.016547569055031,0.0
2015-09-13 20:33:00,66.0,0.0,64.11328481310127,0,1.24527921937394,0.0,4.016547569055031,0.0
2015-09-13 20:43:00,66.0,0.0,64.93577259706909,0,1.1828830060785491,0.0,4.016547569055031,0.0
2015-09-13 20:48:00,64.0,0.0,65.11547329100597,0,1.883977679174302,0.0,4.016547569055031,0.0
2015-09-13 21:08:00,68.0,0.0,64.40332050941957,0,1.530569152609773,0.0,4.016547569055031,0.0
2015-09-13 21:28:00,55.0,0.0,66.58881498549273,0,0.9372804809796562,0.0,4.016547569055031,0.0
2015-09-13 22:48:00,75.0,0.0,59.45187318066528,0,1.723878980824324,0.0,4.016547569055031,0.0
2015-09-13 22:53:00,69.0,0.0,68.67274836339804,0,2.3763259635851783,0.0,4.016547569055031,0.0
2015-09-13 23:33:00,62.0,0.0,68.78143220299921,0,1.4036355268802005,0.0,4.016547569055031,0.0
2015-09-14 00:33:00,68.0,0.0,64.01017687710988,0,2.2786989322354936,0.0,4.016547569055031,0.0
2015-09-14 05:53:00,66.0,0.0,65.6807943673557,0,2.8586507599760758,0.0,4.016547569055031,0.0
2015-09-14 06:18:00,66.0,0.0,66.08923038629442,0,2.0742534395335945,0.0,4.016547569055031,0.0
2015-09-14 06:28:00,75.0,0.0,66.20822694301815,0,0.5053662715945763,0.0,4.016547569055031,0.0
2015-09-14 06:48:00,65.0,0.0,70.64022194907328,0,1.8752896604809108,0.0,4.016547569055031,0.0
2015-09-14 06:53:00,68.0,0.0,66.19077933075683,0,1.4606486084846977,0.0,4.016547569055031,0.0
2015-09-14 06:58:00,71.0,0.0,66.909500612277,0,0.7976441012883584,0.0,4.016547569055031,0.0
2015-09-14 07:08:00,69.0,0.0,69.39086022822276,0,1.102901348644211,0.0,4.016547569055031,0.0
2015-09-14 07:28:00,67.0,0.0,68.59349121758567,0,1.7432829826388399,0.0,4.016547569055031,0.0
2015-09-14 07:33:00,68.0,0.0,66.55180488559746,0,1.151499188513877,0.0,4.016547569055031,0.0
2015-09-14 07:38:00,67.0,0.0,66.95843393991088,0,0.681175883996282,0.0,4.016547569055031,0.0
2015-09-14 07:48:00,71.0,0.0,67.15400990023737,0,0.6419195632940884,0.0,4.016547569055031,0.0
2015-09-14 07:58:00,67.0,0.0,69.09509956004267,0,0.613312028489139,0.0,4.016547569055031,0.0
2015-09-14 08:13:00,65.0,0.0,66.81439918845628,0,0.6830753509900361,0.0,4.016547569055031,0.0
2015-09-14 08:28:00,66.0,0.0,65.14383520442284,0,0.5548671514686362,0.0,4.016547569055031,0.0
2015-09-14 08:33:00,64.0,0.0,65.88235532176881,0,0.3286077211827546,0.0,4.016547569055031,0.0
2015-09-14 08:48:00,60.0,0.0,64.87406542294153,0,0.8080326555686526,0.0,4.016547569055031,0.0
2015-09-14 08:53:00,69.0,0.0,61.55210573425272,0,0.8290311100123475,0.0,4.016547569055031,0.0
2015-09-14 09:03:00,66.0,0.0,65.8796948850197,0,1.1949944494051834,0.0,4.016547569055031,0.0
2015-09-14 09:08:00,73.0,0.0,66.19291574837351,0,0.6640590860963187,0.0,4.016547569055031,0.0
2015-09-14 09:13:00,70.0,0.0,69.844078963476,0,1.4356220960550146,0.0,4.016547569055031,0.0
2015-09-14 09:23:00,72.0,0.0,68.74717575614844,0,1.3051234093596065,0.0,4.016547569055031,0.0
2015-09-14 09:28:00,62.0,0.0,69.7924534445069,0,1.432578144600066,0.0,4.016547569055031,0.0
2015-09-14 09:33:00,70.0,0.0,64.89050932626832,0,1.4670340624760285,0.0,4.016547569055031,0.0
2015-09-14 09:38:00,69.0,0.0,67.84738480248551,0,1.8423376087495158,0.0,4.016547569055031,0.0
2015-09-14 09:43:00,69.0,0.0,68.09265600775525,0,0.9812031557165966,0.0,4.016547569055031,0.0
2015-09-14 09:48:00,69.0,0.0,67.91469987758555,0,1.2318183307616963,0.0,4.016547569055031,0.0
2015-09-14 09:53:00,71.0,0.0,67.9277340722624,0,1.5254749985905378,0.0,4.016547569055031,0.0
2015-09-14 09:58:00,68.0,0.0,69.36765272142122,0,1.1327015913642982,0.0,4.016547569055031,0.0
2015-09-14 10:13:00,63.0,0.0,68.01789656276799,0,0.7217525239911297,0.0,4.016547569055031,0.0
2015-09-14 10:18:00,68.0,0.0,64.37141731392761,0,0.9733050446511555,0.0,4.016547569055031,0.0
2015-09-14 10:23:00,68.0,0.0,66.3457547872755,0,0.880780989149882,0.0,4.016547569055031,0.0
2015-09-14 10:28:00,66.0,0.0,67.43409836652567,0,0.9137722951303431,0.0,4.016547569055031,0.0
2015-09-14 10:33:00,70.0,0.0,66.15684849084518,0,0.6411211810841323,0.0,4.016547569055031,0.0
2015-09-14 10:43:00,70.0,0.0,67.6511701302862,0,1.2305277037332345,0.0,4.016547569055031,0.0
2015-09-14 10:48:00,65.0,0.0,68.61099554005696,0,1.0703237762543991,0.0,4.016547569055031,0.0
2015-09-14 11:03:00,74.0,0.0,66.20307565571983,0,0.9725825206757804,0.0,4.016547569055031,0.0
2015-09-14 11:13:00,67.0,0.0,70.30817769517584,0,1.4328781187027686,0.0,4.016547569055031,0.0
2015-09-14 11:18:00,64.0,0.0,67.56193761964515,0,1.5784061494531485,0.0,4.016547569055031,0.0
2015-09-14 11:23:00,70.0,0.0,64.892175559146,0,1.275660752949112,0.0,4.016547569055031,0.0
2015-09-14 11:28:00,70.0,0.0,67.83881962256115,0,1.5067831120246098,0.0,4.016547569055031,0.0
2015-09-14 11:33:00,66.0,0.0,68.96682336074821,0,1.6881575973124867,0.0,4.016547569055031,0.0
2015-09-14 11:43:00,67.0,0.0,66.40784580912701,0,1.0923471251405843,0.0,4.016547569055031,0.0
2015-09-14 12:03:00,63.0,0.0,66.00531261441941,0,0.8648470195481792,0.0,4.016547569055031,0.0
2015-09-14 12:08:00,70.0,0.0,64.26364600232739,0,1.2307494071964058,0.0,4.016547569055031,0.0
2015-09-14 12:13:00,63.0,0.0,67.92637737609819,0,1.1596890211398247,0.0,4.016547569055031,0.0
2015-09-14 12:23:00,71.0,0.0,64.49422170205078,0,1.26330025577832,0.0,4.016547569055031,0.0
2015-09-14 12:28:00,62.0,0.0,67.65018395494828,0,1.2924110202682784,0.0,4.016547569055031,0.0
2015-09-14 12:38:00,67.0,0.0,64.09204838061727,0,1.6836802942699394,0.0,4.016547569055031,0.0
2015-09-14 12:43:00,68.0,0.0,65.96951240066132,0,1.6125979900283596,0.0,4.016547569055031,0.0
2015-09-14 12:48:00,73.0,0.0,66.917804436469,0,1.4923438702495333,0.0,4.016547569055031,0.0
2015-09-14 12:53:00,67.0,0.0,69.84969846880571,0,2.0142521450018904,0.0,4.016547569055031,0.0
2015-09-14 13:15:00,65.0,0.0,67.35357307605143,0,1.5854915498435234,0.0,4.016547569055031,0.0
2015-09-14 13:20:00,63.0,0.0,65.48844669428907,0,1.0878082465549568,0.0,4.016547569055031,0.0
2015-09-14 13:25:00,72.0,0.0,63.997258743428155,0,0.959345115869354,0.0,4.016547569055031,0.0
2015-09-14 13:35:00,65.0,0.0,68.82998539143914,0,1.8773913802677213,0.0,4.016547569055031,0.0
2015-09-14 13:40:00,64.0,0.0,66.03373359368581,0,1.1688976982574366,0.0,4.016547569055031,0.0
2015-09-14 13:45:00,71.0,0.0,64.09559806791566,0,1.0076760309701136,0.0,4.016547569055031,0.0
2015-09-14 13:50:00,66.0,0.0,68.0962999612305,0,1.4689453639963894,0.0,4.016547569055031,0.0
2015-09-14 13:55:00,59.0,0.0,66.91765323443788,0,1.5212673865277047,0.0,4.016547569055031,0.0
2015-09-14 14:15:00,57.0,0.0,61.67228921488497,0,1.6698323560685864,0.0,4.016547569055031,0.0
2015-09-14 14:20:00,66.0,0.0,58.693199843770415,0,1.3295263364578787,0.0,4.016547569055031,0.0
2015-09-14 14:25:00,71.0,0.0,64.030974970824,0,2.159064434263769,0.0,4.016547569055031,0.0
2015-09-14 14:35:00,69.0,0.0,68.7494715776487,0,1.6317492312675754,0.0,4.016547569055031,0.0
2015-09-14 14:40:00,67.0,0.0,67.66373061980559,0,1.6753224166971847,0.0,4.016547569055031,0.0
2015-09-14 14:45:00,66.0,0.0,65.82248628365704,0,1.149930155233956,0.0,4.016547569055031,0.0
2015-09-14 14:50:00,67.0,0.0,66.08139512013769,0,1.2618126366256717,0.0,4.016547569055031,0.0
2015-09-14 14:55:00,65.0,0.0,67.22918410302707,0,0.8979402667538153,0.0,4.016547569055031,0.0
2015-09-14 15:00:00,70.0,0.0,65.24985759606953,0,0.36315360846916606,0.0,4.016547569055031,0.0
2015-09-14 15:10:00,66.0,0.0,67.04662542102487,0,0.61518235593133,0.0,4.016547569055031,0.0
2015-09-14 15:15:00,66.0,0.0,66.33276838055329,0,0.4737950535577241,0.0,4.016547569055031,0.0
2015-09-14 15:20:00,61.0,0.0,66.33723320977452,0,0.5016557919040622,0.0,4.016547569055031,0.0
2015-09-14 15:30:00,68.0,0.0,62.709435592226626,0,1.143518624895283,0.0,4.016547569055031,0.0
2015-09-14 15:35:00,69.0,0.0,65.48556680597007,0,1.3466769415283153,0.0,4.016547569055031,0.0
2015-09-14 15:40:00,63.0,0.0,67.71313080929481,0,0.9454928991639179,0.0,4.016547569055031,0.0
2015-09-14 15:50:00,67.0,0.0,64.70994073058098,0,1.0893870376584374,0.0,4.016547569055031,0.0
2015-09-14 15:55:00,66.0,0.0,65.39748103590297,0,1.4470954470742612,0.0,4.016547569055031,0.0
2015-09-14 16:00:00,65.0,0.0,65.51186955950841,0,1.300684545128354,0.0,4.016547569055031,0.0
2015-09-14 16:05:00,67.0,0.0,65.39385777168042,0,0.8912540674125211,0.0,4.016547569055031,0.0
2015-09-14 16:20:00,65.0,0.0,66.13282748964997,0,0.9231813711739605,0.0,4.016547569055031,0.0
2015-09-14 16:25:00,66.0,0.0,64.88002376404648,0,0.5774566445688052,0.0,4.016547569055031,0.0
2015-09-14 16:30:00,65.0,0.0,65.30910397430915,0,0.3591632158526096,0.0,4.016547569055031,0.0
2015-09-14 16:35:00,64.0,0.0,65.22259719539444,0,0.28928760774923745,0.0,4.016547569055031,0.0
2015-09-14 16:40:00,66.0,0.0,64.37685290905634,0,0.37845048953070803,0.0,4.016547569055031,0.0
2015-09-14 16:45:00,62.0,0.0,65.00034501938161,0,0.39173323849570496,0.0,4.016547569055031,0.0
2015-09-14 16:50:00,65.0,0.0,63.09436880604096,0,0.602853031471345,0.0,4.016547569055031,0.0
2015-09-14 16:55:00,67.0,0.0,64.39472251105518,0,0.49082090593783223,0.0,4.016547569055031,0.0
2015-09-14 17:00:00,59.0,0.0,65.93653232966483,0,0.6904028868999774,0.0,4.016547569055031,0.0
2015-09-14 17:05:00,36.0,0.0,61.475772387474784,0,1.2322448366547831,0.0,4.016547569055031,0.0
2015-09-14 17:10:00,21.0,0.0,46.59624260787435,0,3.3715003759652133,0.0,4.016547569055031,0.0
2015-09-14 17:15:00,52.0,0.0,33.86133274107975,0,4.224263395646252,0.0,4.016547569055031,1.0
2015-09-14 17:20:00,60.0,0.0,49.02095745504422,0,4.774076015462913,0.0,4.016547569055031,1.0
2015-09-14 17:25:00,51.0,0.0,58.15055111128523,0,4.682796515600527,0.0,4.016547569055031,1.0
2015-09-14 17:30:00,68.0,0.0,53.01704096235093,0,6.0912390281384665,0.0,4.016547569055031,1.0
2015-09-14 17:35:00,60.0,0.0,61.14310371062321,0,6.028606678262465,0.0,4.016547569055031,1.0
2015-09-14 17:40:00,42.0,0.0,62.062836391883394,0,3.2984199654941735,0.0,4.016547569055031,0.0
2015-09-14 17:45:00,65.0,0.0,51.4807582177518,0,4.290836878790488,0.0,4.016547569055031,1.0
2015-09-14 17:50:00,59.0,0.0,59.475225397148726,0,4.108732475489635,0.0,4.016547569055031,1.0
2015-09-14 17:55:00,69.0,0.0,59.62074839156097,0,3.366965735790747,0.0,4.016547569055031,0.0
2015-09-14 18:00:00,68.0,0.0,66.17402245052976,0,2.806594992869743,0.0,4.016547569055031,0.0
2015-09-14 18:05:00,66.0,0.0,66.85862051420929,0,3.626717066989838,0.0,4.016547569055031,0.0
2015-09-14 18:10:00,66.0,0.0,65.04419388413163,0,1.944119312042814,0.0,4.016547569055031,0.0
2015-09-14 18:20:00,66.0,0.0,65.27114131636506,0,0.6877757454048308,0.0,4.016547569055031,0.0
2015-09-14 18:25:00,68.0,0.0,66.30476261830026,0,1.3748514471621867,0.0,4.016547569055031,0.0
2015-09-14 18:30:00,67.0,0.0,67.15079240747106,0,0.606450024488258,0.0,4.016547569055031,0.0
2015-09-14 18:35:00,67.0,0.0,65.98059039766278,0,0.3848047932012861,0.0,4.016547569055031,0.0
2015-09-14 18:45:00,65.0,0.0,66.06506453212539,0,0.40088370201407886,0.0,4.016547569055031,0.0
2015-09-14 18:50:00,66.0,0.0,65.72051863599853,0,0.4118095436397809,0.0,4.016547569055031,0.0
2015-09-14 19:01:00,68.0,0.0,65.84439412520211,0,0.33219584904314986,0.0,4.016547569055031,0.0
2015-09-14 19:05:00,68.0,0.0,66.44282843943088,0,0.3782326983529643,0.0,4.016547569055031,0.0
2015-09-14 19:15:00,66.0,0.0,66.8554319601289,0,0.5614494892062979,0.0,4.016547569055031,0.0
2015-09-14 19:20:00,69.0,0.0,66.23727072831372,0,0.5057323331493861,0.0,4.016547569055031,0.0
2015-09-14 19:30:00,64.0,0.0,67.6327675180227,0,0.6136826839239575,0.0,4.016547569055031,0.0
2015-09-14 19:35:00,68.0,0.0,64.89640126175706,0,0.9805480123809616,0.0,4.016547569055031,0.0
2015-09-14 19:45:00,65.0,0.0,66.38434000356028,0,0.8017106730989028,0.0,4.016547569055031,0.0
2015-09-14 20:00:00,65.0,0.0,65.5287131196612,0,0.6356336432176974,0.0,4.016547569055031,0.0
2015-09-14 20:10:00,66.0,0.0,65.08100786929832,0,0.7383884343441721,0.0,4.016547569055031,0.0
2015-09-14 20:15:00,58.0,0.0,65.26359621247684,0,0.5981816491086633,0.0,4.016547569055031,0.0
2015-09-14 20:20:00,71.0,0.0,60.806186993682225,0,1.234901144180641,0.0,4.016547569055031,0.0
2015-09-14 20:25:00,61.0,0.0,67.17113282750013,0,1.5730464780042965,0.0,4.016547569055031,0.0
2015-09-14 20:30:00,72.0,0.0,63.51129729160232,0,1.4152311770164907,0.0,4.016547569055031,0.0
2015-09-14 20:35:00,64.0,0.0,68.04019784200355,0,1.9290450084406934,0.0,4.016547569055031,0.0
2015-09-14 20:40:00,64.0,0.0,65.03658052047854,0,2.255158072921888,0.0,4.016547569055031,0.0
2015-09-14 20:45:00,67.0,0.0,64.32849264085964,0,2.0781974256015188,0.0,4.016547569055031,0.0
2015-09-14 20:50:00,65.0,0.0,66.00938300466454,0,1.6678812797577436,0.0,4.016547569055031,0.0
2015-09-14 21:30:00,65.0,0.0,65.20942347549058,0,1.222377685148004,0.0,4.016547569055031,0.0
2015-09-14 21:35:00,65.0,0.0,64.64015439955529,0,0.6814734949658344,0.0,4.016547569055031,0.0
2015-09-14 21:45:00,74.0,0.0,64.68160779563699,0,0.31343827080995085,0.0,4.016547569055031,0.0
2015-09-14 22:06:00,61.0,0.0,70.2358367695987,0,1.3568551644103208,0.0,4.016547569055031,0.0
2015-09-14 22:21:00,60.0,0.0,64.16894127992194,0,1.4897044284962846,0.0,4.016547569055031,0.0
2015-09-14 22:30:00,64.0,0.0,61.07215482475657,0,1.1989707070543474,0.0,4.016547569055031,0.0
2015-09-14 22:40:00,66.0,0.0,63.25476368059187,0,1.1611342315130955,0.0,4.016547569055031,0.0
2015-09-14 22:45:00,66.0,0.0,65.68325210384457,0,2.081412417825907,0.0,4.016547569055031,0.0
2015-09-14 22:50:00,70.0,0.0,65.4390711366593,0,1.4855664985996213,0.0,4.016547569055031,0.0
2015-09-15 03:45:00,62.0,0.0,67.07079256181308,0,1.1180757079738215,0.0,4.016547569055031,0.0
2015-09-15 04:10:00,64.0,0.0,63.801055035005255,0,1.2550758254147696,0.0,4.016547569055031,0.0
2015-09-15 04:31:00,61.0,0.0,64.37984401214831,0,0.855212051709119,0.0,4.016547569055031,0.0
2015-09-15 04:55:00,90.0,0.0,62.44641944815834,0,0.9186728209831372,0.0,4.016547569055031,0.0
2015-09-15 05:26:00,60.0,0.0,78.29370145063605,0,3.8671035348681193,0.0,4.016547569055031,0.0
2015-09-15 05:31:00,66.0,0.0,66.0476414447635,0,3.709600098711447,0.0,4.016547569055031,0.0
2015-09-15 05:41:00,63.0,0.0,64.91217153778945,0,1.9826789864192342,0.0,4.016547569055031,0.0
2015-09-15 05:46:00,76.0,0.0,64.02743670242378,0,2.4540016436987044,0.0,4.016547569055031,0.0
2015-09-15 05:51:00,56.0,0.0,71.8995943278113,0,5.622607773076521,0.0,4.016547569055031,1.0
2015-09-15 06:05:00,72.0,0.0,61.552000478693145,0,4.045660806003388,0.0,4.016547569055031,1.0
2015-09-15 06:45:00,66.0,0.0,66.58936308515105,0,2.226331228158654,0.0,4.016547569055031,0.0
2015-09-15 07:06:00,67.0,0.0,66.5165348019817,0,1.8592014391095077,0.0,4.016547569055031,0.0
2015-09-15 07:11:00,63.0,0.0,67.31933749965646,0,2.54425073063628,0.0,4.016547569055031,0.0
2015-09-15 07:16:00,67.0,0.0,63.843789265850496,0,2.5661439133830557,0.0,4.016547569055031,0.0
2015-09-15 07:21:00,70.0,0.0,64.90654175956267,0,1.5840165304132654,0.0,4.016547569055031,0.0
2015-09-15 07:26:00,70.0,0.0,68.3243508193865,0,0.9422871529550954,0.0,4.016547569055031,0.0
2015-09-15 07:31:00,71.0,0.0,69.36029234340761,0,0.7091348565189584,0.0,4.016547569055031,0.0
2015-09-15 07:46:00,62.0,0.0,68.97667563278596,0,1.121164949974257,0.0,4.016547569055031,0.0
2015-09-15 07:51:00,69.0,0.0,63.67019528860596,0,1.6181409101171078,0.0,4.016547569055031,0.0
2015-09-15 07:56:00,67.0,0.0,67.23304284321182,0,1.643213944485727,0.0,4.016547569055031,0.0
2015-09-15 08:11:00,66.0,0.0,67.54407753300067,0,0.8008876493025902,0.0,4.016547569055031,0.0
2015-09-15 08:21:00,65.0,0.0,65.73282470187246,0,0.8877304845413072,0.0,4.016547569055031,0.0
2015-09-15 08:26:00,61.0,0.0,64.28876121892402,0,1.195790561118077,0.0,4.016547569055031,0.0
2015-09-15 08:31:00,68.0,0.0,62.711623158372134,0,1.0374100385734075,0.0,4.016547569055031,0.0
2015-09-15 08:41:00,66.0,0.0,66.61012916734514,0,0.8755534455416012,0.0,4.016547569055031,0.0
2015-09-15 08:46:00,67.0,0.0,65.76268593031625,0,0.6234114770576327,0.0,4.016547569055031,0.0
2015-09-15 08:51:00,66.0,0.0,65.45134629839829,0,0.6020185613342932,0.0,4.016547569055031,0.0
2015-09-15 08:56:00,66.0,0.0,65.61662741222945,0,0.8176222981236478,0.0,4.016547569055031,0.0
2015-09-15 09:01:00,70.0,0.0,66.23259590292184,0,0.7457717200683873,0.0,4.016547569055031,0.0
2015-09-15 09:06:00,71.0,0.0,68.09525880156218,0,0.5936744456134164,0.0,4.016547569055031,0.0
2015-09-15 09:16:00,65.0,0.0,68.76266121065001,0,0.7211418658853489,0.0,4.016547569055031,0.0
2015-09-15 09:21:00,63.0,0.0,65.84918464071478,0,0.9069363390731923,0.0,4.016547569055031,0.0
2015-09-15 09:31:00,63.0,0.0,64.20731576005407,0,0.8456417759909769,0.0,4.016547569055031,0.0
2015-09-15 09:36:00,63.0,0.0,63.699936649395845,0,1.1173300245688893,0.0,4.016547569055031,0.0
2015-09-15 09:41:00,62.0,0.0,63.23399984428856,0,0.8598453687348353,0.0,4.016547569055031,0.0
2015-09-15 09:46:00,65.0,0.0,62.41010197706886,0,0.7806466273572248,0.0,4.016547569055031,0.0
2015-09-15 09:51:00,61.0,0.0,64.11418056889788,0,0.7990436894453261,0.0,4.016547569055031,0.0
2015-09-15 10:01:00,72.0,0.0,62.41325504949982,0,0.6551354230807341,0.0,4.016547569055031,0.0
2015-09-15 10:16:00,67.0,0.0,67.98303343644912,0,1.3229857901855389,0.0,4.016547569055031,0.0
2015-09-15 10:26:00,66.0,0.0,66.87415939638294,0,0.8943176301959361,0.0,4.016547569055031,0.0
2015-09-15 10:31:00,74.0,0.0,65.75213348643655,0,0.9905939067083956,0.0,4.016547569055031,0.0
2015-09-15 10:36:00,66.0,0.0,70.2838538281036,0,1.7165975812692544,0.0,4.016547569055031,0.0
2015-09-15 10:41:00,70.0,0.0,67.3126621994421,0,1.8943485504129818,0.0,4.016547569055031,0.0
2015-09-15 10:46:00,67.0,0.0,68.18713614767854,0,0.9072886725526033,0.0,4.016547569055031,0.0
2015-09-15 11:06:00,68.0,0.0,66.84917380711855,0,0.9150834281284886,0.0,4.016547569055031,0.0
2015-09-15 11:11:00,66.0,0.0,67.33374952688561,0,1.0430211395232605,0.0,4.016547569055031,0.0
2015-09-15 11:16:00,65.0,0.0,66.29871885763593,0,0.7250429337332008,0.0,4.016547569055031,0.0
2015-09-15 11:21:00,60.0,0.0,65.0789053922468,0,0.628898832950415,0.0,4.016547569055031,0.0
2015-09-15 11:31:00,66.0,0.0,61.85948712480565,0,0.746074245580391,0.0,4.016547569055031,0.0
2015-09-15 11:36:00,67.0,0.0,64.66119935572786,0,0.819470091587857,0.0,4.016547569055031,0.0
2015-09-15 11:41:00,66.0,0.0,66.22450622719357,0,0.7248462190118274,0.0,4.016547569055031,0.0
2015-09-15 11:46:00,67.0,0.0,65.53938253093588,0,0.5575912018960523,0.0,4.016547569055031,0.0
2015-09-15 11:51:00,66.0,0.0,65.74689437969447,0,1.0737810630388709,0.0,4.016547569055031,0.0
2015-09-15 11:56:00,67.0,0.0,65.83196704940497,0,0.7968530381642566,0.0,4.016547569055031,0.0
2015-09-15 12:06:00,69.0,0.0,66.57367315632452,0,0.5220556684236826,0.0,4.016547569055031,0.0
2015-09-15 12:11:00,69.0,0.0,67.50649014784128,0,0.47344097273156505,0.0,4.016547569055031,0.0
2015-09-15 12:16:00,71.0,0.0,67.63474659355718,0,0.5295102587957615,0.0,4.016547569055031,0.0
2015-09-15 12:21:00,64.0,0.0,69.15342836074575,0,0.7071482079620409,0.0,4.016547569055031,0.0
2015-09-15 12:26:00,69.0,0.0,65.71241829167789,0,1.0042453257160475,0.0,4.016547569055031,0.0
2015-09-15 12:31:00,68.0,0.0,67.24961358481609,0,1.2131661741531274,0.0,4.016547569055031,0.0
2015-09-15 12:36:00,67.0,0.0,67.31749303709783,0,0.8918526019901506,0.0,4.016547569055031,0.0
2015-09-15 12:41:00,66.0,0.0,66.77491487259962,0,0.9674629752558872,0.0,4.016547569055031,0.0
2015-09-15 12:46:00,68.0,0.0,65.88434225987363,0,0.8936459924327153,0.0,4.016547569055031,0.0
2015-09-15 12:51:00,72.0,0.0,66.82512021473778,0,0.681186176825696,0.0,4.016547569055031,0.0
2015-09-15 12:56:00,66.0,0.0,69.60194570325653,0,0.7758381890332927,0.0,4.016547569055031,0.0
2015-09-15 13:01:00,62.0,0.0,66.80973615900572,0,0.7833115689886796,0.0,4.016547569055031,0.0
2015-09-15 13:06:00,71.0,0.0,63.313088803688004,0,1.0082979012743123,0.0,4.016547569055031,0.0
2015-09-15 13:11:00,74.0,0.0,67.92553018638067,0,1.5498327981137776,0.0,4.016547569055031,0.0
2015-09-15 13:16:00,65.0,0.0,71.53356229258799,0,1.8844698671938076,0.0,4.016547569055031,0.0
2015-09-15 13:21:00,61.0,0.0,66.54151545403325,0,1.7799240479569591,0.0,4.016547569055031,0.0
2015-09-15 13:26:00,63.0,0.0,62.172280362202,1,1.874676339179156,0.0,4.016547569055031,0.0
2015-09-15 13:31:00,66.0,0.0,63.223950961269274,1,1.6769334171376584,0.0,4.016547569055031,0.0
2015-09-15 13:36:00,63.0,0.0,65.89298166542083,1,1.425470333726659,0.0,4.016547569055031,0.0
2015-09-15 13:41:00,60.0,0.0,63.69517055352552,1,1.2471309070092509,0.0,4.016547569055031,0.0
2015-09-15 13:46:00,59.0,0.0,60.537970566246564,1,1.1090545494730726,0.0,4.016547569055031,0.0
2015-09-15 13:51:00,60.0,0.0,60.20914240311634,1,0.39298006196650875,0.0,4.016547569055031,0.0
2015-09-15 13:54:00,56.0,0.0,61.467885797311496,1,0.5534493299314655,0.0,4.016547569055031,0.0
2015-09-15 13:59:00,49.0,0.0,58.46376169717856,1,1.101229338873709,0.0,4.016547569055031,0.0
2015-09-15 14:04:00,43.0,0.0,52.662886344038576,1,1.8837692714557044,0.0,4.016547569055031,0.0
2015-09-15 14:09:00,59.0,0.0,48.411301515568525,1,1.9004533151930112,0.0,4.016547569055031,0.0
2015-09-15 14:14:00,51.0,0.0,57.38029062150186,1,2.313907864364217,0.0,4.016547569055031,0.0
2015-09-15 14:19:00,42.0,0.0,54.7278563212351,1,2.500583535409716,0.0,4.016547569055031,0.0
2015-09-15 14:24:00,25.0,0.0,46.97063179672363,1,3.661337157775401,0.0,4.016547569055031,0.0
2015-09-15 14:29:00,10.0,0.0,35.65727038571599,1,4.736301715278761,0.0,4.016547569055031,1.0
2015-09-15 14:34:00,8.0,0.0,25.33957108873092,1,5.722143675232033,0.0,4.016547569055031,1.0
2015-09-15 14:39:00,46.0,0.0,20.736091583879432,1,5.34989580264901,0.0,4.016547569055031,1.0
2015-09-15 14:44:00,65.0,0.0,40.13731556769695,1,7.3116880404853095,0.0,4.016547569055031,1.0
2015-09-15 14:49:00,68.0,0.0,57.03682895664125,1,8.71650253035355,0.0,4.016547569055031,1.0
2015-09-15 14:54:00,67.0,0.0,63.20337518768508,1,7.852195957734688,0.0,4.016547569055031,1.0
2015-09-15 14:59:00,64.0,0.0,64.11683719607754,1,5.249476777290199,0.0,4.016547569055031,1.0
2015-09-15 15:04:00,67.0,0.0,63.880932337191,1,4.688638870409728,0.0,4.016547569055031,1.0
2015-09-15 15:09:00,62.0,0.0,66.453097952646,1,4.285838514686326,0.0,4.016547569055031,1.0
2015-09-15 15:14:00,66.0,0.0,63.62270290518078,1,1.9995700714560207,0.0,4.016547569055031,0.0
2015-09-15 15:24:00,68.0,0.0,64.21622175692644,1,0.8579431718555455,0.0,4.016547569055031,0.0
2015-09-15 15:34:00,65.0,0.0,66.38982907881086,1,0.797306629756843,0.0,4.016547569055031,0.0
2015-09-15 15:39:00,65.0,0.0,65.8791181613402,1,1.0072450858417334,0.0,4.016547569055031,0.0
2015-09-15 15:44:00,68.0,0.0,64.9275393235126,1,1.0883120530689845,0.0,4.016547569055031,0.0
2015-09-15 15:49:00,66.0,0.0,66.06726381825851,1,0.9795285773396906,0.0,4.016547569055031,0.0
2015-09-15 15:54:00,64.0,0.0,65.93666218042044,1,0.8125186159712016,0.0,4.016547569055031,0.0
2015-09-15 15:59:00,64.0,0.0,64.85886502727541,0,0.6274144098379949,0.0,4.016547569055031,0.0
2015-09-15 16:04:00,63.0,0.0,64.04857083091656,0,0.4665382893699473,0.0,4.016547569055031,0.0
2015-09-15 16:09:00,63.0,0.0,63.19730126834616,0,0.5159069003433998,0.0,4.016547569055031,0.0
2015-09-15 16:14:00,67.0,0.0,63.308554323380356,0,0.1432640032722361,0.0,4.016547569055031,0.0
2015-09-15 16:19:00,63.0,0.0,65.70710251537689,0,0.6930146251924377,0.0,4.016547569055031,0.0
2015-09-15 16:24:00,66.0,0.0,63.76987136436989,0,0.5413291449918489,0.0,4.016547569055031,0.0
2015-09-15 16:29:00,67.0,0.0,64.70193376882558,0,0.5847323907266186,0.0,4.016547569055031,0.0
2015-09-15 16:34:00,65.0,0.0,66.07031859123767,0,0.6164756903068351,0.0,4.016547569055031,0.0
2015-09-15 16:39:00,65.0,0.0,65.40502136573247,0,0.8184308427288414,0.0,4.016547569055031,0.0
2015-09-15 16:44:00,64.0,0.0,64.72966457114674,0,0.6514764251148464,0.0,4.016547569055031,0.0
2015-09-15 16:49:00,69.0,0.0,63.98619254015448,0,0.5862897641299327,0.0,4.016547569055031,0.0
2015-09-15 16:54:00,65.0,0.0,67.0809320137289,0,0.8930719354213522,0.0,4.016547569055031,0.0
2015-09-15 16:59:00,65.0,0.0,65.69187334431507,0,0.5759482845668913,0.0,4.016547569055031,0.0
2015-09-15 17:04:00,62.0,0.0,64.68385380874518,0,0.399197892933249,0.0,4.016547569055031,0.0
2015-09-15 17:09:00,57.0,0.0,62.82926694125492,0,0.6354413361578437,0.0,4.016547569055031,0.0
2015-09-15 17:14:00,52.0,0.0,59.858611284927385,0,1.4599428864196355,0.0,4.016547569055031,0.0
2015-09-15 17:19:00,51.0,0.0,55.950221173173894,0,1.4635441060408474,0.0,4.016547569055031,0.0
2015-09-15 17:24:00,62.0,0.0,53.8801023691943,0,1.359634010809998,0.0,4.016547569055031,0.0
2015-09-15 17:29:00,59.0,0.0,59.828519851711576,0,1.9584390661093125,0.0,4.016547569055031,0.0
2015-09-15 17:39:00,68.0,0.0,60.057476805496464,0,1.7497861791397007,0.0,4.016547569055031,0.0
2015-09-15 17:44:00,64.0,0.0,64.6548467207885,0,2.5631458021799114,0.0,4.016547569055031,0.0
2015-09-15 17:49:00,65.0,0.0,63.79909019275205,0,1.5059280496153078,0.0,4.016547569055031,0.0
2015-09-15 17:54:00,66.0,0.0,64.45881726680372,0,1.475286718172115,0.0,4.016547569055031,0.0
2015-09-15 17:59:00,67.0,0.0,65.47871403824415,0,0.7514425210060054,0.0,4.016547569055031,0.0
2015-09-15 18:04:00,63.0,0.0,66.13304184301259,0,1.138203437924797,0.0,4.016547569055031,0.0
2015-09-15 18:14:00,59.0,0.0,63.76123146219122,0,0.5918225222988582,0.0,4.016547569055031,0.0
2015-09-15 18:19:00,68.0,0.0,60.880631773188725,0,0.865279958356993,0.0,4.016547569055031,0.0
2015-09-15 18:24:00,66.0,0.0,65.65007875771308,0,1.2690658314130758,0.0,4.016547569055031,0.0
2015-09-15 18:29:00,66.0,0.0,65.95086371586355,0,0.7729949838697052,0.0,4.016547569055031,0.0
2015-09-15 18:34:00,65.0,0.0,65.22153800246987,0,0.8223098888952365,0.0,4.016547569055031,0.0
2015-09-15 18:39:00,64.0,0.0,64.51209729625485,0,0.9311595048409643,0.0,4.016547569055031,0.0
2015-09-15 18:44:00,70.0,0.0,64.49094556431156,0,0.8252061051959373,0.0,4.016547569055031,0.0
2015-09-15 18:49:00,67.0,0.0,67.96493430832057,0,0.6641747260836539,0.0,4.016547569055031,0.0
2015-09-15 18:54:00,63.0,0.0,66.6526824106422,0,0.4249522554663031,0.0,4.016547569055031,0.0
2015-09-15 19:04:00,64.0,0.0,63.64311961540661,0,0.7235451962206014,0.0,4.016547569055031,0.0
2015-09-15 19:09:00,65.0,0.0,64.0103083115096,0,0.4385426141603645,0.0,4.016547569055031,0.0
2015-09-15 19:14:00,64.0,0.0,65.16386710586704,0,0.8464425948773417,0.0,4.016547569055031,0.0
2015-09-15 19:19:00,60.0,0.0,64.23470778670247,0,0.3293414036328663,0.0,4.016547569055031,0.0
2015-09-15 19:24:00,65.0,0.0,61.11888719442368,0,0.8653153786017178,0.0,4.016547569055031,0.0
2015-09-15 19:29:00,69.0,0.0,63.71130787230462,0,0.5765763588672506,0.0,4.016547569055031,0.0
2015-09-15 19:34:00,63.0,0.0,67.44927461821953,0,0.9084538030874342,0.0,4.016547569055031,0.0
2015-09-15 19:39:00,59.0,0.0,64.30072077398296,0,0.9806154214688568,0.0,4.016547569055031,0.0
2015-09-15 19:44:00,69.0,0.0,60.28906280747016,0,1.4794454038567912,0.0,4.016547569055031,0.0
2015-09-15 19:49:00,60.0,0.0,65.905594308775,0,1.8021251089035126,0.0,4.016547569055031,0.0
2015-09-15 19:54:00,60.0,0.0,63.18846951445274,0,1.8429201090928964,0.0,4.016547569055031,0.0
2015-09-15 19:59:00,59.0,0.0,60.964631146835934,0,1.6510402919803142,0.0,4.016547569055031,0.0
2015-09-15 20:09:00,62.0,0.0,59.399390912067716,0,1.5801921080802734,0.0,4.016547569055031,0.0
2015-09-15 20:14:00,61.0,0.0,61.86064691630468,0,1.8958443545043522,0.0,4.016547569055031,0.0
2015-09-15 20:24:00,58.0,0.0,62.268515506631104,0,1.1458085882131386,0.0,4.016547569055031,0.0
2015-09-15 20:29:00,63.0,0.0,59.45333192977088,0,0.9821007079987496,0.0,4.016547569055031,0.0
2015-09-15 20:34:00,65.0,0.0,61.33235714015258,0,0.8771890649230073,0.0,4.016547569055031,0.0
2015-09-15 20:49:00,57.0,0.0,64.24564394684062,0,1.0797095327724429,0.0,4.016547569055031,0.0
2015-09-15 20:54:00,62.0,0.0,60.39471193734105,0,1.3250137212554087,0.0,4.016547569055031,0.0
2015-09-15 20:59:00,62.0,0.0,61.04867135574073,0,1.314384634940879,0.0,4.016547569055031,0.0
2015-09-15 21:04:00,62.0,0.0,61.718753558649475,0,1.1266036209095511,0.0,4.016547569055031,0.0
2015-09-15 21:19:00,64.0,0.0,62.6040294102361,0,0.9330532377308174,0.0,4.016547569055031,0.0
2015-09-15 21:29:00,63.0,0.0,63.615367089611595,0,1.147947768487326,0.0,4.016547569055031,0.0
2015-09-15 22:09:00,57.0,0.0,62.78955480258757,0,0.4441892558504847,0.0,4.016547569055031,0.0
2015-09-15 22:34:00,59.0,0.0,59.32093968765165,0,0.8221237406234302,0.0,4.016547569055031,0.0
2015-09-15 22:39:00,63.0,0.0,59.96588038628013,0,0.4122233334690769,0.0,4.016547569055031,0.0
2015-09-15 22:44:00,67.0,0.0,62.534938610894635,0,0.7667047686587907,0.0,4.016547569055031,0.0
2015-09-15 23:19:00,65.0,0.0,65.03997637654724,0,0.9042755139166545,0.0,4.016547569055031,0.0
2015-09-15 23:24:00,61.0,0.0,64.37335529362538,0,0.9541436265624718,0.0,4.016547569055031,0.0
2015-09-15 23:29:00,61.0,0.0,62.2312907002699,0,0.7125236756662531,0.0,4.016547569055031,0.0
2015-09-15 23:34:00,60.0,0.0,61.992434540996,0,0.8548430733192411,0.0,4.016547569055031,0.0
2015-09-16 00:49:00,67.0,0.0,61.225862262318046,0,0.9347842254289134,0.0,4.016547569055031,0.0
2015-09-16 01:44:00,57.0,0.0,64.66819567026505,0,0.9890346324187768,0.0,4.016547569055031,0.0
2015-09-16 02:19:00,59.0,0.0,59.97109958922021,0,1.6822942797209328,0.0,4.016547569055031,0.0
2015-09-16 03:04:00,60.0,0.0,59.706691831934265,0,0.9723591011759318,0.0,4.016547569055031,0.0
2015-09-16 04:44:00,58.0,0.0,60.62232033537125,0,0.9521200722269206,0.0,4.016547569055031,0.0
2015-09-16 05:09:00,66.0,0.0,59.623990070948,0,1.4699361992008364,0.0,4.016547569055031,0.0
2015-09-16 05:19:00,69.0,0.0,63.501278956613426,0,1.7554923762922243,0.0,4.016547569055031,0.0
2015-09-16 05:29:00,62.0,0.0,66.622051367252,0,1.1508160250378339,0.0,4.016547569055031,0.0
2015-09-16 05:39:00,65.0,0.0,63.56572812128879,0,1.2038339617771556,0.0,4.016547569055031,0.0
2015-09-16 05:49:00,65.0,0.0,64.16019190482243,0,1.2122980082453823,0.0,4.016547569055031,0.0
2015-09-16 06:09:00,61.0,0.0,64.71708363574045,0,1.4498023916830518,0.0,4.016547569055031,0.0
2015-09-16 06:14:00,64.0,0.0,62.62178225028728,0,1.428220589260094,0.0,4.016547569055031,0.0
2015-09-16 06:24:00,65.0,0.0,63.372860867201084,0,1.0179047705400328,0.0,4.016547569055031,0.0
2015-09-16 06:39:00,65.0,0.0,64.31139407991226,0,0.6433056854033445,0.0,4.016547569055031,0.0
2015-09-16 06:44:00,66.0,0.0,64.74095849782354,0,0.4748857682698798,0.0,4.016547569055031,0.0
2015-09-16 06:54:00,61.0,0.0,65.29051145292253,0,0.7810959104693722,0.0,4.016547569055031,0.0
2015-09-16 07:19:00,64.0,0.0,62.452284489983356,0,0.7834833966776813,0.0,4.016547569055031,0.0
2015-09-16 07:24:00,69.0,0.0,63.447327329709346,0,0.6284275102140583,0.0,4.016547569055031,0.0
2015-09-16 07:29:00,59.0,0.0,66.98319260628264,0,0.9214765799906331,0.0,4.016547569055031,0.0
2015-09-16 07:34:00,71.0,0.0,61.97744635609806,0,1.397348720952794,0.0,4.016547569055031,0.0
2015-09-16 07:44:00,66.0,0.0,66.91972565079429,0,2.03122760069139,0.0,4.016547569055031,0.0
2015-09-16 07:49:00,66.0,0.0,66.24155140351382,0,1.209464193012272,0.0,4.016547569055031,0.0
2015-09-16 07:54:00,67.0,0.0,65.94310287214297,0,1.5110303576339432,0.0,4.016547569055031,0.0
2015-09-16 07:59:00,68.0,0.0,66.05423717538379,0,1.6396258970814295,0.0,4.016547569055031,0.0
2015-09-16 08:04:00,64.0,0.0,66.81294937649557,0,1.31322534752995,0.0,4.016547569055031,0.0
2015-09-16 08:09:00,68.0,0.0,64.97805443779346,0,0.5459461981053366,0.0,4.016547569055031,0.0
2015-09-16 08:14:00,69.0,0.0,66.58888457047814,0,0.5726786953763507,0.0,4.016547569055031,0.0
2015-09-16 08:19:00,71.0,0.0,67.63169935992401,0,0.7989995872814845,0.0,4.016547569055031,0.0
2015-09-16 08:24:00,66.0,0.0,69.05948741187089,0,1.0258584595587934,0.0,4.016547569055031,0.0
2015-09-16 08:29:00,70.0,0.0,66.56698454804076,0,1.0629907295757761,0.0,4.016547569055031,0.0
2015-09-16 08:39:00,71.0,0.0,68.14625376321331,0,1.0801361631804383,0.0,4.016547569055031,0.0
2015-09-16 08:49:00,68.0,0.0,69.49366085705798,0,1.09944056793411,0.0,4.016547569055031,0.0
2015-09-16 08:54:00,62.0,0.0,67.96607113168837,0,1.0729544013032553,0.0,4.016547569055031,0.0
2015-09-16 08:59:00,67.0,0.0,63.69984882008709,0,1.298655733964037,0.0,4.016547569055031,0.0
2015-09-16 09:04:00,63.0,0.0,65.63320313703055,0,1.1827029699999585,0.0,4.016547569055031,0.0
2015-09-16 09:09:00,71.0,0.0,64.4026483557881,0,1.008118478224339,0.0,4.016547569055031,0.0
2015-09-16 09:14:00,64.0,0.0,68.10426404215714,0,1.259423540842615,0.0,4.016547569055031,0.0
2015-09-16 09:24:00,70.0,0.0,64.84748960001289,0,1.743536517053301,0.0,4.016547569055031,0.0
2015-09-16 09:34:00,67.0,0.0,67.48975353771955,0,1.4965332356513321,0.0,4.016547569055031,0.0
2015-09-16 09:44:00,67.0,0.0,67.1685882293945,0,1.0779077050674402,0.0,4.016547569055031,0.0
2015-09-16 09:54:00,66.0,0.0,66.71757864227692,0,1.170658812494402,0.0,4.016547569055031,0.0
2015-09-16 09:59:00,61.0,0.0,65.59504771533089,0,0.8516755205516404,0.0,4.016547569055031,0.0
2015-09-16 10:04:00,69.0,0.0,62.653739934865726,0,1.109327352482424,0.0,4.016547569055031,0.0
2015-09-16 10:09:00,67.0,0.0,66.78495698470307,0,0.9345715409506241,0.0,4.016547569055031,0.0
2015-09-16 10:14:00,70.0,0.0,66.8170600624227,0,0.4939787837246271,0.0,4.016547569055031,0.0
2015-09-16 10:19:00,71.0,0.0,67.84728535180454,0,0.8357193752263286,0.0,4.016547569055031,0.0
2015-09-16 10:24:00,67.0,0.0,68.89834644634566,0,1.3952199899461761,0.0,4.016547569055031,0.0
2015-09-16 10:29:00,59.0,0.0,67.45043718113165,0,1.2693181923467391,0.0,4.016547569055031,0.0
2015-09-16 10:34:00,69.0,0.0,62.210427132174026,0,1.3349449774250757,0.0,4.016547569055031,0.0
2015-09-16 10:44:00,69.0,0.0,66.16757567897562,0,1.788774532055875,0.0,4.016547569055031,0.0
2015-09-16 10:49:00,68.0,0.0,67.81964077268928,0,1.4376774049895538,0.0,4.016547569055031,0.0
2015-09-16 10:54:00,72.0,0.0,67.42098816823048,0,0.9752353535297139,0.0,4.016547569055031,0.0
2015-09-16 10:59:00,68.0,0.0,69.23752219030216,0,2.0433018920721002,0.0,4.016547569055031,0.0
2015-09-16 11:04:00,62.0,0.0,67.86912746514484,0,1.4381368247930588,0.0,4.016547569055031,0.0
2015-09-16 11:09:00,64.0,0.0,64.14454574444538,0,1.2354273189802456,0.0,4.016547569055031,0.0
2015-09-16 11:14:00,66.0,0.0,64.03018061384867,0,0.5941812892523999,0.0,4.016547569055031,0.0
2015-09-16 11:19:00,60.0,0.0,65.25599989203423,0,1.0091952301372218,0.0,4.016547569055031,0.0
2015-09-16 11:24:00,66.0,0.0,62.063452261157096,0,0.9543121083451368,0.0,4.016547569055031,0.0
2015-09-16 11:29:00,71.0,0.0,64.33601340899871,0,1.278785393140467,0.0,4.016547569055031,0.0
2015-09-16 11:34:00,56.0,0.0,68.27768444664304,0,1.1310151909419504,0.0,4.016547569055031,0.0
2015-09-16 11:39:00,63.0,0.0,60.66020492250731,0,2.144125834627549,0.0,4.016547569055031,0.0
2015-09-16 11:44:00,67.0,0.0,61.892700068166256,0,1.8705754297549575,0.0,4.016547569055031,0.0
2015-09-16 11:49:00,64.0,0.0,65.41515724852967,0,1.9197654669375956,0.0,4.016547569055031,0.0
2015-09-16 11:59:00,67.0,0.0,64.8253630445134,0,1.815380699869931,0.0,4.016547569055031,0.0
2015-09-16 12:04:00,62.0,0.0,65.43454295722118,0,2.03096222074398,0.0,4.016547569055031,0.0
2015-09-16 12:14:00,65.0,0.0,62.82801972468413,0,1.085730080531016,0.0,4.016547569055031,0.0
2015-09-16 12:19:00,66.0,0.0,64.50548357953241,0,1.1913277267655622,0.0,4.016547569055031,0.0
2015-09-16 12:24:00,65.0,0.0,65.742528931296,0,0.6623029901441193,0.0,4.016547569055031,0.0
2015-09-16 12:29:00,73.0,0.0,64.77019639229276,0,0.6062630143417145,0.0,4.016547569055031,0.0
2015-09-16 12:34:00,67.0,0.0,68.94368839898789,0,1.3474157386491392,0.0,4.016547569055031,0.0
2015-09-16 12:39:00,62.0,0.0,67.46298969302082,0,0.9153771372194704,0.0,4.016547569055031,0.0
2015-09-16 12:44:00,68.0,0.0,63.93805001646072,0,1.1964082083932581,0.0,4.016547569055031,0.0
2015-09-16 12:49:00,62.0,0.0,66.0567446179612,0,1.1491633833036161,0.0,4.016547569055031,0.0
2015-09-16 12:54:00,67.0,0.0,63.591001666007976,0,1.8574531716176665,0.0,4.016547569055031,0.0
2015-09-16 12:59:00,63.0,0.0,65.65495015331219,0,1.1287983490508224,0.0,4.016547569055031,0.0
2015-09-16 13:04:00,68.0,0.0,63.86402595140666,1,1.2127257217819682,0.0,4.016547569055031,0.0
2015-09-16 13:09:00,69.0,0.0,66.07879186197665,1,1.3941256878273869,0.0,4.016547569055031,0.0
2015-09-16 13:14:00,69.0,0.0,67.58452207202488,1,1.2699238358110343,0.0,4.016547569055031,0.0
2015-09-16 13:19:00,65.0,0.0,67.97099979177806,1,1.037023812606008,0.0,4.016547569055031,0.0
2015-09-16 13:24:00,61.0,0.0,65.5244062432903,1,1.0855662170717308,0.0,4.016547569055031,0.0
2015-09-16 13:29:00,73.0,0.0,62.56420380532444,1,1.355047280939435,0.0,4.016547569055031,0.0
2015-09-16 13:34:00,66.0,0.0,69.05779916569152,1,1.789009251751071,0.0,4.016547569055031,0.0
2015-09-16 13:39:00,51.0,0.0,67.0146907335986,1,1.1533088184811802,0.0,4.016547569055031,0.0
2015-09-16 13:44:00,50.0,0.0,56.68106630152257,1,2.603119214189847,0.0,4.016547569055031,0.0
2015-09-16 13:49:00,34.0,0.0,53.21123285472753,1,2.3407634219566957,0.0,4.016547569055031,0.0
2015-09-16 13:54:00,24.0,0.0,44.32129202099337,1,4.26118181049433,0.0,4.016547569055031,1.0
2015-09-16 13:59:00,7.0,0.0,35.338601491070925,1,4.360737309752695,0.0,4.016547569055031,1.0
2015-09-16 14:04:00,14.0,0.0,21.77760609349417,1,7.0601502342068105,0.0,4.016547569055031,1.0
2015-09-16 14:09:00,7.0,0.0,22.151482378264063,1,4.168721471982183,0.0,4.016547569055031,1.0
2015-09-16 14:14:00,32.0,0.0,19.2814189579912,1,7.080021483855006,0.0,4.016547569055031,1.0
2015-09-16 14:19:00,17.0,0.0,31.86508350559612,1,7.829364295628847,0.0,4.016547569055031,1.0
2015-09-16 14:24:00,8.0,0.0,26.07906735381157,1,7.154910892082036,0.0,4.016547569055031,1.0
2015-09-16 14:29:00,6.0,0.0,18.815021752602046,1,5.5503558631776455,0.0,4.016547569055031,1.0
2015-09-16 14:30:00,8.0,0.0,16.9861168674922,1,5.893381573465372,0.0,4.016547569055031,1.0
2015-09-16 14:35:00,20.0,0.0,18.3319519294782,1,4.954780253767976,0.0,4.016547569055031,1.0
2015-09-16 14:40:00,8.0,0.0,24.302703664271174,1,5.638557128500813,0.0,4.016547569055031,1.0
2015-09-16 14:45:00,23.0,0.0,18.21681029286453,1,5.785095770869878,0.0,4.016547569055031,1.0
2015-09-16 14:50:00,74.0,0.0,25.73674868979025,1,3.98870319915009,0.0,4.016547569055031,0.0
2015-09-16 14:55:00,65.0,0.0,59.2547612630066,1,7.533526154910859,0.0,4.016547569055031,1.0
2015-09-16 15:00:00,67.0,0.0,63.22310043395944,1,3.9414788191434553,0.0,4.016547569055031,0.0
2015-09-16 15:05:00,74.0,0.0,62.26293378544767,1,4.412167993027142,0.0,4.016547569055031,1.0
2015-09-16 15:10:00,59.0,0.0,68.07313000521124,1,3.955604248055258,0.0,4.016547569055031,0.0
2015-09-16 15:15:00,65.0,0.0,64.6196847496232,1,7.459558583300729,0.0,4.016547569055031,1.0
2015-09-16 15:20:00,64.0,0.0,65.2806499302974,1,2.325920451758629,0.0,4.016547569055031,0.0
2015-09-16 15:25:00,64.0,0.0,62.67932500042733,0,2.1621820385599655,0.0,4.016547569055031,0.0
2015-09-16 15:30:00,68.0,0.0,63.08021557530858,0,2.1054770185458103,0.0,4.016547569055031,0.0
2015-09-16 15:35:00,73.0,0.0,67.41304548078924,0,1.6894339034840946,0.0,4.016547569055031,0.0
2015-09-16 15:40:00,71.0,0.0,70.67796399872107,0,0.9075333643359812,0.0,4.016547569055031,0.0
2015-09-16 15:45:00,67.0,0.0,68.7215948190297,0,0.6752135876330115,0.0,4.016547569055031,0.0
2015-09-16 15:50:00,66.0,0.0,66.43361347705994,0,0.7193080765062418,0.0,4.016547569055031,0.0
2015-09-16 15:55:00,68.0,0.0,66.88920629379099,0,1.0306019242549689,0.0,4.016547569055031,0.0
2015-09-16 16:00:00,65.0,0.0,67.90670249130389,1,0.9174992522788343,0.0,4.016547569055031,0.0
2015-09-16 16:05:00,57.0,0.0,64.97620737424452,1,0.6366450591159563,0.0,4.016547569055031,0.0
2015-09-16 16:10:00,70.0,0.0,59.47962971233858,1,1.1137712098576742,0.0,4.016547569055031,0.0
2015-09-16 16:15:00,66.0,0.0,66.7636302511024,1,1.4439909905302515,0.0,4.016547569055031,0.0
2015-09-16 16:20:00,66.0,0.0,66.95715088308921,1,0.7707513552999175,0.0,4.016547569055031,0.0
2015-09-16 16:25:00,65.0,0.0,65.14999715236935,1,1.0367275712487156,0.0,4.016547569055031,0.0
2015-09-16 16:30:00,66.0,0.0,63.9250135666441,1,1.5562985122041666,0.0,4.016547569055031,0.0
2015-09-16 16:35:00,64.0,0.0,65.81837556321223,1,1.4466135007578287,0.0,4.016547569055031,0.0
2015-09-16 16:40:00,55.0,0.0,65.3727857996433,1,0.4614143130759743,0.0,4.016547569055031,0.0
2015-09-16 16:45:00,30.0,0.0,58.483783627497026,1,1.410933050488883,0.0,4.016547569055031,0.0
2015-09-16 16:50:00,11.0,0.0,41.70872492898866,1,3.4746961077150376,0.0,4.016547569055031,0.0
2015-09-16 16:55:00,12.0,0.0,27.093951368566817,1,4.953063015526132,0.0,4.016547569055031,1.0
2015-09-16 17:00:00,33.0,0.0,24.1783796157652,1,4.957157265647484,0.0,4.016547569055031,1.0
2015-09-16 17:05:00,43.0,0.0,34.528894911796996,1,6.264972260332736,0.0,4.016547569055031,1.0
2015-09-16 17:10:00,1.0,0.0,42.02318994047878,1,7.845531641944926,0.0,4.016547569055031,1.0
2015-09-16 17:15:00,19.0,0.0,19.362812088035053,1,9.815319159358728,0.0,4.016547569055031,1.0
2015-09-16 17:20:00,23.0,0.0,23.828738481614558,1,4.514690090018995,0.0,4.016547569055031,1.0
2015-09-16 17:25:00,53.0,0.0,30.08248044337575,1,3.0881688013237683,0.0,4.016547569055031,0.0
2015-09-16 17:30:00,60.0,0.0,47.747372439129286,1,5.191979736203313,0.0,4.016547569055031,1.0
2015-09-16 17:35:00,56.0,0.0,54.61087270619518,1,6.6802476075245565,0.0,4.016547569055031,1.0
2015-09-16 17:40:00,44.0,0.0,54.701688645833734,1,2.030491316150571,0.0,4.016547569055031,0.0
2015-09-16 17:45:00,57.0,0.0,50.13479011746057,1,3.055297377966584,0.0,4.016547569055031,0.0
2015-09-16 17:50:00,55.0,0.0,56.78260207535678,1,4.785758576546605,0.0,4.016547569055031,1.0
2015-09-16 17:55:00,63.0,0.0,56.35303218548368,1,2.307485632630237,0.0,4.016547569055031,0.0
2015-09-16 18:00:00,68.0,0.0,59.8321758182609,1,1.7039626690074876,0.0,4.016547569055031,0.0
2015-09-16 18:05:00,70.0,0.0,65.01368129283162,1,2.9742557236899403,0.0,4.016547569055031,0.0
2015-09-16 18:10:00,62.0,0.0,68.46859511687288,1,1.957610158874219,0.0,4.016547569055031,0.0
2015-09-16 18:15:00,66.0,0.0,63.75450071626814,1,1.678573485228405,0.0,4.016547569055031,0.0
2015-09-16 18:20:00,67.0,0.0,64.11481755595736,1,1.7828473289087043,0.0,4.016547569055031,0.0
2015-09-16 18:25:00,68.0,0.0,66.2336747317556,0,1.9210413376388025,0.0,4.016547569055031,0.0
2015-09-16 18:30:00,67.0,0.0,67.75547398702349,0,1.2690057287095087,0.0,4.016547569055031,0.0
2015-09-16 18:35:00,66.0,0.0,66.34369251927549,0,1.187460354542806,0.0,4.016547569055031,0.0
2015-09-16 18:40:00,68.0,0.0,65.05206872882488,0,0.614153300899541,0.0,4.016547569055031,0.0
2015-09-16 18:45:00,69.0,0.0,67.00522925050511,0,0.7843964996438672,0.0,4.016547569055031,0.0
2015-09-16 18:50:00,68.0,0.0,68.4987097703488,0,0.6604631532110318,0.0,4.016547569055031,0.0
2015-09-16 18:55:00,71.0,0.0,67.26483056912825,0,0.40418685269689975,0.0,4.016547569055031,0.0
2015-09-16 19:05:00,67.0,0.0,68.31695311590903,0,0.7021563970817255,0.0,4.016547569055031,0.0
2015-09-16 19:10:00,64.0,0.0,67.33093729428006,0,0.9025775935358495,0.0,4.016547569055031,0.0
2015-09-16 19:15:00,64.0,0.0,65.44859891524756,0,0.957357142336653,0.0,4.016547569055031,0.0
2015-09-16 19:25:00,64.0,0.0,64.18990764656411,0,0.7145061210086695,0.0,4.016547569055031,0.0
2015-09-16 19:30:00,63.0,0.0,63.76608065579175,0,0.7211474049436617,0.0,4.016547569055031,0.0
2015-09-16 19:35:00,65.0,0.0,63.55887351207856,0,0.42423852743566143,0.0,4.016547569055031,0.0
2015-09-16 19:40:00,64.0,0.0,64.64216533655284,0,0.7176650999804913,0.0,4.016547569055031,0.0
2015-09-16 19:45:00,65.0,0.0,63.97791096772002,0,0.3431299418098483,0.0,4.016547569055031,0.0
2015-09-16 19:50:00,66.0,0.0,64.26199347248243,0,0.2384713230858047,0.0,4.016547569055031,0.0
2015-09-16 20:00:00,63.0,0.0,65.33443073104773,0,0.4180890918632592,0.0,4.016547569055031,0.0
2015-09-16 20:05:00,67.0,0.0,63.970274005714906,0,0.5417474387178742,0.0,4.016547569055031,0.0
2015-09-16 20:10:00,62.0,0.0,65.5025565525565,0,0.5926247841315245,0.0,4.016547569055031,0.0
2015-09-16 20:15:00,61.0,0.0,63.15493328937281,0,0.8395938834464722,0.0,4.016547569055031,0.0
2015-09-16 20:20:00,62.0,0.0,61.99036899038132,0,0.8181159828373872,0.0,4.016547569055031,0.0
2015-09-16 20:25:00,65.0,0.0,62.3543359194917,0,0.6957081473578952,0.0,4.016547569055031,0.0
2015-09-16 20:30:00,63.0,0.0,64.12651744929288,0,0.9327766811609706,0.0,4.016547569055031,0.0
2015-09-16 20:35:00,61.0,0.0,63.27869994092808,0,0.8002194751802335,0.0,4.016547569055031,0.0
2015-09-16 20:40:00,59.0,0.0,61.77273102996582,0,0.5949782651046476,0.0,4.016547569055031,0.0
2015-09-16 20:45:00,56.0,0.0,60.45264976201146,0,0.5061611480677222,0.0,4.016547569055031,0.0
2015-09-16 20:50:00,65.0,0.0,58.47070564779738,0,1.047587712613224,0.0,4.016547569055031,0.0
2015-09-16 20:55:00,63.0,0.0,62.89683412203797,0,1.2254593010377932,0.0,4.016547569055031,0.0
2015-09-16 21:00:00,67.0,0.0,63.01549504852607,0,0.880511296480649,0.0,4.016547569055031,0.0
2015-09-16 21:05:00,63.0,0.0,65.11269201848378,0,1.2799252317736687,0.0,4.016547569055031,0.0
2015-09-16 21:10:00,57.0,0.0,63.61647662163471,0,1.304201633629694,0.0,4.016547569055031,0.0
2015-09-16 21:15:00,58.0,0.0,59.80277131483729,0,1.5768216503476353,0.0,4.016547569055031,0.0
2015-09-16 21:25:00,68.0,0.0,59.27323836265381,0,0.7227988159313596,0.0,4.016547569055031,0.0
2015-09-16 21:40:00,62.0,0.0,65.08941561657566,0,1.9291060869462142,0.0,4.016547569055031,0.0
2015-09-16 21:45:00,64.0,0.0,63.191998776613524,0,1.280517831760959,0.0,4.016547569055031,0.0
2015-09-16 21:55:00,66.0,0.0,63.13601022609496,0,1.4603070682550139,0.0,4.016547569055031,0.0
2015-09-16 22:05:00,65.0,0.0,64.77997640229752,0,1.0850583834820469,0.0,4.016547569055031,0.0
2015-09-16 22:14:00,57.0,0.0,65.2388737418698,0,1.4928215446618331,0.0,4.016547569055031,0.0
2015-09-16 22:20:00,61.0,0.0,60.201564341698464,0,1.4440327551141934,0.0,4.016547569055031,0.0
2015-09-16 22:25:00,58.0,0.0,60.59241046412321,0,0.7130888336863791,0.0,4.016547569055031,0.0
2015-09-16 22:30:00,62.0,0.0,59.75692425606661,0,0.9524451455175779,0.0,4.016547569055031,0.0
2015-09-16 22:40:00,61.0,0.0,61.920338409281634,0,0.8068051217147527,0.0,4.016547569055031,0.0
2015-09-16 22:45:00,63.0,0.0,61.38389935747165,0,1.2201823192114731,0.0,4.016547569055031,0.0
2015-09-16 22:55:00,59.0,0.0,62.110171219896706,0,0.5042611040963301,0.0,4.016547569055031,0.0
2015-09-16 23:10:00,64.0,0.0,60.5771778063291,0,0.8812895668379838,0.0,4.016547569055031,0.0
2015-09-16 23:35:00,64.0,0.0,63.21178402025104,0,0.8596465472226698,0.0,4.016547569055031,0.0
2015-09-16 23:55:00,59.0,0.0,63.727742133992,0,0.5347676312683596,0.0,4.016547569055031,0.0
2015-09-17 00:10:00,66.0,0.0,60.57497847193508,0,0.9871323208709704,0.0,4.016547569055031,0.0
2015-09-17 00:45:00,63.0,0.0,63.94418278295026,0,1.2747822871982764,0.0,4.016547569055031,0.0
2015-09-17 01:05:00,57.0,0.0,63.84129207356781,0,0.9058274511362946,0.0,4.016547569055031,0.0
2015-09-17 01:40:00,56.0,0.0,59.76609720675482,0,1.23738536818774,0.0,4.016547569055031,0.0
2015-09-17 01:55:00,53.0,0.0,57.53613663556918,0,1.5732024310054278,0.0,4.016547569055031,0.0
2015-09-17 02:10:00,66.0,0.0,55.85129322422634,0,1.604886686247616,0.0,4.016547569055031,0.0
2015-09-17 02:50:00,61.0,0.0,63.2248635453974,0,1.8236415474615726,0.0,4.016547569055031,0.0
2015-09-17 03:20:00,56.0,0.0,61.970350119120894,0,1.8143525915891807,0.0,4.016547569055031,0.0
2015-09-17 04:35:00,58.0,0.0,57.75848701891258,0,1.786936375939473,0.0,4.016547569055031,0.0
2015-09-17 04:55:00,62.0,0.0,58.428780073695634,0,1.3132916433519015,0.0,4.016547569055031,0.0
2015-09-17 05:10:00,64.0,0.0,62.07576631711754,0,1.891514036659632,0.0,4.016547569055031,0.0
2015-09-17 05:15:00,65.0,0.0,63.55024657431449,0,0.7382480757126508,0.0,4.016547569055031,0.0
2015-09-17 05:30:00,73.0,0.0,63.40700237850398,0,0.8615916342392502,0.0,4.016547569055031,0.0
2015-09-17 05:35:00,63.0,0.0,68.67190853760722,0,1.2238563844767625,0.0,4.016547569055031,0.0
2015-09-17 05:40:00,63.0,0.0,65.5218677160048,0,1.5689737290603432,0.0,4.016547569055031,0.0
2015-09-17 05:45:00,66.0,0.0,63.73751372477275,0,1.3338811624466373,0.0,4.016547569055031,0.0
2015-09-17 05:50:00,62.0,0.0,64.56062838454696,0,1.289271022557911,0.0,4.016547569055031,0.0
2015-09-17 05:55:00,72.0,0.0,63.18714974584752,0,1.7855185309426105,0.0,4.016547569055031,0.0
2015-09-17 06:15:00,56.0,0.0,68.71344434452429,0,2.0370661593837815,0.0,4.016547569055031,0.0
2015-09-17 06:20:00,52.0,0.0,60.647421964486504,0,2.188590280207811,0.0,4.016547569055031,0.0
2015-09-17 06:25:00,61.0,0.0,55.27664398136753,0,2.1470407220976533,0.0,4.016547569055031,0.0
2015-09-17 06:30:00,51.0,0.0,59.97697848441278,0,2.0681755750356694,0.0,4.016547569055031,0.0
2015-09-17 06:40:00,64.0,0.0,56.197436831175594,0,3.002347185548222,0.0,4.016547569055031,0.0
2015-09-17 06:55:00,60.0,0.0,61.07433969741337,0,3.466053180596554,0.0,4.016547569055031,0.0
2015-09-17 07:00:00,59.0,0.0,60.10147400127713,0,2.2144524292616845,0.0,4.016547569055031,0.0
2015-09-17 07:05:00,38.0,0.0,59.95368472607434,0,1.6072422670536177,0.0,4.016547569055031,0.0
2015-09-17 07:10:00,53.0,0.0,47.99173871014765,0,4.010891907160082,0.0,4.016547569055031,0.0
2015-09-17 07:15:00,56.0,0.0,52.56146584480061,0,2.4932061593589254,0.0,4.016547569055031,0.0
2015-09-17 07:25:00,53.0,0.0,56.304687891955936,0,1.599830544531128,0.0,4.016547569055031,0.0
2015-09-17 07:35:00,68.0,0.0,55.259597920293636,0,1.609480737661039,0.0,4.016547569055031,0.0
2015-09-17 07:40:00,56.0,0.0,62.91955931622874,0,4.270516806308202,0.0,4.016547569055031,1.0
2015-09-17 07:45:00,62.0,0.0,58.91014988360952,0,2.0011081257301315,0.0,4.016547569055031,0.0
2015-09-17 07:50:00,65.0,0.0,61.25215900393304,0,1.7083260651220222,0.0,4.016547569055031,0.0
2015-09-17 07:55:00,61.0,0.0,63.8503269077804,0,1.8050558371764276,0.0,4.016547569055031,0.0
2015-09-17 08:00:00,64.0,0.0,62.073705433012115,0,2.1673140187516644,0.0,4.016547569055031,0.0
2015-09-17 08:05:00,60.0,0.0,63.0154357820543,0,1.4337536095759744,0.0,4.016547569055031,0.0
2015-09-17 08:10:00,58.0,0.0,61.430237968967774,0,1.0061069637689157,0.0,4.016547569055031,0.0
2015-09-17 08:15:00,62.0,0.0,59.89467585327693,0,1.1816259677179928,0.0,4.016547569055031,0.0
2015-09-17 08:20:00,67.0,0.0,61.53395155676946,0,1.0338834527705991,0.0,4.016547569055031,0.0
2015-09-17 08:25:00,61.0,0.0,64.92136823293336,0,1.2167869493639372,0.0,4.016547569055031,0.0
2015-09-17 08:30:00,59.0,0.0,62.41938134176824,0,1.2806398047529541,0.0,4.016547569055031,0.0
2015-09-17 08:35:00,60.0,0.0,60.296018260685436,0,1.270835671607837,0.0,4.016547569055031,0.0
2015-09-17 08:40:00,59.0,0.0,60.608099730351896,0,0.7661422220159366,0.0,4.016547569055031,0.0
2015-09-17 08:45:00,59.0,0.0,60.38914808710169,0,1.216419780378819,0.0,4.016547569055031,0.0
2015-09-17 08:50:00,63.0,0.0,59.881428960687956,0,0.993003391352606,0.0,4.016547569055031,0.0
2015-09-17 08:55:00,55.0,0.0,61.82708951001444,0,0.9594076380595219,0.0,4.016547569055031,0.0
2015-09-17 09:00:00,54.0,0.0,58.11812932726974,0,1.105612399951493,0.0,4.016547569055031,0.0
2015-09-17 09:05:00,64.0,0.0,56.407701531969614,0,1.2287845922666585,0.0,4.016547569055031,0.0
2015-09-17 09:10:00,63.0,0.0,61.78402177908345,0,1.6561616865044946,0.0,4.016547569055031,0.0
2015-09-17 09:15:00,67.0,0.0,62.85544230956343,0,1.3249268830370056,0.0,4.016547569055031,0.0
2015-09-17 09:20:00,62.0,0.0,64.93470566399725,0,1.8858013971043484,0.0,4.016547569055031,0.0
2015-09-17 09:25:00,67.0,0.0,62.75628546345818,0,1.3886366770592473,0.0,4.016547569055031,0.0
2015-09-17 09:30:00,65.0,0.0,65.44453550494916,0,1.6018128715386255,0.0,4.016547569055031,0.0
2015-09-17 09:35:00,63.0,0.0,65.32055662854822,0,0.6182115710814046,0.0,4.016547569055031,0.0
2015-09-17 09:40:00,61.0,0.0,63.54112250026492,0,1.1162715242044776,0.0,4.016547569055031,0.0
2015-09-17 09:45:00,69.0,0.0,61.72915839162393,0,0.8649257251584324,0.0,4.016547569055031,0.0
2015-09-17 09:50:00,65.0,0.0,66.4443560078565,0,1.3549929170304118,0.0,4.016547569055031,0.0
2015-09-17 09:55:00,63.0,0.0,65.7141489608826,0,0.6035373025386228,0.0,4.016547569055031,0.0
2015-09-17 10:00:00,65.0,0.0,63.41199192236617,0,0.9574779434345764,0.0,4.016547569055031,0.0
2015-09-17 10:05:00,71.0,0.0,63.94340652848364,0,0.854007384491495,0.0,4.016547569055031,0.0
2015-09-17 10:10:00,66.0,0.0,68.52717418226248,0,1.7954525442514047,0.0,4.016547569055031,0.0
2015-09-17 10:15:00,64.0,0.0,66.85067279489334,0,0.8627090362621622,0.0,4.016547569055031,0.0
2015-09-17 10:20:00,61.0,0.0,64.10768795256502,0,1.0356905762289323,0.0,4.016547569055031,0.0
2015-09-17 10:25:00,65.0,0.0,61.93432621985713,0,0.9183476066911076,0.0,4.016547569055031,0.0
2015-09-17 10:30:00,65.0,0.0,64.63097501597015,0,1.448778003671223,0.0,4.016547569055031,0.0
2015-09-17 10:35:00,62.0,0.0,65.18716370603572,0,0.5157911117637667,0.0,4.016547569055031,0.0
2015-09-17 10:45:00,64.0,0.0,62.47389658901935,0,0.7636039363416771,0.0,4.016547569055031,0.0
2015-09-17 10:50:00,61.0,0.0,63.00709029469779,0,0.659820286248771,0.0,4.016547569055031,0.0
2015-09-17 10:55:00,59.0,0.0,62.557521947718456,0,0.7095759059227789,0.0,4.016547569055031,0.0
2015-09-17 11:00:00,64.0,0.0,60.990262748187845,0,0.7138038879824038,0.0,4.016547569055031,0.0
2015-09-17 11:05:00,55.0,0.0,62.55740311301454,0,1.1106185304450975,0.0,4.016547569055031,0.0
2015-09-17 11:10:00,62.0,0.0,58.066164797901926,0,1.4961491168564407,0.0,4.016547569055031,0.0
2015-09-17 11:15:00,61.0,0.0,61.23997354787072,0,1.3997471877589553,0.0,4.016547569055031,0.0
2015-09-17 11:20:00,66.0,0.0,61.80108296949359,0,1.105654638079369,0.0,4.016547569055031,0.0
2015-09-17 11:25:00,61.0,0.0,64.14487347872989,0,1.2717415967205952,0.0,4.016547569055031,0.0
2015-09-17 11:30:00,69.0,0.0,61.81193386134551,0,1.7089697945491458,0.0,4.016547569055031,0.0
2015-09-17 11:35:00,66.0,0.0,66.23139664687855,0,1.4830018240732492,0.0,4.016547569055031,0.0
2015-09-17 11:40:00,68.0,0.0,66.24750863132031,0,0.6708116899979928,0.0,4.016547569055031,0.0
2015-09-17 11:45:00,69.0,0.0,66.70093452383163,0,1.161846878180171,0.0,4.016547569055031,0.0
2015-09-17 11:50:00,66.0,0.0,67.24152520712056,0,1.0571050276853895,0.0,4.016547569055031,0.0
2015-09-17 11:55:00,66.0,0.0,66.24956138975192,0,1.1966036893021723,0.0,4.016547569055031,0.0
2015-09-17 12:00:00,64.0,0.0,66.08425177181991,0,0.4035568326750507,0.0,4.016547569055031,0.0
2015-09-17 12:05:00,63.0,0.0,64.52562519320911,0,0.7228096571119224,0.0,4.016547569055031,0.0
2015-09-17 12:10:00,68.0,0.0,63.32609014932854,0,0.592565423127897,0.0,4.016547569055031,0.0
2015-09-17 12:20:00,62.0,0.0,66.21518774210212,0,0.7100963561901494,0.0,4.016547569055031,0.0
2015-09-17 12:25:00,66.0,0.0,63.73544471141411,0,0.7185528504109477,0.0,4.016547569055031,0.0
2015-09-17 12:30:00,71.0,0.0,64.756394337576,0,0.8720779372255443,0.0,4.016547569055031,0.0
2015-09-17 12:35:00,67.0,0.0,68.15175027636997,0,1.285918363669765,0.0,4.016547569055031,0.0
2015-09-17 12:40:00,66.0,0.0,67.16289487635188,0,1.3437772482407453,0.0,4.016547569055031,0.0
2015-09-17 12:45:00,62.0,0.0,65.91004459252643,0,1.1368277592274034,0.0,4.016547569055031,0.0
2015-09-17 12:50:00,62.0,0.0,63.185266272302506,0,1.0519305550991809,0.0,4.016547569055031,0.0
2015-09-17 12:55:00,62.0,0.0,62.737169323863924,0,1.0018738767224433,0.0,4.016547569055031,0.0
2015-09-17 13:00:00,59.0,0.0,62.74342554704008,0,0.4064205480225773,0.0,4.016547569055031,0.0
2015-09-17 13:05:00,56.0,0.0,60.593190209682035,0,0.7655880750895889,0.0,4.016547569055031,0.0
2015-09-17 13:10:00,41.0,0.0,57.98305648407162,0,1.2762286155097016,0.0,4.016547569055031,0.0
2015-09-17 13:15:00,63.0,0.0,48.86739741097464,0,2.3225164321031784,0.0,4.016547569055031,0.0
2015-09-17 13:20:00,46.0,0.0,59.14784476797843,0,2.705684156465766,0.0,4.016547569055031,0.0
2015-09-17 13:25:00,47.0,0.0,52.58582172437333,0,3.2187069651768376,0.0,4.016547569055031,0.0
2015-09-17 13:30:00,63.0,0.0,49.767700174067784,0,3.046744278549653,0.0,4.016547569055031,0.0
2015-09-17 13:35:00,50.0,0.0,58.78117609326844,0,5.1288430851441165,0.0,4.016547569055031,1.0
2015-09-17 13:40:00,46.0,0.0,55.15676789577515,0,3.43188502865702,0.0,4.016547569055031,0.0
2015-09-17 13:45:00,33.0,0.0,50.43155298546334,0,4.003372636470139,0.0,4.016547569055031,0.0
2015-09-17 13:50:00,23.0,0.0,41.036156067502105,0,3.9592219671874505,0.0,4.016547569055031,0.0
2015-09-17 13:55:00,26.0,0.0,33.618349902396304,0,5.311175674890647,0.0,4.016547569055031,1.0
2015-09-17 14:00:00,19.0,0.0,33.80554613179497,0,3.8188390614193737,0.0,4.016547569055031,0.0
2015-09-17 14:05:00,27.0,0.0,28.846929018537,0,5.2212760652720265,0.0,4.016547569055031,1.0
