timestamp,value,training,prediction,label
2013-10-09 16:25:00,9926554.0,1.0,1.0,0
2013-10-09 16:30:00,50745578.0,1.0,1.0,0
2013-10-09 16:35:00,61519397.0,1.0,1.0,0
2013-10-09 16:40:00,55996401.0,1.0,1.0,0
2013-10-09 16:45:00,40876988.0,1.0,1.0,0
2013-10-09 16:50:00,27578939.0,1.0,1.0,0
2013-10-09 16:55:00,21556437.0,1.0,1.0,0
2013-10-09 17:00:00,17440444.6,1.0,1.0,0
2013-10-09 17:05:00,15573374.0,1.0,1.0,0
2013-10-09 17:10:00,16861197.6,1.0,1.0,0
2013-10-09 17:15:00,15478144.6,1.0,1.0,0
2013-10-09 17:20:00,13678676.6,1.0,1.0,0
2013-10-09 17:25:00,11499313.8,1.0,1.0,0
2013-10-09 17:30:00,12124202.8,1.0,1.0,0
2013-10-09 17:35:00,9052782.8,1.0,1.0,0
2013-10-09 17:40:00,8203117.2,1.0,1.0,0
2013-10-09 17:45:00,8309003.0,1.0,1.0,0
2013-10-09 17:50:00,7288143.8,1.0,1.0,0
2013-10-09 17:55:00,8049176.2,1.0,1.0,0
2013-10-09 18:00:00,7444835.6,1.0,1.0,0
2013-10-09 18:05:00,6954155.4,1.0,1.0,0
2013-10-09 18:10:00,7231045.0,1.0,1.0,0
2013-10-09 18:15:00,8040165.8,1.0,1.0,0
2013-10-09 18:20:00,8041010.6,1.0,1.0,0
2013-10-09 18:25:00,8631127.0,1.0,1.0,0
2013-10-09 18:30:00,10871151.8,1.0,1.0,0
2013-10-09 18:35:00,12124409.6,1.0,1.0,0
2013-10-09 18:40:00,13318374.8,1.0,1.0,0
2013-10-09 18:45:00,13666994.4,1.0,1.0,0
2013-10-09 18:50:00,14298954.0,1.0,1.0,0
2013-10-09 18:55:00,12679300.0,1.0,1.0,0
2013-10-09 19:00:00,13892004.8,1.0,1.0,0
2013-10-09 19:05:00,14145179.8,1.0,1.0,0
2013-10-09 19:10:00,13505345.2,1.0,1.0,0
2013-10-09 19:15:00,12603028.8,1.0,1.0,0
2013-10-09 19:20:00,12435453.8,1.0,1.0,0
2013-10-09 19:25:00,12193640.4,1.0,1.0,0
2013-10-09 19:30:00,11542288.0,1.0,1.0,0
2013-10-09 19:35:00,11432968.6,1.0,1.0,0
2013-10-09 19:40:00,12384512.2,1.0,1.0,0
2013-10-09 19:45:00,11534099.6,1.0,1.0,0
2013-10-09 19:50:00,14190782.8,1.0,1.0,0
2013-10-09 19:55:00,10355034.8,1.0,1.0,0
2013-10-09 20:00:00,11658785.8,1.0,1.0,0
2013-10-09 20:05:00,11139206.8,1.0,1.0,0
2013-10-09 20:10:00,8083117.8,1.0,1.0,0
2013-10-09 20:15:00,8599227.6,1.0,1.0,0
2013-10-09 20:20:00,9273135.2,1.0,1.0,0
2013-10-09 20:25:00,10097324.2,1.0,1.0,0
2013-10-09 20:30:00,7103913.6,1.0,1.0,0
2013-10-09 20:35:00,6885343.0,1.0,1.0,0
2013-10-09 20:40:00,9448017.6,1.0,1.0,0
2013-10-09 20:45:00,9151835.2,1.0,1.0,0
2013-10-09 20:50:00,7744279.8,1.0,1.0,0
2013-10-09 20:55:00,8781789.8,1.0,1.0,0
2013-10-09 21:00:00,8182947.4,1.0,1.0,0
2013-10-09 21:05:00,8303328.2,1.0,1.0,0
2013-10-09 21:10:00,7031833.4,1.0,1.0,0
2013-10-09 21:15:00,8185888.6,1.0,1.0,0
2013-10-09 21:20:00,8057902.0,1.0,1.0,0
2013-10-09 21:25:00,7633338.0,1.0,1.0,0
2013-10-09 21:30:00,6917495.8,1.0,1.0,0
2013-10-09 21:35:00,6870317.0,1.0,1.0,0
2013-10-09 21:40:00,7294645.6,1.0,1.0,0
2013-10-09 21:45:00,5611490.2,1.0,1.0,0
2013-10-09 21:50:00,6072482.4,1.0,1.0,0
2013-10-09 21:55:00,5285099.8,1.0,1.0,0
2013-10-09 22:00:00,6168137.2,1.0,1.0,0
2013-10-09 22:05:00,5984117.8,1.0,1.0,0
2013-10-09 22:10:00,5378818.4,1.0,1.0,0
2013-10-09 22:15:00,4649463.4,1.0,1.0,0
2013-10-09 22:20:00,4785452.6,1.0,1.0,0
2013-10-09 22:25:00,3547037.6,1.0,1.0,0
2013-10-09 22:30:00,4001507.2,1.0,1.0,0
2013-10-09 22:35:00,3605455.2,1.0,1.0,0
2013-10-09 22:40:00,3690194.0,1.0,1.0,0
2013-10-09 22:45:00,3352156.8,1.0,1.0,0
2013-10-09 22:50:00,3301986.2,1.0,1.0,0
2013-10-09 22:55:00,3269069.2,1.0,1.0,0
2013-10-09 23:00:00,3290852.4,1.0,1.0,0
2013-10-09 23:05:00,1511772.6,1.0,1.0,0
2013-10-09 23:10:00,1361081.2,1.0,1.0,0
2013-10-09 23:15:00,1313713.0,1.0,1.0,0
2013-10-09 23:20:00,2147718.8,1.0,1.0,0
2013-10-09 23:25:00,1998864.2,1.0,1.0,0
2013-10-09 23:30:00,1534170.4,1.0,1.0,0
2013-10-09 23:35:00,978077.0,1.0,1.0,0
2013-10-09 23:40:00,974482.6,1.0,1.0,0
2013-10-09 23:45:00,1120244.0,1.0,1.0,0
2013-10-09 23:50:00,1041381.4,1.0,1.0,0
2013-10-09 23:55:00,1315852.8,1.0,1.0,0
2013-10-10 00:00:00,1663223.0,1.0,1.0,0
2013-10-10 00:05:00,881168.6,1.0,1.0,0
2013-10-10 00:10:00,864271.8,1.0,1.0,0
2013-10-10 00:15:00,831722.8,1.0,1.0,0
2013-10-10 00:20:00,1025884.6,1.0,1.0,0
2013-10-10 00:25:00,1056338.6,1.0,1.0,0
2013-10-10 00:30:00,1342641.2,1.0,1.0,0
2013-10-10 00:35:00,901321.4,1.0,1.0,0
2013-10-10 00:40:00,994254.0,1.0,1.0,0
2013-10-10 00:45:00,995340.2,1.0,1.0,0
2013-10-10 00:50:00,1042389.8,1.0,1.0,0
2013-10-10 00:55:00,1468524.8,1.0,1.0,0
2013-10-10 01:00:00,1874774.4,1.0,1.0,0
2013-10-10 01:05:00,1068452.6,1.0,1.0,0
2013-10-10 01:10:00,997374.4,1.0,1.0,0
2013-10-10 01:15:00,1185431.8,1.0,1.0,0
2013-10-10 01:20:00,1253500.4,1.0,1.0,0
2013-10-10 01:25:00,1019610.0,1.0,1.0,0
2013-10-10 01:30:00,1467012.8,1.0,1.0,0
2013-10-10 01:35:00,889605.0,1.0,1.0,0
2013-10-10 01:40:00,825968.8,1.0,1.0,0
2013-10-10 01:45:00,944624.6,1.0,1.0,0
2013-10-10 01:50:00,1014397.6,1.0,1.0,0
2013-10-10 01:55:00,985993.2,1.0,1.0,0
2013-10-10 02:00:00,1556147.0,1.0,1.0,0
2013-10-10 02:05:00,918924.2,1.0,1.0,0
2013-10-10 02:10:00,946216.0,1.0,1.0,0
2013-10-10 02:15:00,1203311.6,1.0,1.0,0
2013-10-10 02:20:00,818717.8,1.0,1.0,0
2013-10-10 02:25:00,1271861.4,1.0,1.0,0
2013-10-10 02:30:00,1249426.0,1.0,1.0,0
2013-10-10 02:35:00,959763.2,1.0,1.0,0
2013-10-10 02:40:00,894922.6,1.0,1.0,0
2013-10-10 02:45:00,1035031.6,0.0,4246022.905630027,0
2013-10-10 02:50:00,1291079.8,0.0,1207375.8548342467,0
2013-10-10 02:55:00,1066712.6,0.0,1536225.1724772775,0
2013-10-10 03:00:00,2790829.8,0.0,1202339.388268175,0
2013-10-10 03:05:00,2466770.6,0.0,3269618.3506959695,0
2013-10-10 03:10:00,3168191.8,0.0,2417674.24851196,0
2013-10-10 03:15:00,1362582.2,0.0,3424369.4377231393,0
2013-10-10 03:20:00,1203811.0,0.0,1107167.8808696764,0
2013-10-10 03:25:00,892913.2,0.0,1459530.3483061695,0
2013-10-10 03:30:00,1422962.0,0.0,1019159.9894519681,0
2013-10-10 03:35:00,1272848.0,0.0,1732873.91718934,0
2013-10-10 03:40:00,1383750.2,0.0,1394588.8205667052,0
2013-10-10 03:45:00,973746.4,0.0,1600819.7486014375,0
2013-10-10 03:50:00,1240975.6,0.0,1079816.8250702126,0
2013-10-10 03:55:00,1022294.6,0.0,1508757.6887107743,0
2013-10-10 04:00:00,1794335.0,0.0,1157144.906276526,0
2013-10-10 04:05:00,1261058.8,0.0,2129708.7616919214,0
2013-10-10 04:10:00,1260534.4,0.0,1289244.3922407725,0
2013-10-10 04:15:00,1064257.4,0.0,1482925.0307933525,0
2013-10-10 04:20:00,1027933.8,0.0,1211560.535566285,0
2013-10-10 04:25:00,959238.6,0.0,1232356.7002249928,0
2013-10-10 04:30:00,955490.2,0.0,1148244.0713301024,0
2013-10-10 04:35:00,1219726.6,0.0,1163360.629637822,0
2013-10-10 04:40:00,944099.2,0.0,1464914.335117072,0
2013-10-10 04:45:00,789781.0,0.0,1077007.1575245932,0
2013-10-10 04:50:00,1506217.2,0.0,988524.8724550081,0
2013-10-10 04:55:00,1009633.4,0.0,1836069.7833470535,0
2013-10-10 05:00:00,1910032.4,0.0,1066865.0298521589,0
2013-10-10 05:05:00,1004299.4,0.0,2284145.363488091,0
2013-10-10 05:10:00,800122.2,0.0,957127.7473291575,0
2013-10-10 05:15:00,1414346.8,0.0,1028175.2232734573,0
2013-10-10 05:20:00,1114365.6,0.0,1720844.0785834207,0
2013-10-10 05:25:00,1222933.0,0.0,1214409.4443073003,0
2013-10-10 05:30:00,1177306.6,0.0,1456815.2640972352,0
2013-10-10 05:35:00,936231.0,0.0,1348106.0286635282,0
2013-10-10 05:40:00,1086114.8,0.0,1094925.7059503102,0
2013-10-10 05:45:00,865114.8,0.0,1326485.7493503427,0
2013-10-10 05:50:00,1058657.6,0.0,1017823.3514708094,0
2013-10-10 05:55:00,1002185.8,0.0,1312611.1155170158,0
2013-10-10 06:00:00,1487688.6,0.0,1179272.513484398,0
2013-10-10 06:05:00,1031687.8,0.0,1770585.2138467438,0
2013-10-10 06:10:00,821456.4,0.0,1107463.5137950354,0
2013-10-10 06:15:00,898685.4,0.0,1018052.1408955493,0
2013-10-10 06:20:00,920632.8,0.0,1127878.070294435,0
2013-10-10 06:25:00,1260650.8,0.0,1127827.3582963704,0
2013-10-10 06:30:00,1028933.8,0.0,1520373.394314741,0
2013-10-10 06:35:00,792172.0,0.0,1162124.3953371434,0
2013-10-10 06:40:00,936512.8,0.0,971609.0310647509,0
2013-10-10 06:45:00,1188596.2,0.0,1182283.9978205853,0
2013-10-10 06:50:00,1166070.0,0.0,1424601.3736667996,0
2013-10-10 06:55:00,924183.8,0.0,1342580.645492574,0
2013-10-10 07:00:00,1702998.0,0.0,1082295.072795534,0
2013-10-10 07:05:00,2861705.2,0.0,2041567.2883492317,0
2013-10-10 07:10:00,1146903.4,0.0,3157488.370993502,0
2013-10-10 07:15:00,1051866.2,0.0,919870.7319775631,0
2013-10-10 07:20:00,1196833.4,0.0,1327414.0005631237,0
2013-10-10 07:25:00,1439759.4,0.0,1400561.83001557,0
2013-10-10 07:30:00,1084365.8,0.0,1664098.9060041804,0
2013-10-10 07:35:00,1227197.8,0.0,1192893.631856728,0
2013-10-10 07:40:00,951286.8,0.0,1466712.4741555986,0
2013-10-10 07:45:00,909773.0,0.0,1084889.226616229,0
2013-10-10 07:50:00,1673980.6,0.0,1125227.765658917,0
2013-10-10 07:55:00,1239774.4,0.0,1998143.5650368505,0
2013-10-10 08:00:00,1623926.4,0.0,1295085.8655936308,0
2013-10-10 08:05:00,1899871.8,0.0,1901093.1501205543,0
2013-10-10 08:10:00,1061869.4,0.0,2079571.013121562,0
2013-10-10 08:15:00,1169978.4,0.0,1070879.9749628957,0
2013-10-10 08:20:00,1309258.8,0.0,1428860.7477426922,0
2013-10-10 08:25:00,1400611.4,0.0,1506900.5614922806,0
2013-10-10 08:30:00,1478794.0,0.0,1594322.6321604643,0
2013-10-10 08:35:00,1154915.6,0.0,1664371.7252892815,0
2013-10-10 08:40:00,1119468.6,0.0,1274276.8927751547,0
2013-10-10 08:45:00,1315528.4,0.0,1323531.3603860848,0
2013-10-10 08:50:00,1316311.2,0.0,1538486.98977184,0
2013-10-10 08:55:00,1252876.6,0.0,1489700.4541435982,0
2013-10-10 09:00:00,1611319.6,0.0,1427746.0252800295,0
2013-10-10 09:05:00,1874347.2,0.0,1855872.8105512147,0
2013-10-10 09:10:00,7734377.8,0.0,2060557.4631115412,0
2013-10-10 09:15:00,21326575.6,0.0,8778363.02763727,0
2013-10-10 09:20:00,34239448.6,0.0,22916974.86881354,0
2013-10-10 09:25:00,39717876.0,0.0,34555907.6785793,0
2013-10-10 09:30:00,41614284.6,0.0,38189971.67185549,0
2013-10-10 09:35:00,46141497.6,0.0,39539214.77413862,0
2013-10-10 09:40:00,36632762.0,0.0,44453764.9982816,0
2013-10-10 09:45:00,22884266.2,0.0,32340317.766002875,0
2013-10-10 09:50:00,18195488.2,0.0,19268551.51827643,0
2013-10-10 09:55:00,14726156.8,0.0,16877320.60281701,0
2013-10-10 10:00:00,13021075.2,0.0,13424914.671003457,0
2013-10-10 10:05:00,12199362.0,0.0,12254556.319249183,0
2013-10-10 10:10:00,10825948.6,0.0,11576474.236760875,0
2013-10-10 10:15:00,9548127.6,0.0,10147683.898700025,0
2013-10-10 10:20:00,8109072.2,0.0,9002787.908287168,0
2013-10-10 10:25:00,8925800.4,0.0,7606128.145755973,0
2013-10-10 10:30:00,7765588.0,0.0,8871860.295261659,0
2013-10-10 10:35:00,6306836.6,0.0,7239858.167774074,1
2013-10-10 10:40:00,6912175.4,0.0,5933062.267757652,1
2013-10-10 10:45:00,8497172.4,0.0,6933982.203941448,1
2013-10-10 10:50:00,9570483.4,0.0,8532406.714875061,1
2013-10-10 10:55:00,10766459.6,0.0,9401992.314031055,1
2013-10-10 11:00:00,11728221.2,0.0,10581671.068117395,1
2013-10-10 11:05:00,12230082.2,0.0,11419277.693781279,1
2013-10-10 11:10:00,12685043.6,0.0,11805026.489723548,1
2013-10-10 11:15:00,13446408.0,0.0,12241085.730893688,1
2013-10-10 11:20:00,13995080.6,0.0,13019242.376508553,1
2013-10-10 11:25:00,14218029.8,0.0,13472775.658252481,1
2013-10-10 11:30:00,13467919.2,0.0,13625318.643711846,1
2013-10-10 11:35:00,13460836.0,0.0,12724089.670509608,1
2013-10-10 11:40:00,13809836.0,0.0,12924245.148034856,1
2013-10-10 11:45:00,14009019.0,0.0,13280879.783511955,1
2013-10-10 11:50:00,13084023.6,0.0,13428385.427714668,1
2013-10-10 11:55:00,12709564.2,0.0,12326424.880484164,1
2013-10-10 12:00:00,12814870.4,0.0,12148864.463040192,1
2013-10-10 12:05:00,11877359.0,0.0,12311481.143003818,1
2013-10-10 12:10:00,11696078.2,0.0,11191578.33580525,1
2013-10-10 12:15:00,11996982.8,0.0,11241180.880375791,1
2013-10-10 12:20:00,11997259.8,0.0,11577094.290248942,1
2013-10-10 12:25:00,11376455.0,0.0,11499762.615171857,1
2013-10-10 12:30:00,11210009.4,0.0,10800949.925198536,1
2013-10-10 12:35:00,9479133.6,0.0,10770337.64913499,1
2013-10-10 12:40:00,8772188.6,0.0,8779201.858153813,1
2013-10-10 12:45:00,7232056.8,0.0,8423349.205778802,1
2013-10-10 12:50:00,5023842.2,0.0,6727602.349896009,1
2013-10-10 12:55:00,4625737.4,0.0,4570323.040381943,1
2013-10-10 13:00:00,4001864.8,0.0,4609418.024749029,1
2013-10-10 13:05:00,3590778.4,0.0,3880149.927475152,1
2013-10-10 13:10:00,3459420.2,0.0,3574151.923689029,1
2013-10-10 13:15:00,4111032.6,0.0,3493241.3039749307,1
2013-10-10 13:20:00,4421097.4,0.0,4264199.9725218,1
2013-10-10 13:25:00,4455026.0,0.0,4443936.026584662,1
2013-10-10 13:30:00,7491621.6,0.0,4441556.248506653,1
2013-10-10 13:35:00,6655292.6,0.0,7947708.921292195,1
2013-10-10 13:40:00,5443550.2,0.0,6171707.45055902,1
2013-10-10 13:45:00,6155358.2,0.0,5183359.10093458,1
2013-10-10 13:50:00,6492683.4,0.0,6233578.61103224,1
2013-10-10 13:55:00,6950044.0,0.0,6380230.115272053,1
2013-10-10 14:00:00,6841478.0,0.0,6874330.0668272935,1
2013-10-10 14:05:00,6484278.0,0.0,6634777.211477401,1
2013-10-10 14:10:00,6224288.0,0.0,6277783.37206707,1
2013-10-10 14:15:00,6695084.8,0.0,6060162.026796645,1
2013-10-10 14:20:00,6520807.0,0.0,6653980.591467269,1
2013-10-10 14:25:00,4169085.8,0.0,6315515.182063613,1
2013-10-10 14:30:00,3935875.6,0.0,3678808.3471344896,1
2013-10-10 14:35:00,3871600.0,0.0,4019093.074525096,1
2013-10-10 14:40:00,4002291.2,0.0,3866228.053107243,1
2013-10-10 14:45:00,3947186.2,0.0,4052441.77234059,1
2013-10-10 14:50:00,4353851.6,0.0,3945779.605017717,1
2013-10-10 14:55:00,4353784.6,0.0,4439911.684559439,1
2013-10-10 15:00:00,5099945.0,0.0,4325608.242993003,1
2013-10-10 15:05:00,5771032.8,0.0,5213437.253490274,1
2013-10-10 15:10:00,6843186.0,0.0,5782940.531215093,1
2013-10-10 15:15:00,5279036.4,0.0,6889040.189717014,1
2013-10-10 15:20:00,6496034.2,0.0,4827613.589709291,1
2013-10-10 15:25:00,4476881.4,0.0,6709108.501261037,1
2013-10-10 15:30:00,7500000.4,0.0,3943158.419740535,1
2013-10-10 15:35:00,4549360.8,0.0,8072594.025760698,1
2013-10-10 15:40:00,4837703.4,0.0,3711642.104306679,1
2013-10-10 15:45:00,5145406.0,0.0,5052619.573229359,1
2013-10-10 15:50:00,5235980.4,0.0,5097860.126811298,0
2013-10-10 15:55:00,4608298.0,0.0,5191965.847640909,0
2013-10-10 16:00:00,4648481.0,0.0,4445582.958195963,0
2013-10-10 16:05:00,5222922.0,0.0,4664509.963435525,0
2013-10-10 16:10:00,5018915.4,0.0,5277065.99265797,0
2013-10-10 16:15:00,6171433.4,0.0,4899948.675553532,0
2013-10-10 16:20:00,5202479.8,0.0,6317651.251191677,0
2013-10-10 16:25:00,3324062.0,0.0,4871317.88592989,0
2013-10-10 16:30:00,5081782.8,0.0,3037117.31385086,0
2013-10-10 16:35:00,4249074.6,0.0,5490324.012223672,0
2013-10-10 16:40:00,4199818.6,0.0,3961906.9448852655,0
2013-10-10 16:45:00,5219494.2,0.0,4258359.96802957,0
2013-10-10 16:50:00,4694730.2,0.0,5366996.469299671,0
2013-10-10 16:55:00,6152926.2,0.0,4504903.775220873,0
2013-10-10 17:00:00,5550911.8,0.0,6387606.180410137,0
2013-10-10 17:05:00,4896396.0,0.0,5257394.616141968,0
2013-10-10 17:10:00,5670213.8,0.0,4763053.297928194,0
2013-10-10 17:15:00,4850725.4,0.0,5770662.932306464,0
2013-10-10 17:20:00,4571890.4,0.0,4591679.078725696,0
2013-10-10 17:25:00,4536476.8,0.0,4542317.500364527,0
2013-10-10 17:30:00,4437847.2,0.0,4512844.888694652,0
2013-10-10 17:35:00,5375253.2,0.0,4405794.831672113,0
2013-10-10 17:40:00,4312917.2,0.0,5512730.89553195,0
2013-10-10 17:45:00,3983407.8,0.0,4030430.4450474065,0
2013-10-10 17:50:00,4300847.6,0.0,3992683.938677254,0
2013-10-10 17:55:00,4406236.0,0.0,4367878.48851558,0
2013-10-10 18:00:00,4374796.8,0.0,4402812.40517449,0
2013-10-10 18:05:00,3936344.4,0.0,4358441.868984459,1
2013-10-10 18:10:00,3846504.4,0.0,3862526.7279975424,1
2013-10-10 18:15:00,3692155.2,0.0,3873449.074042936,1
2013-10-10 18:20:00,3217057.0,0.0,3692735.532862965,1
2013-10-10 18:25:00,3820828.8,0.0,3186032.3354738285,1
2013-10-10 18:30:00,4718348.6,0.0,4000189.7336361096,1
2013-10-10 18:35:00,3415757.8,0.0,4848128.094647584,1
2013-10-10 18:40:00,4203280.8,0.0,3148336.344421868,1
2013-10-10 18:45:00,3655304.0,0.0,4450426.042310632,1
2013-10-10 18:50:00,3335873.0,0.0,3516815.666659892,1
2013-10-10 18:55:00,3137363.0,0.0,3363866.187030471,1
2013-10-10 19:00:00,3636906.4,0.0,3170052.5885993317,1
2013-10-10 19:05:00,3469994.6,0.0,3791554.1904460816,1
2013-10-10 19:10:00,3291118.6,0.0,3455193.119136612,1
2013-10-10 19:15:00,3582063.0,0.0,3326444.382361665,1
2013-10-10 19:20:00,3177593.0,0.0,3692087.816141505,1
2013-10-10 19:25:00,3183260.8,0.0,3140622.7883058377,1
2013-10-10 19:30:00,2701991.8,0.0,3274645.459139607,1
2013-10-10 19:35:00,2756069.0,0.0,2688062.3429897157,1
2013-10-10 19:40:00,3424595.0,0.0,2886089.398068853,1
2013-10-10 19:45:00,2716830.0,0.0,3612093.342188106,1
2013-10-10 19:50:00,2595576.6,0.0,2627186.151431017,1
2013-10-10 19:55:00,3246679.0,0.0,2714881.146394295,1
2013-10-10 20:00:00,2800273.6,0.0,3446275.3102735193,1
2013-10-10 20:05:00,2484272.0,0.0,2761849.088782581,1
2013-10-10 20:10:00,2227412.4,0.0,2555256.004572063,1
2013-10-10 20:15:00,2684762.6,0.0,2306481.1483467342,1
2013-10-10 20:20:00,3560943.0,0.0,2891977.869150393,1
2013-10-10 20:25:00,3986034.8,0.0,3768139.295525003,1
2013-10-10 20:30:00,4382304.2,0.0,4056349.243673074,1
2013-10-10 20:35:00,6511585.2,0.0,4447198.991272863,1
2013-10-10 20:40:00,13757010.4,0.0,6814999.957613209,1
2013-10-10 20:45:00,9203809.4,0.0,14632139.483541712,1
2013-10-10 20:50:00,5384941.6,0.0,7568639.583056946,1
2013-10-10 20:55:00,3715801.6,0.0,4792776.349783579,1
2013-10-10 21:00:00,3076906.8,0.0,3507517.7715656846,1
2013-10-10 21:05:00,2981824.0,0.0,3067051.600319744,1
2013-10-10 21:10:00,2508304.8,0.0,3059103.5208562654,1
2013-10-10 21:15:00,2873027.0,0.0,2514285.8566532265,1
2013-10-10 21:20:00,2736929.8,0.0,3061282.803983852,1
2013-10-10 21:25:00,2852624.6,0.0,2777718.5721276286,1
2013-10-10 21:30:00,2597563.6,0.0,2976832.7703786315,1
2013-10-10 21:35:00,2299805.4,0.0,2636348.9448009925,1
2013-10-10 21:40:00,2124006.6,0.0,2371309.5027717943,1
2013-10-10 21:45:00,1843232.8,0.0,2229626.1725466526,1
2013-10-10 21:50:00,2516452.4,0.0,1938238.66064069,1
2013-10-10 21:55:00,2635773.2,0.0,2782796.7076714514,1
2013-10-10 22:00:00,2934168.6,0.0,2725314.4439443266,1
2013-10-10 22:05:00,3165361.2,0.0,3083085.3747373195,1
2013-10-10 22:10:00,2596034.8,0.0,3267281.880019796,1
2013-10-10 22:15:00,2365396.2,0.0,2567442.3207516246,1
2013-10-10 22:20:00,2410592.4,0.0,2462959.71154428,1
2013-10-10 22:25:00,2411177.2,0.0,2539289.2686637416,1
2013-10-10 22:30:00,2817637.0,0.0,2522319.6619687257,1
2013-10-10 22:35:00,2420126.0,0.0,2995480.596207129,1
2013-10-10 22:40:00,2087740.6,0.0,2427195.102709773,1
2013-10-10 22:45:00,1964231.0,0.0,2174840.0314954836,1
2013-10-10 22:50:00,2010772.4,0.0,2090589.8662961079,1
2013-10-10 22:55:00,1781298.8,0.0,2163795.3566513304,1
2013-10-10 23:00:00,2799522.0,0.0,1881956.644611808,1
2013-10-10 23:05:00,2338843.0,0.0,3122597.289243538,1
2013-10-10 23:10:00,1943066.8,0.0,2303972.872423036,1
2013-10-10 23:15:00,2518236.8,0.0,2036305.8158866074,1
2013-10-10 23:20:00,3359710.8,0.0,2762187.006956338,0
2013-10-10 23:25:00,2119819.4,0.0,3565829.584839616,0
2013-10-10 23:30:00,2216677.4,0.0,1948660.894534463,0
2013-10-10 23:35:00,1922451.0,0.0,2434311.7321628258,0
2013-10-10 23:40:00,2131340.4,0.0,1982376.0772533221,0
2013-10-10 23:45:00,2174178.6,0.0,2328000.5250201896,0
2013-10-10 23:50:00,2053342.8,0.0,2297558.8409299664,0
2013-10-10 23:55:00,2500698.4,0.0,2165096.8172292984,0
2013-10-11 00:00:00,2345290.8,0.0,2712167.7884243177,0
2013-10-11 00:05:00,2157204.4,0.0,2406293.5232793232,0
2013-10-11 00:10:00,2458691.2,0.0,2259864.3400819916,0
2013-10-11 00:15:00,2451451.4,0.0,2641765.5662972257,0
2013-10-11 00:20:00,2074059.4,0.0,2545125.3313508453,0
2013-10-11 00:25:00,2823709.6,0.0,2131784.3951964034,0
2013-10-11 00:30:00,3076168.6,0.0,3092769.2441626214,0
2013-10-11 00:35:00,2733595.0,0.0,3162074.770437237,0
2013-10-11 00:40:00,2627582.6,0.0,2750569.121681926,0
2013-10-11 00:45:00,2571875.4,0.0,2723308.6861841707,0
2013-10-11 00:50:00,2763043.4,0.0,2665299.083200801,0
2013-10-11 00:55:00,3373233.6,0.0,2899403.076388361,0
2013-10-11 01:00:00,2596747.2,0.0,3549721.4356078953,0
2013-10-11 01:05:00,2573697.0,0.0,2502974.5829476602,0
2013-10-11 01:10:00,2585580.8,0.0,2718335.587956573,0
2013-10-11 01:15:00,2926060.2,0.0,2682270.910484393,0
2013-10-11 01:20:00,2721994.2,0.0,3083674.782512515,0
2013-10-11 01:25:00,2826090.8,0.0,2755299.90125765,0
2013-10-11 01:30:00,3175531.0,0.0,2951383.197741475,0
2013-10-11 01:35:00,2783067.4,0.0,3309467.3689506347,0
2013-10-11 01:40:00,2646577.8,0.0,2773610.5861329427,0
2013-10-11 01:45:00,2249622.8,0.0,2739911.3420898234,0
2013-10-11 01:50:00,2380653.2,0.0,2289436.1092381314,0
2013-10-11 01:55:00,3353167.8,0.0,2544838.513772912,0
2013-10-11 02:00:00,2691037.4,0.0,3608519.3951545777,0
2013-10-11 02:05:00,2815953.6,0.0,2598236.0157597633,0
2013-10-11 02:10:00,2388228.8,0.0,2975987.9806562522,0
2013-10-11 02:15:00,2607510.2,0.0,2394877.3426532797,0
2013-10-11 02:20:00,2258206.2,0.0,2782359.599449333,0
2013-10-11 02:25:00,2119898.0,0.0,2289532.6730190003,0
2013-10-11 02:30:00,2234826.6,0.0,2243786.9421492117,0
2013-10-11 02:35:00,2029213.0,0.0,2387041.2612135317,0
2013-10-11 02:40:00,2022639.2,0.0,2116554.918842487,0
2013-10-11 02:45:00,2477133.0,0.0,2171492.7884565424,0
2013-10-11 02:50:00,2322718.8,0.0,2683484.1500981613,0
2013-10-11 02:55:00,2451926.6,0.0,2386865.898713856,0
2013-10-11 03:00:00,3751994.8,0.0,2604597.834775635,0
2013-10-11 03:05:00,3835848.4,0.0,4055131.580953495,0
2013-10-11 03:10:00,4605135.8,0.0,3816623.7173679164,0
2013-10-11 03:15:00,2598200.0,0.0,4759863.45734486,0
2013-10-11 03:20:00,2721577.4,0.0,2224909.1644772273,0
2013-10-11 03:25:00,2402112.2,0.0,2953335.368822109,0
2013-10-11 03:30:00,2573645.6,0.0,2416141.5489086765,0
2013-10-11 03:35:00,1869702.6,0.0,2738349.016447087,0
2013-10-11 03:40:00,2195341.8,0.0,1851197.7938850014,0
2013-10-11 03:45:00,2179106.2,0.0,2432210.8830426093,0
2013-10-11 03:50:00,2224773.8,0.0,2279157.7182770353,0
2013-10-11 03:55:00,2051167.2,0.0,2367259.301368364,0
2013-10-11 04:00:00,2076078.6,0.0,2146472.8782469863,0
2013-10-11 04:05:00,2338487.0,0.0,2226269.9993855315,0
2013-10-11 04:10:00,2322368.6,0.0,2510761.4783974593,0
2013-10-11 04:15:00,2213996.4,0.0,2426389.06405582,0
2013-10-11 04:20:00,1960851.4,0.0,2320782.5657559186,0
2013-10-11 04:25:00,2122598.6,0.0,2052951.4607398338,0
2013-10-11 04:30:00,2050746.2,0.0,2301593.974476533,0
2013-10-11 04:35:00,1663046.4,0.0,2161166.386224456,0
2013-10-11 04:40:00,1939977.0,0.0,1746047.7022586623,0
2013-10-11 04:45:00,1737724.6,0.0,2161711.621140429,0
2013-10-11 04:50:00,2021960.8,0.0,1832134.028042014,0
2013-10-11 04:55:00,2004803.6,0.0,2236457.793173254,0
2013-10-11 05:00:00,2166114.6,0.0,2123185.0917192358,0
2013-10-11 05:05:00,1853609.6,0.0,2335595.5243253913,0
2013-10-11 05:10:00,1976750.8,0.0,1925721.7574971768,0
2013-10-11 05:15:00,2105559.2,0.0,2162630.820627721,0
2013-10-11 05:20:00,1761453.0,0.0,2256568.7718518474,0
2013-10-11 05:25:00,2153253.4,0.0,1837599.6535607707,0
2013-10-11 05:30:00,1780847.8,0.0,2386765.2791926735,0
2013-10-11 05:35:00,2041699.2,0.0,1829893.121732422,0
2013-10-11 05:40:00,1819123.4,0.0,2259762.839337759,0
2013-10-11 05:45:00,1892495.8,0.0,1903438.9803144073,0
2013-10-11 05:50:00,2131994.0,0.0,2070513.50427804,0
2013-10-11 05:55:00,2037706.0,0.0,2308380.7771242387,0
2013-10-11 06:00:00,2019189.0,0.0,2144543.234953754,0
2013-10-11 06:05:00,1799215.4,0.0,2161039.777666646,0
2013-10-11 06:10:00,1805860.4,0.0,1903277.4852723358,0
2013-10-11 06:15:00,1768089.2,0.0,1970534.4629407378,0
2013-10-11 06:20:00,2498414.8,0.0,1911381.9756797194,0
2013-10-11 06:25:00,2238022.2,0.0,2768181.5004311767,0
2013-10-11 06:30:00,2159250.6,0.0,2269508.7043018965,0
2013-10-11 06:35:00,2639714.6,0.0,2293846.455716538,0
2013-10-11 06:40:00,2171903.2,0.0,2842892.8349545384,0
2013-10-11 06:45:00,2519590.8,0.0,2175906.8677137834,0
2013-10-11 06:50:00,2841035.4,0.0,2731479.2427843637,0
2013-10-11 06:55:00,2955063.4,0.0,2974142.5196228353,0
2013-10-11 07:00:00,2999436.2,0.0,3049687.0414871452,0
2013-10-11 07:05:00,3614117.4,0.0,3083450.032798176,0
2013-10-11 07:10:00,3138828.0,0.0,3785264.882443293,0
2013-10-11 07:15:00,2943885.2,0.0,3074331.187105015,0
2013-10-11 07:20:00,3058868.2,0.0,3013622.2272838233,0
2013-10-11 07:25:00,3485896.2,0.0,3160398.32488272,0
2013-10-11 07:30:00,3034602.4,0.0,3619451.957176309,0
2013-10-11 07:35:00,3229994.2,0.0,2992337.9418134694,0
2013-10-11 07:40:00,3210041.0,0.0,3362875.187924718,0
2013-10-11 07:45:00,3268730.4,0.0,3254184.904053442,0
2013-10-11 07:50:00,4081030.8,0.0,3347064.3746164944,0
2013-10-11 07:55:00,4146895.2,0.0,4263355.352480406,0
2013-10-11 08:00:00,3599528.0,0.0,4127578.1135846856,0
2013-10-11 08:05:00,3779623.6,0.0,3527056.1508749346,0
2013-10-11 08:10:00,3734695.8,0.0,3873787.5203111693,0
2013-10-11 08:15:00,3843868.2,0.0,3741768.358260724,0
2013-10-11 08:20:00,3627613.4,0.0,3898320.82985901,0
2013-10-11 08:25:00,3246938.2,0.0,3612475.6686579715,0
2013-10-11 08:30:00,3139698.4,0.0,3239082.013477116,0
2013-10-11 08:35:00,3022623.2,0.0,3201594.441185722,0
2013-10-11 08:40:00,3175430.4,0.0,3075102.6115261493,0
2013-10-11 08:45:00,2937446.6,0.0,3280751.6200300558,0
2013-10-11 08:50:00,2705773.0,0.0,2958471.974677259,0
2013-10-11 08:55:00,2281336.2,0.0,2765515.831518443,0
2013-10-11 09:00:00,2721626.8,0.0,2320128.8291389216,0
2013-10-11 09:05:00,2526060.2,0.0,2931380.9350925195,0
2013-10-11 09:10:00,1943263.0,0.0,2564308.6107775653,0
2013-10-11 09:15:00,2115264.8,0.0,1976351.7813819624,0
2013-10-11 09:20:00,1716114.6,0.0,2310834.6303757895,0
2013-10-11 09:25:00,1689399.4,0.0,1772714.2937976806,0
2013-10-11 09:30:00,1614255.4,0.0,1866267.5325761978,0
2013-10-11 09:35:00,1586300.6,0.0,1757891.1798415165,0
2013-10-11 09:40:00,1945050.0,0.0,1750671.5479516713,0
2013-10-11 09:45:00,1419494.6,0.0,2166499.2821755805,0
2013-10-11 09:50:00,2052665.4,0.0,1463646.1654680301,0
2013-10-11 09:55:00,1503766.4,0.0,2357086.301672872,0
2013-10-11 10:00:00,1425593.8,0.0,1516876.8090094265,0
2013-10-11 10:05:00,1564241.2,0.0,1620857.4427175482,0
2013-10-11 10:10:00,1445060.2,0.0,1756882.4570630009,0
2013-10-11 10:15:00,1402325.6,0.0,1587849.5282430202,0
2013-10-11 10:20:00,1630047.2,0.0,1577589.0167605637,0
2013-10-11 10:25:00,1315837.2,0.0,1842854.4470972174,0
2013-10-11 10:30:00,1399811.8,0.0,1418794.1093249165,0
2013-10-11 10:35:00,1653111.4,0.0,1613766.6698214132,0
2013-10-11 10:40:00,1317575.4,0.0,1861117.9380325489,0
2013-10-11 10:45:00,1333332.8,0.0,1416578.8952676433,0
2013-10-11 10:50:00,1646857.6,0.0,1537531.9642336667,0
2013-10-11 10:55:00,1436422.6,0.0,1871521.0324256634,0
2013-10-11 11:00:00,1447339.2,0.0,1551377.3992420046,0
2013-10-11 11:05:00,1613220.4,0.0,1637986.1213275678,0
2013-10-11 11:10:00,1662310.2,0.0,1809467.0185279532,0
2013-10-11 11:15:00,1545840.2,0.0,1826498.4157499492,0
2013-10-11 11:20:00,2411798.8,0.0,1688102.3769487608,0
2013-10-11 11:25:00,2392206.4,0.0,2719801.9749869145,0
2013-10-11 11:30:00,2101047.4,0.0,2458690.5537258517,0
2013-10-11 11:35:00,1488686.2,0.0,2182921.43842364,0
2013-10-11 11:40:00,2004115.6,0.0,1539728.2871165485,0
2013-10-11 11:45:00,1691222.6,0.0,2283450.3774217665,0
2013-10-11 11:50:00,2059449.4,0.0,1750307.9690409196,0
2013-10-11 11:55:00,2161052.6,0.0,2298651.8956154324,0
2013-10-11 12:00:00,2587023.0,0.0,2289189.888605281,0
2013-10-11 12:05:00,3038556.8,0.0,2783139.3705438403,0
2013-10-11 12:10:00,3019801.6,0.0,3190229.390742829,0
2013-10-11 12:15:00,3016383.4,0.0,3074472.4140444435,0
2013-10-11 12:20:00,3488911.0,0.0,3097285.241195123,0
2013-10-11 12:25:00,3639406.4,0.0,3637521.940285892,0
2013-10-11 12:30:00,4288769.2,0.0,3686377.718298451,0
2013-10-11 12:35:00,4508238.6,0.0,4424741.8698367495,0
2013-10-11 12:40:00,3876246.2,0.0,4507424.63723369,0
2013-10-11 12:45:00,3620962.8,0.0,3758706.6497441772,0
2013-10-11 12:50:00,4616707.2,0.0,3637071.799458007,0
2013-10-11 12:55:00,4108598.8,0.0,4814728.215904092,0
2013-10-11 13:00:00,4354785.6,0.0,3955908.60952222,0
2013-10-11 13:05:00,4086370.4,0.0,4438648.4699490825,0
2013-10-11 13:10:00,4152349.6,0.0,4017183.511691992,0
2013-10-11 13:15:00,4059468.6,0.0,4190781.2932713632,0
2013-10-11 13:20:00,4503811.6,0.0,4043424.9280575267,0
2013-10-11 13:25:00,4255971.6,0.0,4590461.050456946,0
2013-10-11 13:30:00,4555081.6,0.0,4177886.1120435433,0
2013-10-11 13:35:00,3962572.6,0.0,4618567.048823869,0
2013-10-11 13:40:00,4546405.8,0.0,3832674.0504863383,0
2013-10-11 13:45:00,4112242.4,0.0,4688352.239852448,0
2013-10-11 13:50:00,3963009.4,0.0,3989328.6848388566,0
2013-10-11 13:55:00,4264964.2,0.0,3978636.266469774,0
2013-10-11 14:00:00,4711787.0,0.0,4329700.1727280505,0
2013-10-11 14:05:00,4008551.6,0.0,4764381.730482431,0
2013-10-11 14:10:00,3886748.4,0.0,3852047.3131435327,0
2013-10-11 14:15:00,4360407.8,0.0,3922331.2979561314,0
2013-10-11 14:20:00,3777113.6,0.0,4452900.930256993,0
2013-10-11 14:25:00,4448038.4,0.0,3656866.8426225083,0
2013-10-11 14:30:00,4350720.0,0.0,4615432.3321062215,0
2013-10-11 14:35:00,4000456.4,0.0,4281496.06206132,0
2013-10-11 14:40:00,3757759.0,0.0,3954328.1123326863,0
2013-10-11 14:45:00,3714593.2,0.0,3749775.5313679497,0
2013-10-11 14:50:00,3802077.8,0.0,3747228.124433898,0
2013-10-11 14:55:00,4170299.8,0.0,3848813.72964825,0
2013-10-11 15:00:00,5127343.2,0.0,4250425.147896275,0
2013-10-11 15:05:00,5878506.0,0.0,5262446.856394386,0
2013-10-11 15:10:00,7135374.6,0.0,5895683.82552167,0
2013-10-11 15:15:00,5958465.2,0.0,7200295.461777387,0
2013-10-11 15:20:00,5198396.6,0.0,5540029.875883834,0
2013-10-11 15:25:00,4433295.4,0.0,5046362.954997474,0
2013-10-11 15:30:00,4855605.8,0.0,4277209.240008293,0
2013-10-11 15:35:00,4924891.2,0.0,4942547.641514082,0
2013-10-11 15:40:00,4788996.0,0.0,4868731.259719904,0
2013-10-11 15:45:00,4697164.6,0.0,4728910.604563525,0
2013-10-11 15:50:00,4682754.0,0.0,4655217.357082987,0
2013-10-11 15:55:00,4119163.4,0.0,4655616.324501617,0
2013-10-11 16:00:00,5152299.2,0.0,4004886.045399815,0
2013-10-11 16:05:00,5840876.0,0.0,5348017.421762571,0
2013-10-11 16:10:00,4851767.2,0.0,5832460.884425892,0
2013-10-11 16:15:00,5146560.4,0.0,4578596.256371052,0
2013-10-11 16:20:00,4523770.8,0.0,5208770.474805512,0
2013-10-11 16:25:00,5435023.6,0.0,4344115.756257908,0
2013-10-11 16:30:00,4971937.8,0.0,5595990.977370996,0
2013-10-11 16:35:00,5635966.8,0.0,4771990.984482031,0
2013-10-11 16:40:00,5122805.8,0.0,5729060.34822734,0
2013-10-11 16:45:00,5066339.0,0.0,4915399.788723081,0
2013-10-11 16:50:00,5091821.0,0.0,5038301.530389529,0
2013-10-11 16:55:00,5286978.0,0.0,5039308.67140673,0
2013-10-11 17:00:00,4617354.2,0.0,5264375.160162873,0
2013-10-11 17:05:00,5074936.2,0.0,4439299.396260392,0
2013-10-11 17:10:00,4946120.0,0.0,5158284.377909501,0
2013-10-11 17:15:00,6072816.0,0.0,4843368.076163795,0
2013-10-11 17:20:00,5499821.0,0.0,6216881.6992652835,0
2013-10-11 17:25:00,5616319.6,0.0,5237878.304337073,0
2013-10-11 17:30:00,6105407.6,0.0,5598681.716869806,0
2013-10-11 17:35:00,5154501.0,0.0,6079904.967050803,0
2013-10-11 17:40:00,4878282.2,0.0,4870887.329430462,0
2013-10-11 17:45:00,5460952.2,0.0,4831488.790057018,0
2013-10-11 17:50:00,5431154.6,0.0,5513260.652488666,0
2013-10-11 17:55:00,6670608.0,0.0,5321258.903308107,0
2013-10-11 18:00:00,6095858.6,0.0,6796531.928352872,0
2013-10-11 18:05:00,6956541.4,0.0,5791979.940911528,0
2013-10-11 18:10:00,6199730.6,0.0,7017813.912885485,0
2013-10-11 18:15:00,5714497.8,0.0,5860742.461302354,0
2013-10-11 18:20:00,6457977.6,0.0,5568039.236468655,0
2013-10-11 18:25:00,5753349.2,0.0,6494013.428457211,0
2013-10-11 18:30:00,6047827.2,0.0,5466501.147441408,0
2013-10-11 18:35:00,6658760.6,0.0,6043986.719010287,0
2013-10-11 18:40:00,5845224.0,0.0,6615785.228527469,0
2013-10-11 18:45:00,6342895.4,0.0,5544416.76357408,0
2013-10-11 18:50:00,6092819.0,0.0,6366617.293635084,0
2013-10-11 18:55:00,6495620.4,0.0,5887852.130958073,0
2013-10-11 19:00:00,6848253.4,0.0,6463540.637076687,0
2013-10-11 19:05:00,7022389.4,0.0,6737559.263675973,0
2013-10-11 19:10:00,6095139.6,0.0,6875247.297703691,0
2013-10-11 19:15:00,5196470.0,0.0,5772953.643731037,0
2013-10-11 19:20:00,6245523.6,0.0,4990294.941704288,0
2013-10-11 19:25:00,6063450.0,0.0,6382299.894773111,0
2013-10-11 19:30:00,5752171.4,0.0,5850321.7727486165,0
2013-10-11 19:35:00,6961971.2,0.0,5613940.482600743,0
2013-10-11 19:40:00,5756761.6,0.0,7065238.863816251,0
2013-10-11 19:45:00,6439968.0,0.0,5338393.211083011,0
2013-10-11 19:50:00,6029420.4,0.0,6526308.364729401,0
2013-10-11 19:55:00,5526105.2,0.0,5777746.514814875,0
2013-10-11 20:00:00,5683547.4,0.0,5369734.870600238,0
2013-10-11 20:05:00,5640075.6,0.0,5645812.31919057,0
2013-10-11 20:10:00,5640589.8,0.0,5531806.7595480485,0
2013-10-11 20:15:00,5567824.0,0.0,5558754.4855388785,0
2013-10-11 20:20:00,5077413.0,0.0,5468520.519780129,0
2013-10-11 20:25:00,5764415.0,0.0,4923223.716006711,0
2013-10-11 20:30:00,6909404.8,0.0,5842387.844060173,0
2013-10-11 20:35:00,7339086.6,0.0,6951744.442966849,0
2013-10-11 20:40:00,10412561.6,0.0,7191346.737616274,0
2013-10-11 20:45:00,7364122.0,0.0,10684137.080662776,0
2013-10-11 20:50:00,5189782.4,0.0,6357449.963989658,0
2013-10-11 20:55:00,3723893.6,0.0,4847459.279029906,0
2013-10-11 21:00:00,6623585.8,0.0,3504218.808653104,0
2013-10-11 21:05:00,4414673.2,0.0,7162283.337392266,0
2013-10-11 21:10:00,9307313.4,0.0,3766583.8578224285,0
2013-10-11 21:15:00,3958717.2,0.0,10199867.22896522,0
2013-10-11 21:20:00,4500197.4,0.0,2538021.3440884473,0
2013-10-11 21:25:00,4809785.2,0.0,4934285.406902608,0
2013-10-11 21:30:00,4220875.4,0.0,4737756.8978779195,0
2013-10-11 21:35:00,4678269.8,0.0,4103319.589115729,0
2013-10-11 21:40:00,4023287.8,0.0,4778019.037436572,0
2013-10-11 21:45:00,4025726.2,0.0,3865907.0728631257,0
2013-10-11 21:50:00,4899668.2,0.0,4079570.5442629145,0
2013-10-11 21:55:00,4500448.2,0.0,5039102.717832489,0
2013-10-11 22:00:00,5425124.2,0.0,4356412.208724941,0
2013-10-11 22:05:00,4736342.6,0.0,5581720.088813635,0
2013-10-11 22:10:00,3897116.4,0.0,4503306.667910567,0
2013-10-11 22:15:00,4175719.2,0.0,3783752.215658902,0
2013-10-11 22:20:00,3768877.4,0.0,4271721.53433812,0
2013-10-11 22:25:00,3633691.4,0.0,3689240.902430132,0
2013-10-11 22:30:00,3136307.2,0.0,3667824.4083514386,0
2013-10-11 22:35:00,3600642.0,0.0,3098569.1849418306,0
2013-10-11 22:40:00,3480859.4,0.0,3766213.1654166393,0
2013-10-11 22:45:00,3182200.6,0.0,3473593.9652040517,0
2013-10-11 22:50:00,3398359.6,0.0,3196450.1930162665,0
2013-10-11 22:55:00,3428305.6,0.0,3510061.258239439,0
2013-10-11 23:00:00,3942081.2,0.0,3472136.5305362497,0
2013-10-11 23:05:00,3610477.8,0.0,4074032.4510492007,0
2013-10-11 23:10:00,2606589.8,0.0,3552075.0532739833,0
2013-10-11 23:15:00,2532067.6,0.0,2513793.313677323,0
2013-10-11 23:20:00,3795175.8,0.0,2667775.548851857,0
2013-10-11 23:25:00,4031016.2,0.0,4090377.4712883784,0
2013-10-11 23:30:00,3087124.6,0.0,4033787.8701711567,0
2013-10-11 23:35:00,2645886.2,0.0,2957192.2737343805,0
2013-10-11 23:40:00,2921061.8,0.0,2696675.2435699115,0
2013-10-11 23:45:00,2868193.8,0.0,3074574.592647508,0
2013-10-11 23:50:00,3678312.0,0.0,2926183.905018787,0
2013-10-11 23:55:00,3993569.2,0.0,3895728.879762062,0
2013-10-12 00:00:00,3155317.8,0.0,4035553.0841193115,0
2013-10-12 00:05:00,2577275.4,0.0,3035509.9645214193,0
2013-10-12 00:10:00,2030924.2,0.0,2599363.080846237,0
2013-10-12 00:15:00,2691552.8,0.0,2069449.020953945,0
2013-10-12 00:20:00,2108746.2,0.0,2954610.382448227,0
2013-10-12 00:25:00,2602548.4,0.0,2077169.9716179022,0
2013-10-12 00:30:00,2468735.6,0.0,2850074.298969358,0
2013-10-12 00:35:00,2507354.4,0.0,2516925.393389979,0
2013-10-12 00:40:00,2261713.8,0.0,2638521.328835992,0
2013-10-12 00:45:00,2457518.2,0.0,2326832.416052172,0
2013-10-12 00:50:00,2418719.6,0.0,2624930.7123951768,0
2013-10-12 00:55:00,3111028.0,0.0,2511229.6842692443,0
2013-10-12 01:00:00,3591372.8,0.0,3336749.911972994,0
2013-10-12 01:05:00,3041616.4,0.0,3700453.2505279854,0
2013-10-12 01:10:00,2416064.8,0.0,2981710.5927483784,0
2013-10-12 01:15:00,2395888.0,0.0,2425689.788277475,0
2013-10-12 01:20:00,2708144.6,0.0,2530929.256699967,0
2013-10-12 01:25:00,2907673.0,0.0,2867086.6855097525,0
2013-10-12 01:30:00,2969344.6,0.0,3019724.6928826766,0
2013-10-12 01:35:00,2668099.4,0.0,3055636.987417452,0
2013-10-12 01:40:00,3015050.0,0.0,2699562.3247074992,0
2013-10-12 01:45:00,2737246.2,0.0,3182412.0250805216,0
2013-10-12 01:50:00,3323086.0,0.0,2750082.99167163,0
2013-10-12 01:55:00,3542606.4,0.0,3526346.053006006,0
2013-10-12 02:00:00,3537503.4,0.0,3600326.7920272453,0
2013-10-12 02:05:00,3174286.2,0.0,3577333.8604837833,0
2013-10-12 02:10:00,3053158.4,0.0,3163332.3578984877,0
2013-10-12 02:15:00,2712443.2,0.0,3119198.879482018,0
2013-10-12 02:20:00,3243322.6,0.0,2736061.80278096,0
2013-10-12 02:25:00,2970901.6,0.0,3437504.280405532,0
2013-10-12 02:30:00,3602252.0,0.0,2960858.406917344,0
2013-10-12 02:35:00,3767764.6,0.0,3799905.758696272,0
2013-10-12 02:40:00,3217024.8,0.0,3797023.5713360813,0
2013-10-12 02:45:00,3623309.2,0.0,3161887.406925587,0
2013-10-12 02:50:00,3463932.6,0.0,3777744.3866553684,0
2013-10-12 02:55:00,3473942.8,0.0,3451387.1784553537,0
2013-10-12 03:00:00,4327528.2,0.0,3538385.8673516577,0
2013-10-12 03:05:00,4953168.0,0.0,4503697.809694121,0
2013-10-12 03:10:00,6010022.0,0.0,5002822.2226066785,0
2013-10-12 03:15:00,3792235.2,0.0,6107528.833251537,0
2013-10-12 03:20:00,5067495.2,0.0,3291831.766995261,0
2013-10-12 03:25:00,4178473.4,0.0,5414948.577079006,0
2013-10-12 03:30:00,3722183.4,0.0,3897825.449124775,0
2013-10-12 03:35:00,6000974.2,0.0,3721766.668161815,0
2013-10-12 03:40:00,3656226.2,0.0,6393218.926192848,0
2013-10-12 03:45:00,3946900.8,0.0,3068774.3838082543,0
2013-10-12 03:50:00,3872716.2,0.0,4172839.698222835,0
2013-10-12 03:55:00,3954127.4,0.0,3831975.797766883,0
2013-10-12 04:00:00,3870564.8,0.0,4004756.924071217,0
2013-10-12 04:05:00,3812299.2,0.0,3868346.98254778,0
2013-10-12 04:10:00,3793134.4,0.0,3832615.3875311213,0
2013-10-12 04:15:00,3610520.8,0.0,3818750.4519852446,0
2013-10-12 04:20:00,4167550.6,0.0,3611136.98442746,0
2013-10-12 04:25:00,3844542.6,0.0,4302193.89905534,0
2013-10-12 04:30:00,4094993.0,0.0,3769548.563852832,0
2013-10-12 04:35:00,4207063.8,0.0,4181810.4348269096,0
2013-10-12 04:40:00,4017962.2,0.0,4215890.187515442,0
2013-10-12 04:45:00,4211817.8,0.0,3989703.499367764,0
2013-10-12 04:50:00,4397386.8,0.0,4265786.869887727,0
2013-10-12 04:55:00,3821873.6,0.0,4416196.451947766,0
2013-10-12 05:00:00,3433559.8,0.0,3717024.8893238036,0
2013-10-12 05:05:00,3552335.0,0.0,3430359.480762724,0
2013-10-12 05:10:00,2997523.4,0.0,3633746.7354570813,0
2013-10-12 05:15:00,4158629.4,0.0,2946227.578230855,0
2013-10-12 05:20:00,3505453.6,0.0,4445598.657432374,0
2013-10-12 05:25:00,3596603.0,0.0,3344936.5603721687,0
2013-10-12 05:30:00,3458603.8,0.0,3704598.7956932615,0
2013-10-12 05:35:00,4103340.4,0.0,3462144.045046497,0
2013-10-12 05:40:00,3722259.6,0.0,4262508.301250957,0
2013-10-12 05:45:00,3310317.8,0.0,3637552.688113777,0
2013-10-12 05:50:00,3180112.2,0.0,3306453.760264463,0
2013-10-12 05:55:00,2763020.2,0.0,3232676.219136477,0
2013-10-12 06:00:00,3481835.8,0.0,2768218.498758205,0
2013-10-12 06:05:00,3115962.0,0.0,3705422.712128333,0
2013-10-12 06:10:00,3758110.6,0.0,3066390.221120871,0
2013-10-12 06:15:00,3146130.6,0.0,3955441.6910653613,0
2013-10-12 06:20:00,3678237.8,0.0,3043422.7455449756,0
2013-10-12 06:25:00,3332586.2,0.0,3868541.690750929,0
2013-10-12 06:30:00,3376556.8,0.0,3278764.952853796,0
2013-10-12 06:35:00,2932539.4,0.0,3465862.681619738,0
2013-10-12 06:40:00,3868952.0,0.0,2910015.6322319177,0
2013-10-12 06:45:00,4180022.4,0.0,4119551.0670962567,0
2013-10-12 06:50:00,2911885.2,0.0,4199064.394075908,0
2013-10-12 06:55:00,3045753.4,0.0,2716680.7089121575,0
2013-10-12 07:00:00,3893686.2,0.0,3213900.4402902853,0
2013-10-12 07:05:00,3498895.4,0.0,4077857.9399563004,0
2013-10-12 07:10:00,2484609.8,0.0,3422374.25711795,0
2013-10-12 07:15:00,3153370.4,0.0,2402955.6094071046,0
2013-10-12 07:20:00,2963782.0,0.0,3410661.3497588392,0
2013-10-12 07:25:00,3208165.8,0.0,2958844.3223766284,0
2013-10-12 07:30:00,3842270.6,0.0,3345417.913326352,0
2013-10-12 07:35:00,2712457.0,0.0,3988098.8696610196,0
2013-10-12 07:40:00,2525058.4,0.0,2535218.3780491455,0
2013-10-12 07:45:00,2654476.6,0.0,2654731.0396998897,0
2013-10-12 07:50:00,2774432.8,0.0,2776510.9267890016,0
2013-10-12 07:55:00,3125988.4,0.0,2886843.289740635,0
2013-10-12 08:00:00,2628484.4,0.0,3267192.211221725,0
2013-10-12 08:05:00,2750668.8,0.0,2604924.5406425097,0
2013-10-12 08:10:00,2121267.8,0.0,2899073.6873971173,0
2013-10-12 08:15:00,2423121.0,0.0,2104463.698228743,0
2013-10-12 08:20:00,2492465.2,0.0,2636624.69859934,0
2013-10-12 08:25:00,2205542.4,0.0,2593662.166275019,0
2013-10-12 08:30:00,2244046.4,0.0,2272355.1282141274,0
2013-10-12 08:35:00,2289428.2,0.0,2391081.10608958,0
2013-10-12 08:40:00,2335671.2,0.0,2416026.8932842785,0
2013-10-12 08:45:00,1986150.4,0.0,2463645.6016543945,0
2013-10-12 08:50:00,1974910.2,0.0,2049132.9824729313,0
2013-10-12 08:55:00,1931628.8,0.0,2131977.5684771156,0
2013-10-12 09:00:00,2256923.0,0.0,2062860.511092999,0
2013-10-12 09:05:00,1563206.2,0.0,2454374.3619973995,0
2013-10-12 09:10:00,1680554.4,0.0,1563007.574773552,0
2013-10-12 09:15:00,1435048.2,0.0,1904533.2838676448,0
2013-10-12 09:20:00,1445570.2,0.0,1542159.4404857939,0
2013-10-12 09:25:00,1230529.0,0.0,1638074.7668941268,0
2013-10-12 09:30:00,1292470.8,0.0,1367647.840059709,0
2013-10-12 09:35:00,1377636.6,0.0,1501669.9167126114,0
2013-10-12 09:40:00,1814704.4,0.0,1569008.4808228668,0
2013-10-12 09:45:00,1646375.8,0.0,2058015.761617595,0
2013-10-12 09:50:00,1589812.0,0.0,1750647.1267664363,0
2013-10-12 09:55:00,2908752.2,0.0,1756399.8614656627,0
2013-10-12 10:00:00,2209294.8,0.0,3277722.6116541536,0
2013-10-12 10:05:00,2293599.8,0.0,2118556.188618724,0
2013-10-12 10:10:00,2518515.2,0.0,2483841.0541987233,0
2013-10-12 10:15:00,2368925.2,0.0,2659053.876587167,0
2013-10-12 10:20:00,2418048.6,0.0,2445856.376340192,0
2013-10-12 10:25:00,2574732.0,0.0,2551850.784696137,0
2013-10-12 10:30:00,2560719.6,0.0,2708231.973093209,0
2013-10-12 10:35:00,2998595.0,0.0,2655905.462343096,0
2013-10-12 10:40:00,2464394.8,0.0,3173507.467639751,0
2013-10-12 10:45:00,2695531.6,0.0,2437147.688112569,0
2013-10-12 10:50:00,2881381.6,0.0,2874204.6138944943,0
2013-10-12 10:55:00,2912230.4,0.0,2987727.128281709,0
2013-10-12 11:00:00,3149090.6,0.0,2997098.1300176643,0
2013-10-12 11:05:00,3296592.0,0.0,3268375.5106665967,0
2013-10-12 11:10:00,3696286.2,0.0,3375948.8693709094,0
2013-10-12 11:15:00,2925279.8,0.0,3812509.2585952254,0
2013-10-12 11:20:00,3628548.8,0.0,2821502.183784962,0
2013-10-12 11:25:00,3048131.8,0.0,3862478.436428099,0
2013-10-12 11:30:00,2474744.6,0.0,2951777.7376244185,0
2013-10-12 11:35:00,2733783.8,0.0,2500352.206937477,0
2013-10-12 11:40:00,2876619.2,0.0,2903754.247019589,0
2013-10-12 11:45:00,2426435.2,0.0,2975398.3241354674,0
2013-10-12 11:50:00,2877881.2,0.0,2439121.089043244,0
2013-10-12 11:55:00,2236777.4,0.0,3084262.214068517,0
2013-10-12 12:00:00,2424895.6,0.0,2195004.812107056,0
2013-10-12 12:05:00,2036357.0,0.0,2617743.4423905723,0
2013-10-12 12:10:00,3273247.8,0.0,2071472.0272525726,0
2013-10-12 12:15:00,2225564.4,0.0,3625681.438708749,0
2013-10-12 12:20:00,2773553.4,0.0,2056902.715575065,0
2013-10-12 12:25:00,3272074.8,0.0,3052176.3716587774,0
2013-10-12 12:30:00,2563503.8,0.0,3397622.6457392783,0
2013-10-12 12:35:00,3315340.6,0.0,2499756.6202019104,0
2013-10-12 12:40:00,2490231.6,0.0,3575271.0854032254,0
2013-10-12 12:45:00,2685661.4,0.0,2374101.294095021,0
2013-10-12 12:50:00,2783047.8,0.0,2877384.0722287274,0
2013-10-12 12:55:00,2494818.8,0.0,2873470.538890834,0
2013-10-12 13:00:00,2915377.0,0.0,2541628.790299721,0
2013-10-12 13:05:00,2100844.8,0.0,3103853.0957929515,0
2013-10-12 13:10:00,2932784.4,0.0,2033548.4807228334,0
2013-10-12 13:15:00,3113921.8,0.0,3241399.5333651165,0
2013-10-12 13:20:00,2679085.2,0.0,3171300.8751788535,0
2013-10-12 13:25:00,2981291.6,0.0,2685507.4441549196,0
2013-10-12 13:30:00,3528916.2,0.0,3146688.5851923698,0
2013-10-12 13:35:00,3714299.6,0.0,3672285.6770168077,0
2013-10-12 13:40:00,2506308.4,0.0,3764802.127655108,0
2013-10-12 13:45:00,2977082.8,0.0,2348848.218060758,0
2013-10-12 13:50:00,2654474.0,0.0,3219653.594279172,0
2013-10-12 13:55:00,2747757.6,0.0,2645917.544414449,0
2013-10-12 14:00:00,3425450.2,0.0,2886236.696033153,0
2013-10-12 14:05:00,2860588.4,0.0,3613046.57901971,0
2013-10-12 14:10:00,2602600.6,0.0,2792927.9066020036,0
2013-10-12 14:15:00,3064562.4,0.0,2684676.3042175323,0
2013-10-12 14:20:00,2678636.4,0.0,3243012.8213524795,0
2013-10-12 14:25:00,2811047.4,0.0,2668412.0268316735,0
2013-10-12 14:30:00,2986170.0,0.0,2954101.765511537,0
2013-10-12 14:35:00,3030498.2,0.0,3090230.827623927,0
2013-10-12 14:40:00,1992914.2,0.0,3109937.2988779084,0
2013-10-12 14:45:00,2307638.6,0.0,1907541.374905318,0
2013-10-12 14:50:00,2916463.0,0.0,2548827.4301212183,0
2013-10-12 14:55:00,3218693.2,0.0,3103442.7558761463,0
2013-10-12 15:00:00,4232165.4,0.0,3324145.174914738,0
2013-10-12 15:05:00,4293438.2,0.0,4443131.047567769,0
2013-10-12 15:10:00,5731243.0,0.0,4255197.042519972,0
2013-10-12 15:15:00,3331719.8,0.0,5958516.83177301,0
2013-10-12 15:20:00,3883587.8,0.0,2794635.4162224866,0
2013-10-12 15:25:00,3271342.2,0.0,4163119.268928014,0
2013-10-12 15:30:00,2942843.2,0.0,3139965.6646876,0
2013-10-12 15:35:00,3694746.0,0.0,2997246.8879464534,0
2013-10-12 15:40:00,3642126.4,0.0,3898273.8550232877,0
2013-10-12 15:45:00,3734729.0,0.0,3629241.083203953,0
2013-10-12 15:50:00,3394430.6,0.0,3798337.2884979444,0
2013-10-12 15:55:00,3529268.4,0.0,3366390.125305506,0
2013-10-12 16:00:00,3715568.8,0.0,3621904.9455989674,0
2013-10-12 16:05:00,3746838.6,0.0,3777913.6245776964,0
2013-10-12 16:10:00,4208361.2,0.0,3777949.3317884477,0
2013-10-12 16:15:00,4003901.8,0.0,4310746.566664189,0
2013-10-12 16:20:00,3824163.8,0.0,3951543.9638402862,0
2013-10-12 16:25:00,3375125.8,0.0,3827080.254810611,0
2013-10-12 16:30:00,3540937.0,0.0,3337459.2978971386,0
2013-10-12 16:35:00,3146923.2,0.0,3642063.576875069,0
2013-10-12 16:40:00,4168467.0,0.0,3116779.848059961,0
2013-10-12 16:45:00,3349810.2,0.0,4417529.957067875,0
2013-10-12 16:50:00,3187740.8,0.0,3171742.2972522057,0
2013-10-12 16:55:00,3217855.6,0.0,3272623.657656722,0
2013-10-12 17:00:00,3205658.2,0.0,3284069.485610733,0
2013-10-12 17:05:00,2214341.8,0.0,3267342.302054203,0
2013-10-12 17:10:00,2062268.8,0.0,2126782.2710243845,0
2013-10-12 17:15:00,2550043.2,0.0,2214879.0353814242,0
2013-10-12 17:20:00,2092985.2,0.0,2757626.0585344625,0
2013-10-12 17:25:00,3150399.8,0.0,2104510.5620840765,0
2013-10-12 17:30:00,2122509.2,0.0,3476222.0161859593,0
2013-10-12 17:35:00,2788856.2,0.0,1972480.2812439543,0
2013-10-12 17:40:00,2321360.2,0.0,3089358.233880355,0
2013-10-12 17:45:00,2890855.4,0.0,2291473.536227188,0
2013-10-12 17:50:00,4035097.6,0.0,3133371.2614279157,0
2013-10-12 17:55:00,3497103.6,0.0,4259726.088355271,0
2013-10-12 18:00:00,3170049.2,0.0,3378264.1414502584,0
2013-10-12 18:05:00,3004455.6,0.0,3204458.918810486,0
2013-10-12 18:10:00,3466245.8,0.0,3053466.8299567034,0
2013-10-12 18:15:00,3331877.8,0.0,3621485.3521810644,0
2013-10-12 18:20:00,2944188.8,0.0,3335057.9434397444,0
2013-10-12 18:25:00,3491523.4,0.0,2953701.7911656927,0
2013-10-12 18:30:00,4161306.2,0.0,3673729.3126489306,0
2013-10-12 18:35:00,2824246.4,0.0,4280515.8796536755,0
2013-10-12 18:40:00,3238769.0,0.0,2596677.217759573,0
2013-10-12 18:45:00,3347327.8,0.0,3464468.2217696663,0
2013-10-12 18:50:00,3104582.8,0.0,3389191.1013652645,0
2013-10-12 18:55:00,3044250.2,0.0,3126355.1988737187,0
2013-10-12 19:00:00,3441568.0,0.0,3117462.622819109,0
2013-10-12 19:05:00,3898819.6,0.0,3578202.4332008627,0
2013-10-12 19:10:00,3327445.8,0.0,3999570.2937368443,0
2013-10-12 19:15:00,3769617.8,0.0,3242541.369443682,0
2013-10-12 19:20:00,4145610.0,0.0,3928006.1977119334,0
2013-10-12 19:25:00,4461434.6,0.0,4203615.434501456,0
2013-10-12 19:30:00,3386405.4,0.0,4504508.401366747,0
2013-10-12 19:35:00,7170114.6,0.0,3193883.3021866246,0
2013-10-12 19:40:00,3835937.6,0.0,7864963.1068632305,0
2013-10-12 19:45:00,3849577.0,0.0,2936026.595431999,0
2013-10-12 19:50:00,4728437.0,0.0,4091170.7409701226,0
2013-10-12 19:55:00,3653101.4,0.0,4838743.029866825,0
2013-10-12 20:00:00,3423475.4,0.0,3424507.5350163104,0
2013-10-12 20:05:00,3319426.2,0.0,3486337.3338574874,0
2013-10-12 20:10:00,3426644.4,0.0,3351924.67994234,0
2013-10-12 20:15:00,3285794.4,0.0,3506774.414081503,0
2013-10-12 20:20:00,3850047.6,0.0,3308374.0559397275,0
2013-10-12 20:25:00,3685854.4,0.0,4005640.286630588,0
2013-10-12 20:30:00,3379478.6,0.0,3654903.569084678,0
2013-10-12 20:35:00,3566683.4,0.0,3382285.636058012,0
2013-10-12 20:40:00,3590507.8,0.0,3661424.263619194,0
2013-10-12 20:45:00,3402758.4,0.0,3624401.2698188038,0
2013-10-12 20:50:00,3548430.0,0.0,3416212.1048325365,0
2013-10-12 20:55:00,3619610.4,0.0,3632508.98170609,0
2013-10-12 21:00:00,3748961.4,0.0,3664683.0161515954,0
2013-10-12 21:05:00,3559610.4,0.0,3806574.966893058,0
2013-10-12 21:10:00,5178590.8,0.0,3555177.940602587,0
2013-10-12 21:15:00,6822890.4,0.0,5482326.621193638,0
2013-10-12 21:20:00,3652706.2,0.0,6935101.348102478,0
2013-10-12 21:25:00,3923214.0,0.0,2939446.408142488,0
2013-10-12 21:30:00,3458745.6,0.0,4175390.549707703,0
2013-10-12 21:35:00,4955067.8,0.0,3353477.121733721,0
2013-10-12 21:40:00,4262822.6,0.0,5270906.334078762,0
2013-10-12 21:45:00,3248786.2,0.0,4028500.0553178797,0
2013-10-12 21:50:00,2712873.6,0.0,3145045.1195723843,0
2013-10-12 21:55:00,4488676.8,0.0,2730583.9299700814,0
2013-10-12 22:00:00,3780386.6,0.0,4876471.682074693,0
2013-10-12 22:05:00,3801917.8,0.0,3562730.5859190933,0
2013-10-12 22:10:00,3410020.4,0.0,3891278.409984221,0
2013-10-12 22:15:00,4013800.2,0.0,3362903.050388857,0
2013-10-12 22:20:00,3837695.0,0.0,4182079.531783216,0
2013-10-12 22:25:00,3715738.8,0.0,3789409.5914399414,0
2013-10-12 22:30:00,3156862.4,0.0,3739388.652551164,0
2013-10-12 22:35:00,3447375.0,0.0,3105756.011890361,0
2013-10-12 22:40:00,3909523.0,0.0,3587612.4933819855,0
2013-10-12 22:45:00,4083487.2,0.0,4009751.573111703,0
2013-10-12 22:50:00,3410969.8,0.0,4113000.9924812745,0
2013-10-12 22:55:00,3630547.6,0.0,3312744.5629754337,0
2013-10-12 23:00:00,3579646.0,0.0,3751227.858791176,0
2013-10-12 23:05:00,3518559.0,0.0,3591102.3904070007,0
2013-10-12 23:10:00,3615376.2,0.0,3557595.8279583915,0
2013-10-12 23:15:00,3579870.0,0.0,3677112.144263113,0
2013-10-12 23:20:00,3914775.4,0.0,3608493.9543782594,0
2013-10-12 23:25:00,3026430.0,0.0,4010988.1494338242,0
2013-10-12 23:30:00,3681278.0,0.0,2892393.797412565,0
2013-10-12 23:35:00,3655270.0,0.0,3906964.0768342717,0
2013-10-12 23:40:00,3117778.6,0.0,3642405.8568058526,0
2013-10-12 23:45:00,3464887.8,0.0,3083054.695721956,0
2013-10-12 23:50:00,3490145.6,0.0,3613077.92489996,0
2013-10-12 23:55:00,3530907.4,0.0,3519713.9570767777,0
2013-10-13 00:00:00,3536547.4,0.0,3588353.972277685,0
2013-10-13 00:05:00,3438769.8,0.0,3578997.902901613,0
2013-10-13 00:10:00,2592687.8,0.0,3468281.1960333553,0
2013-10-13 00:15:00,1960360.2,0.0,2517114.3436639598,0
2013-10-13 00:20:00,2025196.8,0.0,2006999.3383687076,0
2013-10-13 00:25:00,1716619.8,0.0,2199770.8408858497,0
2013-10-13 00:30:00,1789308.0,0.0,1798971.5951225967,0
2013-10-13 00:35:00,1892481.0,0.0,1975537.4007026167,0
2013-10-13 00:40:00,1726840.4,0.0,2053829.7795833969,0
2013-10-13 00:45:00,1878791.8,0.0,1844507.2633575827,0
2013-10-13 00:50:00,1792245.2,0.0,2068315.8564430873,0
2013-10-13 00:55:00,1458174.2,0.0,1916665.261801426,0
2013-10-13 01:00:00,1740755.8,0.0,1566052.797507562,0
2013-10-13 01:05:00,1807006.8,0.0,1973328.9352518178,0
2013-10-13 01:10:00,2307076.8,0.0,1955664.475533004,0
2013-10-13 01:15:00,3108940.6,0.0,2537054.477692956,0
2013-10-13 01:20:00,3450633.2,0.0,3328370.318725671,0
2013-10-13 01:25:00,3664786.4,0.0,3539913.268199309,0
2013-10-13 01:30:00,4118068.8,0.0,3738241.417874439,0
2013-10-13 01:35:00,4053222.6,0.0,4215687.44795521,0
2013-10-13 01:40:00,4201796.4,0.0,4030456.7897398085,0
2013-10-13 01:45:00,4304214.2,0.0,4244796.910359418,0
2013-10-13 01:50:00,4524176.6,0.0,4313485.343970329,0
2013-10-13 01:55:00,4352175.4,0.0,4551542.91263829,0
2013-10-13 02:00:00,4193209.2,0.0,4297945.255137119,0
2013-10-13 02:05:00,4482098.2,0.0,4173049.4050671435,0
2013-10-13 02:10:00,4644432.8,0.0,4535429.3261406245,0
2013-10-13 02:15:00,4435991.6,0.0,4639067.167653537,0
2013-10-13 02:20:00,4417648.0,0.0,4374474.445163026,0
2013-10-13 02:25:00,4486779.6,0.0,4414462.25146491,0
2013-10-13 02:30:00,4538636.0,0.0,4485027.550085554,0
2013-10-13 02:35:00,4461462.4,0.0,4528581.017805725,0
2013-10-13 02:40:00,4468985.0,0.0,4429419.792420901,0
2013-10-13 02:45:00,4612245.8,0.0,4461026.884714261,0
2013-10-13 02:50:00,4484731.4,0.0,4619108.083114537,0
2013-10-13 02:55:00,4642155.2,0.0,4435356.027529689,0
2013-10-13 03:00:00,4893176.2,0.0,4659571.243194037,0
2013-10-13 03:05:00,5549813.8,0.0,4897532.096654247,0
2013-10-13 03:10:00,6179932.6,0.0,5600580.158119053,0
2013-10-13 03:15:00,5105403.4,0.0,6165501.616771878,0
2013-10-13 03:20:00,4451766.6,0.0,4794419.569743851,0
2013-10-13 03:25:00,4481147.0,0.0,4356773.864536146,0
2013-10-13 03:30:00,4694028.6,0.0,4491860.528120173,0
2013-10-13 03:35:00,4430812.4,0.0,4706394.702422835,0
2013-10-13 03:40:00,4501812.4,0.0,4352931.533059627,0
2013-10-13 03:45:00,4637840.2,0.0,4516605.944502477,0
2013-10-13 03:50:00,4893904.4,0.0,4635807.639212436,0
2013-10-13 03:55:00,4580558.0,0.0,4903866.084259916,0
2013-10-13 04:00:00,4631284.0,0.0,4480157.083326837,0
2013-10-13 04:05:00,4510029.8,0.0,4636664.528609975,0
2013-10-13 04:10:00,4531931.8,0.0,4460503.367531966,0
2013-10-13 04:15:00,4951073.2,0.0,4526510.478803326,0
2013-10-13 04:20:00,4744324.6,0.0,4995130.384446681,0
2013-10-13 04:25:00,4864875.0,0.0,4648120.57004836,0
2013-10-13 04:30:00,4681125.8,0.0,4867506.727987034,0
2013-10-13 04:35:00,4368098.8,0.0,4604662.752061341,0
2013-10-13 04:40:00,4687881.2,0.0,4304048.596053247,0
2013-10-13 04:45:00,5001344.0,0.0,4742713.391570395,0
2013-10-13 04:50:00,4618461.8,0.0,5003187.019612893,0
2013-10-13 04:55:00,4584497.4,0.0,4500955.650360849,0
2013-10-13 05:00:00,4755072.8,0.0,4577843.761987657,0
2013-10-13 05:05:00,4852368.4,0.0,4756990.951660335,0
2013-10-13 05:10:00,4795987.8,0.0,4827901.430975674,0
2013-10-13 05:15:00,4832927.0,0.0,4746420.73062281,0
2013-10-13 05:20:00,4690033.4,0.0,4807900.742505985,0
2013-10-13 05:25:00,4729095.2,0.0,4628724.968649639,0
2013-10-13 05:30:00,4726369.6,0.0,4715239.11120875,0
2013-10-13 05:35:00,4429855.8,0.0,4692093.4872964565,0
2013-10-13 05:40:00,4617503.6,0.0,4355133.126564793,0
2013-10-13 05:45:00,4952628.8,0.0,4649656.90013056,0
2013-10-13 05:50:00,4256910.4,0.0,4968459.094073392,0
2013-10-13 05:55:00,4674205.4,0.0,4091589.9542988655,0
2013-10-13 06:00:00,4440490.8,0.0,4776038.366730972,0
2013-10-13 06:05:00,4634800.4,0.0,4348005.592245132,0
2013-10-13 06:10:00,4207472.8,0.0,4671272.855216897,0
2013-10-13 06:15:00,4063905.4,0.0,4103215.7271364043,0
2013-10-13 06:20:00,4231708.6,0.0,4068789.101932345,0
2013-10-13 06:25:00,4443433.0,0.0,4270468.003629729,0
2013-10-13 06:30:00,4569577.8,0.0,4468272.444962188,0
2013-10-13 06:35:00,4232463.6,0.0,4568175.022935767,0
2013-10-13 06:40:00,4530729.6,0.0,4155899.016446728,0
2013-10-13 06:45:00,5188727.4,0.0,4595536.49347461,0
2013-10-13 06:50:00,3816894.8,0.0,5253534.242400766,0
2013-10-13 06:55:00,4050048.6,0.0,3517713.828861123,0
2013-10-13 07:00:00,4632655.0,0.0,4188139.704363889,0
2013-10-13 07:05:00,4331165.4,0.0,4705751.509342037,0
2013-10-13 07:10:00,4256816.4,0.0,4238042.581479952,0
2013-10-13 07:15:00,4514565.0,0.0,4260328.244585427,0
2013-10-13 07:20:00,4231642.8,0.0,4552734.852330625,0
2013-10-13 07:25:00,3996057.0,0.0,4158520.6712359334,0
2013-10-13 07:30:00,3821746.8,0.0,3977676.8370538536,0
2013-10-13 07:35:00,3693434.8,0.0,3818248.937030038,0
2013-10-13 07:40:00,4069099.2,0.0,3706973.114475063,0
2013-10-13 07:45:00,4101726.8,0.0,4166382.5570532335,0
2013-10-13 07:50:00,4205671.8,0.0,4097850.109682376,0
2013-10-13 07:55:00,3989263.6,0.0,4233691.888185268,0
2013-10-13 08:00:00,3828862.0,0.0,3952457.2236267473,0
2013-10-13 08:05:00,3641686.6,0.0,3832292.985373302,0
2013-10-13 08:10:00,3324261.6,0.0,3643985.829966297,0
2013-10-13 08:15:00,3584599.2,0.0,3321064.084133114,0
2013-10-13 08:20:00,3401789.8,0.0,3696259.4734045933,0
2013-10-13 08:25:00,3171775.2,0.0,3398482.7939745374,0
2013-10-13 08:30:00,2938971.8,0.0,3201777.655313012,0
2013-10-13 08:35:00,2675676.2,0.0,2978488.7689362946,0
2013-10-13 08:40:00,2022947.8,0.0,2726143.349256536,0
2013-10-13 08:45:00,2613405.8,0.0,2030933.479599489,0
2013-10-13 08:50:00,3074915.6,0.0,2873296.9048844445,0
2013-10-13 08:55:00,3454406.6,0.0,3211362.5886480827,0
2013-10-13 09:00:00,3953057.8,0.0,3571317.5797792096,0
2013-10-13 09:05:00,4346876.8,0.0,4063777.2066143346,0
2013-10-13 09:10:00,4690494.2,0.0,4404582.687978291,0
2013-10-13 09:15:00,4601621.2,0.0,4722489.99975158,0
2013-10-13 09:20:00,1482509.2,0.0,4546401.348937673,0
2013-10-13 09:25:00,4149789.2,0.0,986243.1616412164,0
2013-10-13 09:30:00,5092226.4,0.0,4888473.075208,0
2013-10-13 09:35:00,4921400.8,0.0,5074411.796422036,0
2013-10-13 09:40:00,4510003.6,0.0,4834219.37095009,0
2013-10-13 09:45:00,4857760.2,0.0,4414805.335323827,0
2013-10-13 09:50:00,4635341.4,0.0,4913227.376356494,0
2013-10-13 09:55:00,4752849.6,0.0,4541237.861288837,0
2013-10-13 10:00:00,4600516.4,0.0,4762886.381758704,0
2013-10-13 10:05:00,4467507.0,0.0,4535787.677017766,0
2013-10-13 10:10:00,4600820.2,0.0,4434732.062244854,0
2013-10-13 10:15:00,4466740.6,0.0,4611996.22663942,0
2013-10-13 10:20:00,4816356.0,0.0,4416230.533302205,0
2013-10-13 10:25:00,4412821.2,0.0,4865098.7767155515,0
2013-10-13 10:30:00,4289461.2,0.0,4295474.72025313,0
2013-10-13 10:35:00,4806912.6,0.0,4284738.778821458,0
2013-10-13 10:40:00,4540884.6,0.0,4884593.133814686,0
2013-10-13 10:45:00,3973230.6,0.0,4438811.298082074,0
2013-10-13 10:50:00,4151312.0,0.0,3886531.452021238,0
2013-10-13 10:55:00,4408599.0,0.0,4219785.631221297,0
2013-10-13 11:00:00,4412467.0,0.0,4439774.274913641,0
2013-10-13 11:05:00,4014711.6,0.0,4393385.995989205,0
2013-10-13 11:10:00,4455661.4,0.0,3944920.002164353,0
2013-10-13 11:15:00,4518165.4,0.0,4557644.877967578,0
2013-10-13 11:20:00,5219553.4,0.0,4488162.109426332,0
2013-10-13 11:25:00,4529007.2,0.0,5313942.5770313,0
2013-10-13 11:30:00,5014467.6,0.0,4325848.806550794,0
2013-10-13 11:35:00,5091716.8,0.0,5114702.125150611,0
2013-10-13 11:40:00,4955261.0,0.0,5021527.226157734,0
2013-10-13 11:45:00,5129745.6,0.0,4885534.399084358,0
2013-10-13 11:50:00,5522536.0,0.0,5118405.215054244,0
2013-10-13 11:55:00,5466070.0,0.0,5518031.101867453,0
2013-10-13 12:00:00,5181228.2,0.0,5360464.280153438,0
2013-10-13 12:05:00,4971070.0,0.0,5068052.168223754,0
2013-10-13 12:10:00,5417314.4,0.0,4893030.180871262,0
2013-10-13 12:15:00,5381120.2,0.0,5448656.703886818,0
2013-10-13 12:20:00,5648711.4,0.0,5278430.790250324,0
2013-10-13 12:25:00,5237271.0,0.0,5626702.161559649,0
2013-10-13 12:30:00,4567196.6,0.0,5071205.95913497,0
2013-10-13 12:35:00,5010997.6,0.0,4426048.85465341,0
2013-10-13 12:40:00,4802090.8,0.0,5087533.423719765,0
2013-10-13 12:45:00,5512044.2,0.0,4693448.492065616,0
2013-10-13 12:50:00,5365367.0,0.0,5604153.991762543,0
2013-10-13 12:55:00,5359112.8,0.0,5224298.9371665185,0
2013-10-13 13:00:00,5206969.0,0.0,5304887.999183109,0
2013-10-13 13:05:00,5441836.6,0.0,5110615.971882531,0
2013-10-13 13:10:00,5013968.8,0.0,5426668.154222388,0
2013-10-13 13:15:00,5087288.8,0.0,4859655.266266037,0
2013-10-13 13:20:00,4889297.0,0.0,5075373.248147753,0
2013-10-13 13:25:00,5113966.2,0.0,4796934.8346206425,0
2013-10-13 13:30:00,5380729.2,0.0,5120669.789475158,0
2013-10-13 13:35:00,5135762.4,0.0,5353798.528704909,0
2013-10-13 13:40:00,5726463.8,0.0,5017104.993256818,0
2013-10-13 13:45:00,5152678.4,0.0,5776872.946548455,0
2013-10-13 13:50:00,5179141.4,0.0,4938833.654387159,0
2013-10-13 13:55:00,5313273.6,0.0,5163109.345937386,0
2013-10-13 14:00:00,4990068.0,0.0,5266113.7610670235,0
2013-10-13 14:05:00,5135694.0,0.0,4869177.523146409,0
2013-10-13 14:10:00,4809917.0,0.0,5129053.49367922,0
2013-10-13 14:15:00,4837499.4,0.0,4692885.469655764,0
2013-10-13 14:20:00,5081224.0,0.0,4825554.840997018,0
2013-10-13 14:25:00,4846339.2,0.0,5076254.558616277,0
2013-10-13 14:30:00,4988007.0,0.0,4747138.406836504,0
2013-10-13 14:35:00,4598591.4,0.0,4986767.189941393,0
2013-10-13 14:40:00,4467228.2,0.0,4481811.927553908,0
2013-10-13 14:45:00,4261252.8,0.0,4446887.510859218,0
2013-10-13 14:50:00,5263430.8,0.0,4217172.193804708,0
2013-10-13 14:55:00,4741242.8,0.0,5427240.322144426,0
2013-10-13 15:00:00,5268673.4,0.0,4544674.042734212,0
2013-10-13 15:05:00,6355621.0,0.0,5357585.651128482,0
2013-10-13 15:10:00,6548625.4,0.0,6424497.21595211,0
2013-10-13 15:15:00,5110530.8,0.0,6400678.725809969,0
2013-10-13 15:20:00,5345068.8,0.0,4745974.163960178,0
2013-10-13 15:25:00,4738408.8,0.0,5399246.877071453,0
2013-10-13 15:30:00,5107021.4,0.0,4547873.434618817,0
2013-10-13 15:35:00,5235458.4,0.0,5170226.65853724,0
2013-10-13 15:40:00,5233619.6,0.0,5174634.607125949,0
2013-10-13 15:45:00,5029582.0,0.0,5171492.837691367,0
2013-10-13 15:50:00,4514236.8,0.0,4936667.577941424,0
2013-10-13 15:55:00,4910708.8,0.0,4396009.9093277175,0
2013-10-13 16:00:00,4712074.4,0.0,4978698.817234127,0
2013-10-13 16:05:00,5420857.4,0.0,4614687.681032484,0
2013-10-13 16:10:00,5476916.2,0.0,5517089.998575974,0
2013-10-13 16:15:00,5125320.0,0.0,5373203.242987698,0
2013-10-13 16:20:00,5001679.4,0.0,5000564.055419784,0
2013-10-13 16:25:00,4980771.6,0.0,4943968.147271677,0
2013-10-13 16:30:00,5543129.2,0.0,4932914.103747706,0
2013-10-13 16:35:00,5178798.4,0.0,5584684.025837156,0
2013-10-13 16:40:00,5374906.8,0.0,5013415.301085973,0
2013-10-13 16:45:00,4965761.2,0.0,5371870.344806298,0
2013-10-13 16:50:00,4625607.6,0.0,4816669.268152437,0
2013-10-13 16:55:00,5155595.2,0.0,4552321.5256954,0
2013-10-13 17:00:00,4758968.4,0.0,5225274.514666258,0
2013-10-13 17:05:00,4846633.6,0.0,4611824.836233839,0
2013-10-13 17:10:00,4966854.2,0.0,4854838.2222224455,0
2013-10-13 17:15:00,4799362.0,0.0,4937450.867847474,0
2013-10-13 17:20:00,5217818.2,0.0,4724992.07418966,0
2013-10-13 17:25:00,4846504.6,0.0,5257192.549353767,0
2013-10-13 17:30:00,4857580.0,0.0,4705502.803769365,0
2013-10-13 17:35:00,5305944.2,0.0,4845820.233802718,0
2013-10-13 17:40:00,5216126.8,0.0,5330998.494193097,0
2013-10-13 17:45:00,5126791.6,0.0,5115152.3731684685,0
2013-10-13 17:50:00,4716540.8,0.0,5061915.302377723,0
2013-10-13 17:55:00,5194275.2,0.0,4600607.176113454,0
2013-10-13 18:00:00,4594784.4,0.0,5258766.743931468,0
2013-10-13 18:05:00,5313192.6,0.0,4414540.125384487,0
2013-10-13 18:10:00,5349453.4,0.0,5439063.331838274,0
2013-10-13 18:15:00,5664016.0,0.0,5244090.65618623,0
2013-10-13 18:20:00,5165652.4,0.0,5652308.821669156,0
2013-10-13 18:25:00,5806009.2,0.0,4982606.387848042,0
2013-10-13 18:30:00,5725820.2,0.0,5876679.131978327,0
2013-10-13 18:35:00,5818352.0,0.0,5577426.396773406,0
2013-10-13 18:40:00,6039204.0,0.0,5753426.667860283,0
2013-10-13 18:45:00,6146104.8,0.0,5967704.4846257195,0
2013-10-13 18:50:00,6520842.0,0.0,6041582.727091895,0
2013-10-13 18:55:00,6414160.0,0.0,6457120.60357181,0
2013-10-13 19:00:00,7121288.0,0.0,6237903.545191814,0
2013-10-13 19:05:00,7733993.2,0.0,7104923.907404368,0
2013-10-13 19:10:00,7171976.0,0.0,7611837.534362493,0
2013-10-13 19:15:00,6572442.0,0.0,6845835.155659226,0
2013-10-13 19:20:00,6669027.2,0.0,6330775.208577085,0
2013-10-13 19:25:00,6541002.6,0.0,6561342.030119093,0
2013-10-13 19:30:00,8036983.2,0.0,6360244.826768327,0
2013-10-13 19:35:00,6780480.0,0.0,8133768.6316364715,0
2013-10-13 19:40:00,7105309.2,0.0,6273219.728556104,0
2013-10-13 19:45:00,6645670.6,0.0,7078313.287510358,0
2013-10-13 19:50:00,7129069.2,0.0,6361573.249242023,0
2013-10-13 19:55:00,6886046.6,0.0,7085318.806006647,0
2013-10-13 20:00:00,7070269.8,0.0,6637456.267890894,0
2013-10-13 20:05:00,7112211.8,0.0,6953663.219931331,0
2013-10-13 20:10:00,6736356.8,0.0,6928987.21479046,0
2013-10-13 20:15:00,6885695.2,0.0,6500785.052064197,0
2013-10-13 20:20:00,6829566.2,0.0,6772174.399341056,0
2013-10-13 20:25:00,6670142.6,0.0,6644640.440740166,0
2013-10-13 20:30:00,6989347.8,0.0,6490075.016518837,0
2013-10-13 20:35:00,7089460.2,0.0,6894312.092391096,0
2013-10-13 20:40:00,7126232.4,0.0,6916441.504041767,0
2013-10-13 20:45:00,7180348.2,0.0,6953777.680247873,0
2013-10-13 20:50:00,7251597.4,0.0,7007620.92936256,0
2013-10-13 20:55:00,7138828.0,0.0,7077427.999751238,0
2013-10-13 21:00:00,7358757.6,0.0,6931104.230471768,0
2013-10-13 21:05:00,6691074.8,0.0,7218827.251263861,0
2013-10-13 21:10:00,7419464.2,0.0,6381508.2741412185,0
2013-10-13 21:15:00,7345692.4,0.0,7415957.486938534,0
2013-10-13 21:20:00,7106381.2,0.0,7091662.95742559,0
2013-10-13 21:25:00,7439340.8,0.0,6890355.345878109,0
2013-10-13 21:30:00,7148265.0,0.0,7321276.372965472,0
2013-10-13 21:35:00,7079349.4,0.0,6885629.55548383,0
2013-10-13 21:40:00,7313239.2,0.0,6906776.174673075,0
2013-10-13 21:45:00,7370054.2,0.0,7171902.260557666,0
2013-10-13 21:50:00,7146604.0,0.0,7176204.527296352,0
2013-10-13 21:55:00,7380294.8,0.0,6917247.559649212,0
2013-10-13 22:00:00,7444886.2,0.0,7246894.084314398,0
2013-10-13 22:05:00,6960113.0,0.0,7245258.954316012,0
2013-10-13 22:10:00,7776972.4,0.0,6685989.758552647,0
2013-10-13 22:15:00,7458856.0,0.0,7758297.895064741,0
2013-10-13 22:20:00,7193220.0,0.0,7143167.696983701,0
2013-10-13 22:25:00,7221732.4,0.0,6978700.43623157,0
2013-10-13 22:30:00,7683360.0,0.0,7049635.7124674115,0
2013-10-13 22:35:00,7346899.6,0.0,7566164.658545769,0
2013-10-13 22:40:00,7728333.2,0.0,7058333.954986742,0
2013-10-13 22:45:00,6895594.8,0.0,7616073.309661666,0
2013-10-13 22:50:00,6637198.0,0.0,6525787.282578316,0
2013-10-13 22:55:00,7011225.4,0.0,6479516.774007026,0
2013-10-13 23:00:00,6560515.6,0.0,6922009.419233456,0
2013-10-13 23:05:00,6638822.6,0.0,6299397.925875692,0
2013-10-13 23:10:00,7921025.0,0.0,6533725.615098175,0
2013-10-13 23:15:00,8124689.4,0.0,7959797.801459252,0
2013-10-13 23:20:00,7346551.8,0.0,7865260.362777775,0
2013-10-13 23:25:00,8111561.6,0.0,6988791.947305385,0
2013-10-13 23:30:00,7575658.4,0.0,8074567.622263705,0
2013-10-13 23:35:00,7198625.2,0.0,7204899.886561596,0
2013-10-13 23:40:00,7964260.4,0.0,6970670.149852507,0
2013-10-13 23:45:00,7547664.0,0.0,7908704.648171395,0
2013-10-13 23:50:00,7988676.2,0.0,7210923.439165838,0
2013-10-13 23:55:00,7788122.6,0.0,7881353.330269003,0
